PVMonth,PVDay,PVHour,TotalkWh,AvgkWh,MaxkWh,MinkWh,ProdkWh62032213_2019,ProdkWh62032213_2020,ProdkWh62032213_2021,ProdkWh62032213_2022,ProdkWh84071567_2019,ProdkWh84071567_2020,ProdkWh84071567_2021,ProdkWh84071567_2022,ProdkWh84071569_2019,ProdkWh84071569_2020,ProdkWh84071569_2021,ProdkWh84071569_2022,ProdkWh84071570_2019,ProdkWh84071570_2020,ProdkWh84071570_2021,ProdkWh84071570_2022
1,1,8,0.15,0.01,0.15,0.0,0.0,0.0,0.0,0.0,0.0,0.0,0.0,0.0,0.0,0.0,0.0,0.0,0.15,0.0,0.0,0.0
1,1,9,7.68,0.48,0.8,0.0,0.8,0.8,0.0,0.8,0.2,0.49,0.29,0.39,0.55,0.28,0.28,0.55,0.45,0.45,0.6,0.75
1,1,10,41.79,2.61,6.99,0.8,6.99,6.59,0.8,4.19,1.08,1.57,1.47,1.37,1.1,1.1,1.1,1.38,5.25,0.9,2.85,4.05
1,1,11,95.36,5.96,11.18,1.8,11.18,10.78,1.8,5.19,6.85,3.13,5.38,5.28,4.41,4.41,4.69,3.31,10.2,3.6,7.05,8.1
1,1,12,130.0,8.12,12.78,2.6,12.78,12.18,2.6,5.59,10.76,5.38,5.67,8.22,8.55,7.72,9.1,8.0,11.55,6.9,5.85,9.15
1,1,13,146.13,9.13,13.38,4.59,13.38,12.98,4.59,8.78,12.42,10.57,6.55,5.97,9.93,9.38,8.0,9.38,11.7,11.4,4.95,6.15
1,1,14,146.2,9.14,12.78,4.14,12.78,12.38,7.79,6.39,11.74,10.57,9.2,7.83,9.93,9.65,4.14,8.55,10.8,9.6,5.4,9.45
1,1,15,104.22,6.51,10.98,2.76,10.98,10.38,7.39,3.19,4.01,4.11,2.84,4.5,8.27,8.0,2.76,6.89,8.7,8.1,7.05,7.05
1,1,16,64.24,4.01,6.07,0.59,5.99,5.79,3.59,4.19,0.59,1.47,1.47,1.47,6.07,5.51,3.86,4.14,5.55,4.35,4.8,5.4
1,1,17,16.17,1.01,2.21,0.39,0.8,0.6,0.6,0.6,0.39,0.68,0.49,0.59,2.21,0.83,0.83,1.1,1.95,1.35,1.95,1.2
1,1,18,0.68,0.04,0.28,0.0,0.0,0.0,0.0,0.0,0.0,0.0,0.1,0.0,0.0,0.28,0.0,0.0,0.15,0.0,0.15,0.0
1,2,8,0.28,0.02,0.28,0.0,0.0,0.0,0.0,0.0,0.0,0.0,0.0,0.0,0.0,0.0,0.0,0.28,0.0,0.0,0.0,0.0
1,2,9,7.77,0.49,1.05,0.0,0.8,0.8,0.6,0.0,0.29,0.2,0.88,0.29,0.55,0.28,0.28,0.55,0.75,0.15,1.05,0.3
1,2,10,37.37,2.34,6.79,0.6,6.79,5.79,6.59,0.6,1.08,0.78,1.47,0.68,0.83,1.38,1.1,0.83,4.65,0.9,3.15,0.75
1,2,11,81.27,5.08,11.18,1.08,11.18,7.99,10.38,1.4,6.65,1.47,6.65,1.08,4.41,3.31,4.69,3.31,5.1,2.25,10.05,1.35
1,2,12,101.97,6.37,12.78,1.35,12.78,10.58,11.18,1.6,10.96,1.47,5.09,2.64,8.55,3.31,9.38,3.58,6.6,2.85,10.05,1.35
1,2,13,111.45,6.97,13.98,1.57,13.98,10.18,13.18,3.99,12.72,1.57,4.79,2.84,9.93,2.48,10.75,5.24,10.65,3.3,3.6,2.25
1,2,14,122.85,7.68,12.98,1.66,12.98,11.38,12.38,3.39,12.03,2.25,8.41,1.66,10.2,2.21,10.48,9.38,10.5,3.0,9.15,3.45
1,2,15,93.27,5.83,11.18,1.38,11.18,7.79,10.38,3.79,4.4,1.86,4.89,1.47,8.82,1.38,8.27,7.44,8.55,2.7,8.1,2.25
1,2,16,50.82,3.18,6.59,0.78,6.59,2.0,4.99,2.99,0.78,1.08,0.98,0.88,6.07,1.1,6.07,4.69,5.4,1.05,4.2,1.95
1,2,17,13.18,0.82,2.48,0.0,1.0,0.0,0.8,0.8,0.39,0.29,0.49,0.2,2.48,0.0,1.1,0.83,1.95,0.15,2.1,0.6
1,2,18,0.9,0.06,0.2,0.0,0.0,0.0,0.0,0.2,0.1,0.1,0.1,0.1,0.0,0.0,0.0,0.0,0.15,0.0,0.15,0.0
1,3,9,7.14,0.45,1.0,0.1,1.0,0.2,0.8,0.6,0.29,0.49,0.2,0.1,0.28,0.55,0.28,0.55,0.3,0.75,0.6,0.15
1,3,10,40.55,2.53,6.99,0.4,6.99,0.4,6.59,5.99,1.57,1.57,1.08,0.68,1.38,1.1,1.1,0.55,1.2,4.35,5.1,0.9
1,3,11,86.65,5.42,11.18,1.27,11.18,1.8,10.38,9.18,3.82,4.89,6.55,1.27,3.03,2.76,4.96,3.58,3.15,7.95,10.2,1.95
1,3,12,129.71,8.11,12.98,1.86,12.98,4.19,12.18,11.38,9.78,7.14,9.68,1.86,3.03,6.62,9.1,7.72,11.1,9.0,11.25,2.7
1,3,13,135.1,8.44,13.78,1.96,13.78,6.79,12.78,11.98,12.33,9.88,7.83,1.96,3.03,2.48,10.48,9.38,11.85,8.85,8.55,3.15
1,3,14,128.14,8.01,13.18,2.48,13.18,6.59,7.39,10.78,11.93,8.41,7.53,2.54,4.69,2.48,10.2,8.82,11.1,10.35,9.3,2.85
1,3,15,91.33,5.71,10.98,1.1,10.98,8.78,10.18,9.38,4.6,3.42,2.05,2.54,5.51,1.1,8.55,7.44,5.1,7.8,1.95,1.95
1,3,16,47.52,2.97,6.59,0.83,6.59,2.0,2.0,5.59,0.98,1.27,2.45,2.35,4.41,0.83,5.79,4.41,3.0,2.1,2.25,1.5
1,3,17,11.68,0.73,1.1,0.28,1.0,0.6,0.6,0.8,0.49,0.39,0.49,0.88,1.1,0.28,1.1,1.1,0.9,0.45,0.75,0.75
1,3,18,0.75,0.05,0.2,0.0,0.0,0.0,0.2,0.0,0.1,0.1,0.1,0.1,0.0,0.0,0.0,0.0,0.0,0.0,0.15,0.0
1,4,9,5.94,0.37,0.8,0.0,0.8,0.6,0.0,0.0,0.29,0.29,0.39,0.29,0.55,0.55,0.55,0.28,0.3,0.45,0.45,0.15
1,4,10,34.15,2.13,6.79,0.29,6.79,6.59,2.4,1.0,1.47,1.37,1.66,0.29,1.1,0.83,1.65,1.65,1.8,3.9,1.35,0.3
1,4,11,73.24,4.58,11.18,0.6,10.78,11.18,4.79,0.6,2.84,6.26,2.93,1.86,4.14,4.14,4.14,2.48,2.7,9.75,3.15,1.5
1,4,12,114.1,7.13,12.18,0.6,12.18,8.19,7.99,0.6,3.91,10.27,8.41,5.09,8.55,8.0,6.62,5.79,4.05,11.4,5.25,7.8
1,4,13,143.04,8.94,14.17,2.2,13.38,14.17,12.78,2.2,5.48,12.13,6.85,10.37,9.93,9.1,7.72,2.48,5.85,11.55,9.15,9.9
1,4,14,133.89,8.37,13.58,2.76,12.78,13.58,12.58,4.39,5.48,11.84,7.63,6.85,9.38,9.65,6.07,2.76,6.45,10.65,3.6,10.2
1,4,15,114.33,7.15,11.18,3.86,10.78,11.18,10.78,7.19,4.01,4.6,4.7,4.01,8.55,8.0,3.86,6.07,7.05,8.7,5.85,9.0
1,4,16,65.28,4.08,6.39,0.78,6.19,6.39,5.99,3.59,1.96,0.78,2.05,1.47,5.79,5.24,4.14,4.14,5.25,5.4,1.5,5.4
1,4,17,17.64,1.1,2.21,0.39,0.8,1.0,0.8,0.8,0.78,0.39,0.59,0.78,2.21,1.38,0.83,0.83,1.8,2.1,0.9,1.65
1,4,18,1.33,0.08,0.28,0.0,0.0,0.2,0.0,0.0,0.1,0.1,0.1,0.1,0.0,0.0,0.0,0.28,0.15,0.15,0.15,0.0
1,5,9,7.08,0.44,1.0,0.15,1.0,0.4,1.0,0.2,0.29,0.29,0.2,0.39,0.55,0.28,0.55,0.28,0.45,0.45,0.6,0.15
1,5,10,45.08,2.82,7.39,0.4,7.39,5.59,6.99,0.4,1.08,1.08,1.08,1.37,0.83,1.38,2.21,0.83,5.1,4.95,2.25,2.55
1,5,11,107.52,6.72,11.78,0.2,11.78,10.98,11.58,0.2,6.75,6.46,6.65,5.38,4.41,2.76,4.14,3.58,10.05,9.9,8.4,4.5
1,5,12,143.13,8.95,13.58,1.0,13.58,13.18,12.98,1.0,10.47,10.27,10.86,4.89,8.82,5.24,6.34,8.0,11.85,11.4,12.0,2.25
1,5,13,158.24,9.89,14.37,0.8,14.37,13.98,13.38,0.8,11.93,12.03,12.62,6.55,10.2,8.27,5.51,8.55,12.0,11.55,12.3,4.2
1,5,14,147.93,9.25,13.98,0.6,13.98,13.38,12.98,0.6,12.42,11.84,12.72,5.67,9.93,9.1,4.14,6.07,10.95,10.65,11.55,1.95
1,5,15,105.88,6.62,11.58,0.4,11.58,11.38,10.98,0.4,5.09,4.89,5.38,4.7,8.82,7.72,2.76,2.48,9.0,8.55,9.3,2.85
1,5,16,60.88,3.8,7.19,0.2,7.19,6.99,6.79,0.2,0.68,0.98,0.68,2.25,6.07,4.96,1.93,2.21,5.85,5.4,6.15,2.55
1,5,17,17.86,1.12,2.76,0.2,1.2,1.2,0.8,0.2,0.49,0.59,0.39,0.29,2.76,1.38,0.83,0.83,2.25,1.95,2.25,0.45
1,5,18,0.8,0.05,0.2,0.0,0.2,0.0,0.0,0.0,0.0,0.1,0.1,0.1,0.0,0.0,0.0,0.0,0.15,0.0,0.15,0.0
1,6,8,0.15,0.01,0.15,0.0,0.0,0.0,0.0,0.0,0.0,0.0,0.0,0.0,0.0,0.0,0.0,0.0,0.0,0.0,0.0,0.15
1,6,9,10.02,0.63,1.0,0.28,1.0,0.8,1.0,1.0,0.29,0.39,0.49,0.29,0.55,0.55,0.83,0.28,0.6,0.6,0.75,0.6
1,6,10,52.92,3.31,7.19,0.83,7.19,6.99,6.99,6.59,1.17,1.17,1.86,1.17,0.83,1.1,2.48,0.83,3.75,3.9,2.25,4.65
1,6,11,119.1,7.44,11.78,2.76,11.78,10.98,11.38,10.38,6.95,6.46,3.91,5.77,4.41,3.86,2.76,3.86,10.35,9.45,7.2,9.6
1,6,12,149.47,9.34,13.78,3.31,13.78,10.98,12.98,11.38,10.96,10.66,3.91,8.12,8.55,7.72,3.31,8.27,11.85,11.25,6.6,9.15
1,6,13,146.08,9.13,14.57,3.86,14.57,8.39,14.17,6.99,12.42,10.76,5.38,3.91,10.2,9.38,3.86,10.2,12.15,10.8,5.55,7.35
1,6,14,144.33,9.02,13.78,3.31,13.78,9.98,13.78,4.19,12.33,7.24,6.16,9.2,9.93,9.38,3.31,9.65,11.1,9.9,7.65,6.75
1,6,15,107.72,6.73,11.98,2.21,11.98,10.58,11.78,2.99,5.48,4.4,3.62,4.99,8.82,8.27,2.21,8.0,9.0,6.6,3.75,5.25
1,6,16,62.52,3.91,7.39,0.55,7.39,5.79,7.39,2.0,0.68,1.57,2.25,1.76,6.34,5.51,0.55,5.24,5.85,5.1,2.1,3.0
1,6,17,17.54,1.1,2.48,0.0,1.2,0.8,1.2,0.6,0.49,0.59,0.59,0.68,2.48,1.38,0.0,1.38,2.25,1.8,0.6,1.5
1,6,18,1.68,0.1,0.28,0.0,0.2,0.0,0.2,0.0,0.1,0.1,0.1,0.1,0.28,0.0,0.0,0.0,0.15,0.15,0.15,0.15
1,7,8,0.28,0.02,0.28,0.0,0.0,0.0,0.0,0.0,0.0,0.0,0.0,0.0,0.0,0.0,0.28,0.0,0.0,0.0,0.0,0.0
1,7,9,8.95,0.56,1.0,0.2,1.0,0.8,0.8,0.8,0.2,0.49,0.39,0.29,0.28,0.55,0.55,0.55,0.6,0.9,0.3,0.45
1,7,10,53.39,3.34,7.19,0.83,7.19,5.39,7.19,6.79,1.17,1.47,1.76,0.98,0.83,0.83,2.21,1.38,5.25,4.5,1.65,4.8
1,7,11,116.45,7.28,11.78,2.84,11.78,10.18,11.38,10.98,7.04,4.5,2.84,6.26,4.41,4.14,4.41,3.58,10.65,7.5,6.6,10.2
1,7,12,169.17,10.57,13.38,7.72,13.38,11.18,13.18,12.78,11.15,9.49,11.05,10.37,8.82,8.0,7.72,8.55,12.15,9.9,10.05,11.4
1,7,13,189.83,11.86,14.37,6.62,14.37,12.18,14.17,13.58,12.82,12.13,13.11,12.62,10.2,9.38,6.62,10.2,12.3,11.55,12.75,11.85
1,7,14,182.77,11.42,13.98,4.69,13.98,12.58,13.38,12.98,12.82,12.13,13.21,12.52,10.2,9.93,4.69,9.65,11.25,10.95,11.85,10.65
1,7,15,133.37,8.34,11.78,2.76,11.78,10.38,11.78,11.18,5.87,5.48,6.16,5.87,8.82,8.27,2.76,8.27,9.3,9.0,9.45,9.0
1,7,16,72.74,4.55,7.59,0.59,7.59,6.99,7.39,7.39,0.59,0.88,0.68,0.68,6.34,5.79,0.83,5.24,6.0,5.7,4.8,5.85
1,7,17,20.45,1.28,2.76,0.28,1.2,1.2,1.2,1.2,0.39,0.59,0.68,0.39,2.76,1.38,0.28,1.38,2.25,2.1,1.35,2.1
1,7,18,1.65,0.1,0.3,0.0,0.2,0.0,0.2,0.0,0.1,0.2,0.1,0.1,0.0,0.0,0.0,0.0,0.15,0.15,0.15,0.3
1,8,9,8.1,0.51,1.0,0.2,1.0,1.0,0.4,1.0,0.2,0.29,0.49,0.2,0.28,0.28,0.28,0.28,0.6,0.6,0.6,0.6
1,8,10,52.09,3.26,7.19,0.83,7.19,6.99,3.79,5.79,1.08,1.17,1.76,1.08,1.1,0.83,0.83,0.83,5.1,4.8,4.8,4.95
1,8,11,113.12,7.07,11.38,1.1,11.38,10.98,10.78,5.99,6.95,6.65,3.23,6.46,4.41,4.41,1.1,3.58,10.5,9.9,6.6,10.2
1,8,12,152.76,9.55,13.58,2.48,13.38,12.58,13.58,6.19,10.96,10.66,5.77,10.66,8.55,8.0,2.48,8.55,12.0,11.25,6.45,11.7
1,8,13,164.62,10.29,14.57,2.21,14.37,13.18,14.57,6.19,12.62,12.33,5.58,12.23,9.93,9.38,2.21,10.48,12.15,11.1,6.3,12.0
1,8,14,160.3,10.02,14.17,2.48,13.58,12.58,14.17,5.19,12.82,12.23,7.24,12.33,9.93,9.1,2.48,9.65,11.25,10.5,6.15,11.1
1,8,15,130.03,8.13,11.98,2.48,11.98,10.98,10.58,9.18,6.16,5.97,6.36,6.75,8.82,8.0,2.48,8.27,9.15,8.7,7.95,8.7
1,8,16,73.67,4.6,7.79,0.59,6.39,6.99,7.79,6.79,0.59,1.37,2.05,2.35,6.34,6.07,1.93,5.51,5.85,5.4,3.9,4.35
1,8,17,21.71,1.36,2.76,0.39,0.8,1.0,1.4,1.4,0.39,0.59,1.08,0.88,2.76,1.38,0.83,1.1,2.25,2.1,2.25,1.5
1,8,18,1.4,0.09,0.3,0.0,0.2,0.2,0.0,0.0,0.1,0.0,0.1,0.2,0.0,0.0,0.0,0.0,0.3,0.0,0.0,0.3
1,9,9,6.83,0.43,1.0,0.0,1.0,0.4,0.2,0.0,0.2,0.39,0.49,0.39,0.55,0.28,0.28,0.55,0.6,0.45,0.75,0.3
1,9,10,31.34,1.96,6.39,0.78,6.39,1.8,1.4,0.8,1.08,0.78,1.66,1.86,0.83,0.83,1.38,0.83,4.8,0.9,4.05,1.95
1,9,11,72.0,4.5,10.58,0.4,10.58,7.19,2.0,0.4,6.65,3.23,2.54,4.11,4.14,4.14,4.69,3.58,10.05,1.65,3.15,3.9
1,9,12,105.17,6.57,12.98,0.8,12.98,4.39,1.4,0.8,10.57,3.13,3.23,8.41,8.82,7.44,9.65,8.55,11.4,4.35,3.6,6.45
1,9,13,116.24,7.26,13.98,1.2,13.98,7.39,1.2,1.4,12.13,2.84,4.79,7.53,9.65,9.1,9.93,10.2,11.85,2.1,4.35,7.8
1,9,14,109.3,6.83,13.18,1.0,13.18,2.99,1.6,1.0,12.23,3.13,8.9,5.48,9.93,6.89,8.82,9.65,10.65,2.55,6.15,6.15
1,9,15,88.45,5.53,11.18,1.0,11.18,1.0,1.0,1.0,6.26,3.82,7.34,2.84,8.82,6.62,8.55,8.27,8.85,3.9,6.6,2.4
1,9,16,52.46,3.28,7.59,0.2,7.59,0.2,0.8,0.6,0.68,2.25,2.45,1.17,6.07,5.79,7.17,5.24,5.7,1.35,4.2,1.2
1,9,17,16.5,1.03,2.76,0.2,1.2,0.2,0.2,0.2,0.49,1.17,0.98,0.39,2.76,1.38,1.65,1.38,2.1,0.3,1.8,0.3
1,9,18,0.9,0.06,0.2,0.0,0.2,0.0,0.0,0.0,0.1,0.2,0.1,0.0,0.0,0.0,0.0,0.0,0.15,0.0,0.15,0.0
1,10,8,0.15,0.01,0.15,0.0,0.0,0.0,0.0,0.0,0.0,0.0,0.0,0.0,0.0,0.0,0.0,0.0,0.0,0.15,0.0,0.0
1,10,9,8.7,0.54,1.0,0.2,1.0,1.0,0.4,0.2,0.2,0.39,0.29,0.49,0.55,0.55,0.83,0.55,0.6,0.6,0.6,0.45
1,10,10,47.11,2.94,7.59,0.83,7.59,6.59,2.2,2.99,0.98,1.27,1.08,1.66,0.83,0.83,1.93,2.21,4.95,4.95,4.8,2.25
1,10,11,108.68,6.79,11.78,2.64,11.78,10.98,4.99,4.79,6.95,6.75,6.85,2.64,4.41,4.14,4.14,4.41,10.35,9.9,10.65,4.95
1,10,12,140.53,8.78,13.58,2.45,13.58,12.78,5.39,2.99,11.05,10.76,11.15,2.45,8.55,8.27,7.72,5.79,12.0,11.55,12.15,4.35
1,10,13,156.41,9.78,14.57,2.25,14.57,13.38,8.19,5.39,12.72,12.72,12.82,2.35,9.65,9.93,10.48,5.51,12.15,11.85,12.45,2.25
1,10,14,164.31,10.27,13.98,2.55,13.98,13.38,13.38,9.18,12.91,13.01,12.62,3.13,9.93,10.2,8.55,7.44,11.4,11.1,11.55,2.55
1,10,15,120.74,7.55,11.98,1.76,11.98,11.38,9.98,7.19,6.95,6.75,5.97,1.76,8.55,8.55,7.17,4.96,9.0,9.0,9.6,1.95
1,10,16,76.02,4.75,8.19,0.78,8.19,7.79,7.79,6.39,0.78,0.98,1.17,1.37,6.07,6.34,4.69,4.96,6.0,5.7,6.3,1.5
1,10,17,21.77,1.36,3.03,0.39,1.4,1.4,1.2,1.0,0.39,0.59,0.49,0.78,3.03,1.38,1.38,1.38,2.25,2.25,2.25,0.6
1,10,18,1.55,0.1,0.3,0.0,0.2,0.0,0.2,0.0,0.1,0.1,0.1,0.1,0.0,0.0,0.0,0.0,0.3,0.15,0.3,0.0
1,11,9,9.08,0.57,1.0,0.2,1.0,1.0,1.0,1.0,0.2,0.29,0.29,0.39,0.28,0.28,0.55,0.55,0.6,0.6,0.6,0.45
1,11,10,53.45,3.34,7.39,0.83,7.39,7.39,7.19,6.99,1.17,1.08,1.08,1.37,0.83,0.83,1.1,0.83,4.95,4.8,5.1,1.35
1,11,11,127.41,7.96,11.58,3.86,11.58,11.38,11.38,11.18,6.95,6.75,6.95,5.97,4.69,4.41,4.96,3.86,10.5,10.5,10.8,5.55
1,11,12,176.55,11.03,13.58,8.27,13.58,13.18,13.38,12.38,11.15,10.96,11.35,9.78,9.1,8.27,9.1,8.27,12.0,11.7,12.45,9.9
1,11,13,195.28,12.2,14.37,9.93,14.37,13.98,14.37,12.38,12.91,12.52,13.11,12.13,10.48,9.93,10.75,10.2,12.15,12.0,12.6,11.4
1,11,14,188.56,11.78,13.78,8.82,13.78,13.58,13.78,12.38,13.21,12.72,13.4,12.03,10.48,9.93,10.2,8.82,11.25,10.95,11.55,10.5
1,11,15,143.89,8.99,11.98,6.89,11.98,10.98,11.78,9.78,7.53,7.14,7.83,7.04,9.1,8.27,8.82,6.89,9.3,9.0,9.75,8.7
1,11,16,83.6,5.22,8.39,0.78,8.19,7.99,8.39,7.39,0.78,0.78,0.78,0.88,6.89,6.07,6.07,5.24,6.0,6.0,6.3,5.85
1,11,17,24.12,1.51,3.03,0.39,1.4,1.2,1.4,1.4,0.39,0.39,0.39,0.49,3.03,1.38,1.65,1.1,2.55,2.4,2.55,2.4
1,11,18,1.58,0.1,0.28,0.0,0.2,0.0,0.2,0.0,0.0,0.1,0.1,0.1,0.0,0.28,0.0,0.0,0.15,0.15,0.15,0.15
1,12,8,0.3,0.02,0.15,0.0,0.0,0.0,0.0,0.0,0.0,0.0,0.0,0.0,0.0,0.0,0.0,0.0,0.15,0.0,0.15,0.0
1,12,9,9.39,0.59,1.2,0.2,1.0,1.0,1.0,1.2,0.29,0.2,0.29,0.2,0.55,0.28,0.55,0.28,0.6,0.75,0.6,0.6
1,12,10,56.15,3.51,7.39,0.83,7.39,6.99,7.39,7.19,1.08,1.17,1.17,0.98,0.83,0.83,1.1,0.83,4.95,4.8,4.95,4.5
1,12,11,131.03,8.19,11.58,3.86,11.58,10.98,11.18,11.18,7.04,6.85,7.04,6.26,4.41,4.14,4.96,3.86,10.65,10.2,10.8,9.9
1,12,12,177.72,11.11,13.58,8.0,13.58,12.38,12.58,13.18,11.35,10.86,11.15,10.47,9.1,8.27,9.1,8.0,12.15,11.7,12.3,11.55
1,12,13,195.33,12.21,14.37,9.65,14.37,13.38,13.58,14.17,12.91,12.52,13.01,12.13,10.2,9.65,11.03,9.93,12.15,12.0,12.6,11.7
1,12,14,189.6,11.85,13.98,9.65,13.98,12.98,12.98,13.58,13.01,12.33,13.21,12.42,10.2,9.93,10.48,9.65,11.4,11.1,11.55,10.8
1,12,15,148.65,9.29,11.78,7.43,11.78,11.18,11.38,11.58,7.73,7.43,8.12,7.53,9.1,8.82,9.1,8.0,9.3,9.0,9.6,9.0
1,12,16,85.14,5.32,8.58,0.78,8.58,7.99,8.19,8.19,0.78,0.88,0.88,0.78,6.62,6.07,6.34,5.24,6.15,6.0,6.6,5.85
1,12,17,25.15,1.57,3.03,0.39,1.4,1.6,1.6,1.4,0.49,0.59,0.49,0.39,3.03,1.65,1.38,1.38,2.4,2.25,2.7,2.4
1,12,18,2.38,0.15,0.3,0.0,0.2,0.2,0.2,0.2,0.1,0.1,0.1,0.1,0.0,0.0,0.28,0.0,0.3,0.15,0.15,0.3
1,13,9,9.44,0.59,1.2,0.2,1.2,0.2,1.0,1.2,0.29,0.49,0.29,0.29,0.55,0.55,0.28,0.55,0.6,0.6,0.75,0.6
1,13,10,50.05,3.13,7.39,0.83,7.39,3.39,7.39,7.19,1.08,1.47,1.27,0.98,0.83,1.38,1.1,0.83,4.8,1.5,4.8,4.65
1,13,11,115.21,7.2,11.38,1.96,11.38,8.39,10.98,10.98,6.85,1.96,6.75,6.46,4.41,3.86,4.96,3.58,10.5,3.75,10.2,10.2
1,13,12,159.92,9.99,13.58,4.01,13.58,9.78,12.38,12.58,10.76,4.01,10.66,10.86,9.1,7.44,9.1,8.27,12.15,5.7,11.7,11.85
1,13,13,180.71,11.29,14.37,5.18,14.37,12.98,13.18,13.58,12.82,5.18,12.42,12.42,10.48,8.55,11.03,10.2,12.3,7.05,12.3,11.85
1,13,14,180.16,11.26,13.58,7.43,13.58,12.18,12.78,12.98,13.01,7.43,12.42,12.72,10.2,9.1,10.48,9.93,11.25,10.2,11.25,10.65
1,13,15,142.03,8.88,11.98,3.03,11.98,11.58,11.18,11.18,8.22,3.03,8.02,8.02,9.1,8.55,8.82,8.0,9.45,7.5,9.0,8.4
1,13,16,85.23,5.33,8.39,0.88,8.19,7.19,8.19,8.39,0.88,2.45,1.17,0.98,6.62,6.07,6.34,5.51,6.15,5.4,5.55,6.15
1,13,17,25.27,1.58,3.31,0.39,1.6,1.4,1.6,1.4,0.39,0.78,0.59,0.49,3.31,1.38,1.65,1.38,2.55,2.1,2.25,2.4
1,13,18,2.41,0.15,0.3,0.0,0.2,0.0,0.0,0.2,0.1,0.1,0.1,0.1,0.0,0.28,0.28,0.0,0.3,0.15,0.3,0.3
1,14,8,0.1,0.01,0.1,0.0,0.0,0.0,0.0,0.0,0.1,0.0,0.0,0.0,0.0,0.0,0.0,0.0,0.0,0.0,0.0,0.0
1,14,9,9.42,0.59,1.0,0.2,1.0,0.2,1.0,1.0,0.2,0.49,0.49,0.29,0.55,0.55,0.55,0.55,0.6,0.6,0.75,0.6
1,14,10,45.89,2.87,7.19,0.8,6.79,0.8,6.39,7.19,1.27,1.17,2.05,1.27,0.83,1.1,1.1,1.38,4.65,1.8,3.3,4.8
1,14,11,100.1,6.26,10.98,1.1,10.98,1.8,10.18,10.58,6.85,1.27,6.16,5.87,4.41,1.1,4.96,4.14,10.05,1.35,10.65,9.75
1,14,12,128.12,8.01,12.98,0.55,12.98,2.4,11.98,12.38,10.76,3.62,6.75,8.51,8.82,0.55,9.1,7.72,11.4,2.7,10.35,8.1
1,14,13,156.89,9.81,13.78,1.47,13.78,9.18,12.78,13.58,12.23,1.47,12.91,12.13,10.2,3.58,11.03,7.72,11.55,2.25,10.95,11.55
1,14,14,152.87,9.55,13.7,0.83,12.98,11.38,12.18,12.78,12.42,1.57,13.7,11.15,10.48,0.83,10.48,8.27,10.5,2.7,10.5,10.95
1,14,15,121.66,7.6,11.38,0.83,11.38,9.58,10.58,10.98,8.22,0.98,8.9,7.14,9.1,0.83,8.82,8.0,8.4,1.8,9.15,7.8
1,14,16,67.43,4.21,8.39,0.83,8.39,2.4,7.39,5.99,1.17,0.88,1.57,1.86,6.62,0.83,6.34,5.24,5.4,2.7,6.45,4.2
1,14,17,22.94,1.43,3.03,0.4,1.6,0.4,1.4,1.8,0.59,0.59,0.68,1.37,3.03,1.1,1.65,1.38,2.1,0.6,2.7,1.95
1,14,18,1.72,0.11,0.3,0.0,0.2,0.0,0.0,0.0,0.1,0.0,0.1,0.29,0.28,0.0,0.0,0.0,0.3,0.0,0.15,0.3
1,15,8,0.28,0.02,0.28,0.0,0.0,0.0,0.0,0.0,0.0,0.0,0.0,0.0,0.0,0.0,0.28,0.0,0.0,0.0,0.0,0.0
1,15,9,7.48,0.47,1.2,0.0,0.6,0.0,1.2,0.8,0.49,0.2,0.29,0.29,0.28,0.55,0.28,0.55,0.3,0.3,0.75,0.6
1,15,10,39.51,2.47,7.39,0.4,3.79,0.4,7.39,2.4,1.96,0.68,1.08,1.17,1.1,2.48,1.38,2.48,2.25,2.1,4.35,4.5
1,15,11,82.77,5.17,11.18,0.88,10.58,1.4,11.18,4.19,4.7,0.88,6.65,4.01,4.41,3.58,4.96,3.58,4.65,2.25,9.6,6.15
1,15,12,110.23,6.89,12.58,1.37,12.58,2.99,12.58,8.78,4.4,1.37,10.37,3.13,8.55,4.96,9.1,7.72,6.45,2.55,11.4,3.3
1,15,13,131.91,8.24,13.98,3.62,13.18,3.79,13.98,12.58,4.21,3.62,12.13,3.82,9.93,7.17,10.75,8.55,8.25,4.35,11.85,3.75
1,15,14,123.42,7.71,13.18,2.2,13.18,2.2,12.78,5.99,4.79,4.4,12.62,2.93,9.93,9.38,10.48,7.44,5.85,5.55,10.95,4.95
1,15,15,98.77,6.17,11.38,1.4,10.98,1.4,11.38,10.38,4.21,3.52,9.1,2.15,8.0,7.17,8.82,2.76,4.05,3.15,9.0,2.7
1,15,16,64.83,4.05,8.39,1.08,7.99,4.19,8.39,5.99,1.66,1.76,1.27,1.08,4.96,6.07,6.34,1.93,2.25,3.3,6.0,1.65
1,15,17,19.01,1.19,2.4,0.4,1.4,0.4,1.8,1.6,0.49,0.49,0.59,0.78,1.1,1.93,1.65,1.38,0.6,1.2,2.4,1.2
1,15,18,1.89,0.12,0.3,0.0,0.0,0.0,0.2,0.2,0.0,0.0,0.1,0.1,0.28,0.28,0.28,0.0,0.0,0.0,0.3,0.15
1,16,9,9.38,0.59,1.2,0.1,0.2,1.0,1.2,1.0,0.1,0.29,0.39,0.59,0.55,0.55,0.28,0.83,0.15,0.75,0.75,0.75
1,16,10,41.61,2.6,7.59,0.59,0.8,4.19,7.59,5.79,0.59,0.98,1.27,1.66,1.1,1.38,1.38,1.38,0.6,4.35,4.8,3.75
1,16,11,77.42,4.84,11.38,0.88,1.2,8.78,11.38,8.19,0.88,2.15,6.85,2.54,4.41,1.65,4.96,3.58,1.35,7.35,10.5,1.65
1,16,12,99.34,6.21,12.98,1.2,1.2,8.19,12.98,9.58,2.15,1.66,10.96,1.96,8.55,4.14,9.1,7.72,1.95,4.2,12.15,2.85
1,16,13,116.47,7.28,13.58,1.4,1.4,5.99,13.58,10.18,2.93,2.15,12.62,3.33,10.2,5.51,10.75,9.93,3.3,3.75,12.3,8.55
1,16,14,128.15,8.01,13.18,2.25,2.6,4.39,13.18,11.78,2.25,2.74,12.72,9.2,9.93,9.65,10.48,9.38,3.6,5.4,11.7,9.15
1,16,15,103.0,6.44,11.58,1.5,2.6,4.39,11.58,9.98,1.76,1.96,9.49,8.12,8.55,8.55,9.1,7.72,1.5,1.65,9.45,6.6
1,16,16,60.99,3.81,8.58,0.49,1.0,2.8,8.58,7.39,0.68,0.49,1.37,2.45,5.79,5.24,6.34,5.51,1.05,0.6,6.6,5.1
1,16,17,19.18,1.2,2.7,0.0,0.2,0.0,2.0,1.6,0.88,0.1,0.59,1.27,2.48,1.93,1.65,1.38,0.45,0.15,2.7,1.8
1,16,18,2.14,0.13,0.3,0.0,0.0,0.0,0.2,0.0,0.1,0.1,0.1,0.2,0.0,0.28,0.28,0.28,0.0,0.0,0.3,0.3
1,17,9,10.3,0.64,1.4,0.28,0.8,0.4,1.4,1.2,0.49,0.49,0.29,0.29,0.55,0.83,0.28,0.28,0.9,0.75,0.75,0.6
1,17,10,49.81,3.11,7.59,0.83,6.79,2.0,7.59,7.59,1.47,1.47,1.37,1.27,1.1,1.65,1.38,0.83,4.65,1.65,4.65,4.35
1,17,11,113.95,7.12,11.18,3.6,9.78,5.59,10.98,11.18,5.38,5.77,7.04,6.36,4.69,3.86,4.96,3.86,10.35,3.6,10.5,10.05
1,17,12,149.87,9.37,12.98,4.96,7.39,5.59,12.58,12.98,7.14,7.63,10.96,10.47,4.96,6.62,9.38,8.27,11.85,10.35,12.15,11.55
1,17,13,167.76,10.49,13.98,5.51,10.38,9.78,13.38,13.98,8.8,8.71,12.33,12.42,5.51,6.07,10.75,10.2,11.1,10.8,11.55,12.0
1,17,14,168.58,10.54,14.57,4.96,14.57,7.59,12.98,13.58,12.82,7.92,12.62,12.52,4.96,7.44,10.2,9.38,9.9,9.45,11.4,11.25
1,17,15,142.43,8.9,11.78,5.99,11.78,5.99,11.18,11.78,9.98,6.65,9.59,9.49,6.07,8.27,8.55,8.0,9.15,7.65,9.15,9.15
1,17,16,83.86,5.24,8.98,1.47,7.79,5.59,8.39,8.98,1.57,2.84,1.47,1.57,4.14,5.79,5.79,5.79,6.3,5.4,6.6,5.85
1,17,17,24.63,1.54,2.7,0.68,1.4,0.8,2.2,2.2,0.68,0.98,0.68,0.78,1.1,1.65,1.93,1.38,2.7,1.35,2.55,2.25
1,17,18,3.04,0.19,0.45,0.0,0.2,0.0,0.2,0.0,0.1,0.1,0.2,0.2,0.0,0.28,0.28,0.28,0.3,0.15,0.45,0.3
1,18,8,0.2,0.01,0.2,0.0,0.0,0.0,0.0,0.2,0.0,0.0,0.0,0.0,0.0,0.0,0.0,0.0,0.0,0.0,0.0,0.0
1,18,9,9.18,0.57,1.2,0.0,0.4,0.0,1.2,1.2,0.39,0.49,0.29,0.29,0.28,0.28,0.83,0.83,0.9,0.3,0.75,0.75
1,18,10,46.5,2.91,7.79,0.6,2.0,0.6,7.59,7.79,1.47,1.86,1.47,1.27,1.1,1.65,1.1,1.65,4.65,3.15,4.65,4.5
1,18,11,102.46,6.4,11.18,0.8,2.6,0.8,10.78,11.18,6.36,4.89,6.95,6.46,4.69,1.93,4.69,3.03,9.15,8.1,10.65,10.2
1,18,12,132.11,8.26,12.98,1.0,2.2,1.0,12.38,12.98,6.16,7.43,11.05,10.66,9.1,2.48,9.65,6.07,8.85,8.4,12.0,11.7
1,18,13,141.66,8.85,13.38,1.4,2.4,1.4,13.18,13.38,4.01,10.47,12.72,12.13,9.65,1.93,10.2,7.44,7.8,10.5,12.45,12.0
1,18,14,136.98,8.56,12.98,1.93,2.0,2.8,12.98,12.78,5.97,9.0,12.91,12.33,9.93,1.93,9.93,8.27,4.5,9.3,11.4,10.95
1,18,15,117.65,7.35,11.38,1.6,1.6,5.39,11.38,10.18,2.45,9.49,10.27,9.78,9.38,4.14,8.82,7.17,2.85,5.85,9.75,9.15
1,18,16,69.63,4.35,8.58,0.8,1.4,0.8,8.58,7.39,1.37,3.13,1.66,1.57,6.62,4.96,6.34,4.96,1.05,7.05,6.6,6.15
1,18,17,23.81,1.49,3.31,0.4,0.4,0.4,2.2,2.0,0.78,0.98,0.59,0.49,3.31,1.1,1.93,1.38,0.45,2.4,2.85,2.55
1,18,18,3.37,0.21,0.3,0.0,0.0,0.2,0.2,0.2,0.1,0.1,0.2,0.2,0.28,0.28,0.28,0.28,0.15,0.3,0.3,0.3
1,19,8,0.1,0.01,0.1,0.0,0.0,0.0,0.0,0.0,0.0,0.1,0.0,0.0,0.0,0.0,0.0,0.0,0.0,0.0,0.0,0.0
1,19,9,8.49,0.53,1.4,0.0,0.0,1.2,1.2,1.4,0.1,0.29,0.0,0.29,1.1,0.28,0.28,0.55,0.15,0.75,0.15,0.75
1,19,10,37.93,2.37,7.59,0.39,0.8,7.59,3.39,7.59,0.39,1.47,0.39,1.27,1.93,1.1,0.83,0.83,0.6,4.5,0.75,4.5
1,19,11,87.88,5.49,11.18,0.8,0.8,11.18,6.39,11.18,3.52,7.04,1.37,6.65,2.21,4.41,1.65,3.58,5.25,10.35,2.25,10.05
1,19,12,113.41,7.09,13.38,1.0,1.0,13.38,5.19,13.38,2.15,11.35,1.66,10.76,2.21,9.1,3.31,8.27,4.2,11.85,3.9,11.7
1,19,13,129.7,8.11,14.57,0.6,0.6,14.57,11.38,13.98,2.74,13.01,2.35,12.42,3.86,10.2,4.69,10.2,1.8,12.15,3.75,12.0
1,19,14,129.32,8.08,14.17,0.6,0.6,14.17,11.78,13.78,2.45,13.3,2.84,12.62,6.07,10.75,3.86,9.65,1.65,11.55,3.0,11.25
1,19,15,104.24,6.52,12.18,0.6,0.6,12.18,6.59,11.78,1.76,10.76,2.64,9.98,6.07,9.1,2.76,8.27,1.05,9.45,2.1,9.15
1,19,16,58.24,3.64,9.38,0.45,1.0,9.38,3.39,9.18,0.59,1.57,0.88,1.86,1.93,6.89,1.38,5.79,0.45,6.6,1.05,6.3
1,19,17,21.28,1.33,2.85,0.39,0.4,2.4,1.6,2.4,0.59,0.39,0.59,0.68,1.65,1.93,0.55,1.65,0.6,2.85,0.45,2.55
1,19,18,2.13,0.13,0.3,0.0,0.0,0.2,0.2,0.2,0.1,0.2,0.1,0.1,0.0,0.28,0.0,0.0,0.15,0.3,0.0,0.3
1,20,9,9.81,0.61,1.4,0.0,1.4,1.4,0.0,1.4,0.68,0.29,0.39,0.29,0.28,0.28,0.0,0.55,0.75,0.3,0.9,0.9
1,20,10,46.77,2.92,7.79,0.8,7.79,7.59,0.8,7.79,1.66,1.08,0.88,1.37,1.1,0.83,0.83,1.1,3.75,3.3,2.25,4.65
1,20,11,99.15,6.2,11.58,0.6,11.38,11.58,0.6,11.38,5.48,6.85,3.72,6.65,4.96,4.96,1.93,3.86,4.5,7.2,3.75,10.35
1,20,12,138.19,8.64,13.38,1.0,10.98,13.38,1.0,13.18,6.85,8.02,4.7,10.96,9.38,8.82,6.07,8.55,7.95,10.95,5.55,11.85
1,20,13,163.61,10.23,14.97,1.6,9.58,14.97,1.6,13.78,11.45,13.3,4.11,12.52,11.03,10.2,8.27,10.2,12.0,12.75,5.7,12.15
1,20,14,153.62,9.6,14.77,0.4,4.79,14.77,0.4,13.78,10.08,13.4,3.82,12.72,11.58,11.03,7.72,9.93,11.1,11.85,5.25,11.4
1,20,15,124.03,7.75,11.98,1.6,3.59,6.59,1.6,11.98,8.61,10.96,3.62,10.76,9.93,8.0,6.07,8.27,9.3,9.75,5.55,9.45
1,20,16,75.61,4.73,8.98,1.0,4.79,8.39,1.0,8.98,2.35,1.86,1.86,1.86,8.0,3.86,4.69,6.07,6.6,6.6,2.25,6.45
1,20,17,27.35,1.71,3.58,0.0,2.8,1.6,0.0,2.8,0.59,0.59,1.57,0.49,3.58,0.55,1.38,1.65,3.15,2.85,0.9,2.85
1,20,18,3.43,0.21,0.45,0.0,0.2,0.2,0.2,0.2,0.1,0.1,0.29,0.1,0.28,0.28,0.28,0.0,0.45,0.3,0.15,0.3
1,21,8,0.53,0.03,0.28,0.0,0.0,0.0,0.0,0.0,0.1,0.0,0.0,0.0,0.0,0.0,0.28,0.0,0.0,0.15,0.0,0.0
1,21,9,10.56,0.66,1.6,0.0,1.4,1.2,0.0,1.6,0.29,0.29,0.68,0.29,0.28,0.28,0.55,0.55,0.9,0.75,0.6,0.9
1,21,10,49.93,3.12,7.99,0.2,7.99,6.79,0.2,7.99,1.47,1.47,1.76,1.37,1.1,0.83,1.93,0.83,4.8,4.65,2.25,4.5
1,21,11,109.07,6.82,11.58,0.4,11.38,9.18,0.4,11.58,7.04,7.04,3.82,6.65,5.24,4.69,3.86,4.14,10.65,10.5,2.55,10.35
1,21,12,152.17,9.51,13.58,0.6,13.18,13.58,0.6,13.58,11.45,11.25,4.7,11.15,9.38,8.27,5.51,8.27,12.3,12.15,4.95,11.85
1,21,13,154.7,9.67,14.37,0.8,13.38,9.38,0.8,14.37,13.5,12.91,2.84,12.62,11.03,7.72,6.07,10.48,12.45,12.3,2.7,12.15
1,21,14,146.78,9.17,13.79,0.8,9.18,8.98,0.8,12.78,13.79,13.11,2.35,12.82,11.03,9.1,6.34,10.2,11.7,11.55,1.65,11.4
1,21,15,127.62,7.98,11.78,0.8,11.78,7.59,0.8,10.98,11.74,11.05,1.76,10.86,9.93,8.55,3.58,8.55,9.75,9.75,1.5,9.45
1,21,16,65.26,4.08,8.98,0.6,8.98,1.4,0.6,3.39,2.15,2.64,1.17,2.05,7.44,6.89,2.21,5.79,6.75,6.45,0.9,6.45
1,21,17,25.47,1.59,3.31,0.3,2.6,0.6,0.6,1.2,0.49,0.98,0.39,0.49,3.31,1.93,1.93,1.65,3.0,3.15,0.3,2.85
1,21,18,3.54,0.22,0.45,0.0,0.4,0.0,0.0,0.4,0.2,0.2,0.1,0.2,0.28,0.0,0.28,0.28,0.3,0.45,0.0,0.45
1,22,8,0.28,0.02,0.28,0.0,0.0,0.0,0.0,0.0,0.0,0.0,0.0,0.0,0.0,0.0,0.28,0.0,0.0,0.0,0.0,0.0
1,22,9,10.66,0.67,1.6,0.2,0.4,0.2,0.2,1.6,0.68,0.68,0.68,0.29,1.1,0.28,0.55,0.55,0.6,1.05,0.9,0.9
1,22,10,37.76,2.36,7.99,0.0,1.2,1.6,0.0,7.99,1.86,2.15,2.05,1.37,1.1,0.83,1.93,0.83,3.3,3.15,3.75,4.65
1,22,11,82.64,5.16,11.78,0.2,2.2,7.19,0.2,11.78,3.13,3.82,6.36,6.85,1.93,0.83,4.96,4.14,4.8,6.75,7.35,10.35
1,22,12,107.14,6.7,13.78,0.83,1.4,8.58,3.79,13.78,4.6,4.89,9.39,11.15,2.76,0.83,6.07,8.55,6.45,4.35,8.55,12.0
1,22,13,120.6,7.54,14.57,1.2,1.2,11.78,3.59,14.57,4.21,4.01,8.8,12.82,6.07,3.31,8.82,8.27,7.8,3.9,9.15,12.3
1,22,14,101.3,6.33,14.17,0.6,0.6,6.59,1.6,14.17,3.72,2.35,7.92,13.21,5.51,1.93,6.62,9.93,4.8,3.15,7.65,11.55
1,22,15,82.36,5.15,12.18,0.4,0.4,3.79,2.4,12.18,3.82,2.54,4.5,11.25,7.44,1.65,8.27,7.17,3.3,1.2,3.0,9.45
1,22,16,49.14,3.07,9.18,0.6,0.6,1.0,2.6,9.18,2.64,1.37,2.54,2.45,1.93,1.1,6.07,5.51,2.1,1.5,2.1,6.45
1,22,17,21.2,1.32,2.99,0.39,0.8,0.4,0.8,2.99,1.27,0.39,1.37,0.59,1.93,0.83,2.48,1.65,0.9,0.45,1.5,2.85
1,22,18,1.86,0.12,0.45,0.0,0.0,0.0,0.0,0.2,0.2,0.0,0.2,0.1,0.28,0.0,0.0,0.28,0.0,0.0,0.15,0.45
1,23,8,0.43,0.03,0.28,0.0,0.0,0.0,0.0,0.0,0.0,0.0,0.0,0.0,0.0,0.28,0.0,0.0,0.15,0.0,0.0,0.0
1,23,9,8.1,0.51,1.8,0.0,0.2,0.2,0.0,1.8,0.39,0.1,0.39,0.59,0.55,0.28,1.1,0.55,0.3,0.15,0.75,0.75
1,23,10,30.65,1.92,7.99,0.0,0.4,1.0,0.0,7.99,2.15,0.39,1.37,1.76,1.65,1.38,1.93,1.93,2.55,0.6,1.35,4.2
1,23,11,61.65,3.85,10.98,0.6,0.6,1.8,0.8,10.98,6.26,0.78,2.15,5.77,4.41,3.31,4.41,3.58,6.0,1.2,1.2,8.4
1,23,12,93.58,5.85,12.78,0.6,0.6,9.38,1.2,12.78,7.34,1.17,2.64,9.59,9.1,5.51,6.62,8.0,4.5,3.9,1.05,10.2
1,23,13,110.69,6.92,13.58,1.05,3.39,10.38,1.2,13.58,8.8,3.23,1.96,10.86,10.2,8.0,6.89,9.1,5.85,5.4,1.05,10.8
1,23,14,97.86,6.12,13.38,0.8,4.59,2.8,0.8,13.38,5.28,3.13,2.25,10.96,6.07,9.38,9.1,7.17,7.2,4.5,1.2,10.05
1,23,15,81.53,5.1,11.38,0.4,3.39,1.0,0.4,11.38,3.91,8.9,1.66,9.39,2.76,7.44,4.41,4.69,4.2,8.4,1.35,8.25
1,23,16,46.68,2.92,8.78,0.4,2.8,0.4,0.4,8.78,2.25,2.84,0.78,3.62,2.21,4.14,1.65,3.31,2.55,4.65,0.9,5.4
1,23,17,19.7,1.23,2.99,0.0,1.4,0.2,0.0,2.99,0.88,1.08,0.39,1.57,2.21,1.1,1.1,1.38,1.8,1.05,0.45,2.1
1,23,18,2.96,0.18,0.4,0.0,0.0,0.0,0.0,0.4,0.1,0.2,0.1,0.29,0.28,0.28,0.28,0.28,0.15,0.3,0.0,0.3
1,24,9,8.53,0.53,1.8,0.1,0.2,0.4,0.2,1.8,0.1,0.2,0.68,0.49,0.55,0.28,0.83,0.55,0.15,0.15,1.05,0.9
1,24,10,37.39,2.34,7.59,0.39,1.4,6.39,1.2,7.59,0.39,0.39,2.15,1.76,1.38,0.83,1.93,1.93,1.65,1.2,3.0,4.2
1,24,11,76.33,4.77,10.98,0.68,6.39,7.99,2.99,10.98,3.23,0.68,3.42,5.97,4.41,1.1,4.41,3.31,6.15,0.9,5.55,8.85
1,24,12,110.45,6.9,12.78,0.83,12.58,6.59,4.79,12.78,5.28,1.08,6.16,10.08,8.55,0.83,6.62,3.31,11.4,1.8,7.95,10.65
1,24,13,119.09,7.44,13.18,0.55,10.98,12.78,4.99,13.18,4.99,1.76,4.99,11.64,10.75,0.55,7.44,4.14,10.65,2.25,6.75,11.25
1,24,14,123.99,7.75,13.18,1.1,10.98,11.38,5.39,13.18,2.93,1.66,7.43,11.74,10.48,1.1,6.07,9.1,12.75,2.25,7.05,10.5
1,24,15,94.34,5.9,11.38,1.1,10.38,7.19,2.0,11.38,1.86,1.47,4.79,10.27,8.82,1.1,6.07,4.41,9.6,1.2,5.25,8.55
1,24,16,57.76,3.61,8.98,0.55,8.78,2.6,1.2,8.98,1.57,1.17,2.74,3.42,5.51,0.55,3.58,2.21,6.15,1.05,2.4,5.85
1,24,17,24.77,1.55,3.59,0.28,3.59,1.2,0.4,2.99,0.78,0.88,0.98,1.08,3.31,0.28,1.38,0.55,3.3,0.75,1.05,2.25
1,24,18,3.11,0.19,0.6,0.0,0.4,0.0,0.0,0.4,0.2,0.2,0.1,0.2,0.28,0.0,0.28,0.0,0.6,0.15,0.15,0.15
1,25,9,11.27,0.7,2.0,0.0,2.0,0.4,0.0,1.8,0.29,0.2,0.49,0.49,0.55,1.1,0.55,0.55,1.05,0.15,0.6,1.05
1,25,10,44.21,2.76,8.39,0.0,8.39,1.6,0.0,7.79,1.57,0.68,1.57,1.76,0.83,2.21,2.48,1.38,5.25,1.05,3.0,4.65
1,25,11,99.27,6.2,11.78,0.6,11.78,5.39,0.6,11.38,7.53,3.13,2.25,6.36,5.24,5.79,3.86,3.86,10.5,5.85,6.0,9.75
1,25,12,141.38,8.84,13.58,0.4,13.58,12.38,0.4,12.98,11.45,9.39,2.25,10.57,9.1,7.72,4.14,8.27,12.0,9.6,6.0,11.55
1,25,13,151.52,9.47,14.77,0.8,14.77,11.78,0.8,13.58,12.82,8.32,2.45,12.03,10.2,10.75,5.24,9.93,12.3,9.3,5.4,11.85
1,25,14,147.52,9.22,14.17,0.8,14.17,7.39,0.8,13.38,13.01,8.02,1.57,12.23,10.75,6.62,8.55,9.93,11.55,11.4,6.9,11.25
1,25,15,117.27,7.33,12.38,0.6,12.38,6.39,0.6,12.18,11.93,4.21,1.76,11.25,9.38,3.03,6.89,7.72,9.75,7.8,2.7,9.3
1,25,16,69.29,4.33,9.58,0.4,9.58,1.4,0.4,9.18,3.23,3.52,1.17,3.42,7.44,1.1,4.96,4.69,6.75,4.05,1.95,6.45
1,25,17,28.57,1.79,3.86,0.2,3.79,1.2,0.2,3.39,0.59,1.08,0.49,0.88,3.86,1.38,1.38,1.93,3.0,1.8,0.75,2.85
1,25,18,4.11,0.26,0.45,0.0,0.4,0.0,0.0,0.4,0.1,0.2,0.1,0.29,0.28,0.28,0.28,0.28,0.45,0.45,0.15,0.45
1,26,8,0.15,0.01,0.15,0.0,0.0,0.0,0.0,0.0,0.0,0.0,0.0,0.0,0.0,0.0,0.0,0.0,0.15,0.0,0.0,0.0
1,26,9,10.64,0.66,2.0,0.0,2.0,0.4,0.0,2.0,0.29,0.39,0.39,0.39,0.55,0.55,0.55,0.28,0.75,0.75,0.6,0.75
1,26,10,48.62,3.04,8.39,0.8,8.39,5.19,0.8,7.99,1.76,1.96,0.88,1.66,1.1,1.38,1.65,2.21,5.4,2.25,1.35,4.65
1,26,11,100.04,6.25,11.38,0.6,11.18,9.58,0.6,11.38,7.73,5.67,2.35,6.36,5.24,4.41,3.58,3.31,10.65,6.0,2.4,9.6
1,26,12,138.17,8.64,13.18,1.0,12.98,11.18,1.0,13.18,11.64,8.71,2.93,10.17,9.38,8.0,3.86,6.89,12.0,11.55,5.7,9.0
1,26,13,137.2,8.57,13.98,1.0,13.98,8.39,1.0,13.58,12.91,6.26,4.79,11.84,10.48,7.17,5.24,4.96,12.45,12.0,5.4,6.75
1,26,14,135.41,8.46,13.78,1.0,13.78,3.59,1.0,13.18,12.82,11.05,2.84,10.08,10.75,4.69,6.34,5.24,11.55,11.25,6.75,10.5
1,26,15,120.92,7.56,11.98,0.8,11.98,4.79,0.8,11.58,11.74,8.22,2.45,11.05,9.93,5.24,7.17,7.17,9.75,5.55,4.35,9.15
1,26,16,79.68,4.98,8.78,0.4,8.78,4.59,0.4,8.39,3.52,2.84,0.98,3.91,7.44,6.89,3.03,5.51,6.75,6.0,4.35,6.3
1,26,17,29.08,1.82,4.14,0.2,3.79,1.0,0.2,3.19,0.68,0.88,0.68,0.98,4.14,1.1,1.38,2.21,3.0,2.85,0.3,2.7
1,26,18,4.03,0.25,0.45,0.0,0.4,0.0,0.0,0.4,0.2,0.2,0.2,0.29,0.28,0.28,0.28,0.0,0.45,0.45,0.15,0.45
1,27,8,0.1,0.01,0.1,0.0,0.0,0.0,0.0,0.0,0.0,0.1,0.0,0.0,0.0,0.0,0.0,0.0,0.0,0.0,0.0,0.0
1,27,9,8.49,0.53,1.0,0.0,0.4,0.0,0.0,1.0,0.68,0.39,0.59,0.29,0.55,0.83,0.83,0.83,0.75,0.45,0.3,0.6
1,27,10,37.66,2.35,7.19,0.4,7.19,0.4,0.4,6.79,2.05,1.66,1.86,1.47,1.1,2.48,1.65,2.21,2.85,1.2,1.2,3.15
1,27,11,79.95,5.0,11.38,0.6,11.38,0.6,0.6,10.58,6.46,5.09,2.54,6.46,5.51,2.48,5.51,4.14,5.4,2.1,2.1,9.0
1,27,12,93.33,5.83,12.98,1.0,12.98,1.0,1.4,12.38,4.3,2.93,2.15,9.59,6.34,2.76,9.1,8.0,3.45,4.95,2.1,9.9
1,27,13,109.84,6.87,14.77,1.0,14.77,1.0,2.2,13.38,6.85,3.03,1.96,11.84,4.96,5.79,10.48,10.48,5.25,4.5,1.95,11.4
1,27,14,111.12,6.94,12.98,0.6,12.98,0.6,1.8,12.98,8.02,2.54,1.76,11.84,6.07,8.55,10.2,9.93,7.35,3.45,2.1,10.95
1,27,15,100.93,6.31,11.98,1.0,11.98,1.6,1.0,11.18,8.32,2.15,1.27,11.25,9.65,7.44,8.82,8.27,4.8,2.1,1.95,9.15
1,27,16,68.23,4.26,8.39,0.88,7.79,1.6,1.0,8.39,3.13,1.57,0.88,4.21,8.27,4.96,5.79,5.79,3.75,3.9,1.05,6.15
1,27,17,27.68,1.73,3.59,0.2,2.6,0.4,0.2,3.59,1.27,0.59,0.98,1.17,3.58,2.76,2.48,2.21,1.65,0.9,0.45,2.85
1,27,18,3.13,0.2,0.55,0.0,0.2,0.0,0.0,0.2,0.2,0.0,0.1,0.29,0.55,0.28,0.28,0.28,0.15,0.0,0.15,0.45
1,28,8,0.38,0.02,0.28,0.0,0.0,0.0,0.0,0.0,0.0,0.1,0.0,0.0,0.0,0.0,0.0,0.28,0.0,0.0,0.0,0.0
1,28,9,11.03,0.69,2.2,0.0,0.0,0.0,1.4,2.2,0.78,0.68,0.1,0.49,0.28,0.55,0.55,0.55,1.65,0.6,0.15,1.05
1,28,10,34.39,2.15,7.99,0.4,0.4,0.6,3.19,7.99,1.86,1.86,0.49,1.76,1.1,2.21,1.93,1.1,2.1,1.95,0.9,4.95
1,28,11,67.09,4.19,11.78,0.0,0.2,1.2,0.0,11.78,6.55,2.45,1.17,6.85,5.51,3.03,5.79,4.41,2.85,3.75,1.65,9.9
1,28,12,101.78,6.36,13.98,0.8,0.8,1.0,6.19,13.98,7.53,3.82,1.76,11.05,8.82,2.48,9.1,8.55,8.1,5.4,1.65,11.55
1,28,13,107.15,6.7,14.77,1.2,1.2,1.2,12.78,14.77,3.72,4.4,2.05,12.52,8.55,2.48,10.2,10.48,4.95,3.3,2.55,12.0
1,28,14,105.6,6.6,14.57,1.0,1.0,1.0,12.18,14.57,3.42,4.4,2.15,12.62,9.93,1.65,9.65,9.93,5.1,4.35,2.55,11.1
1,28,15,93.84,5.86,12.58,1.0,1.0,1.0,11.58,12.58,5.97,6.55,1.96,11.74,4.96,1.38,8.27,8.55,2.85,4.35,1.65,9.45
1,28,16,62.44,3.9,9.78,0.6,1.0,0.6,8.98,9.78,3.03,4.11,1.57,4.6,0.83,1.1,6.07,6.07,1.35,5.4,1.35,6.6
1,28,17,29.03,1.81,4.39,0.28,2.0,0.8,3.99,4.39,1.17,1.57,0.68,0.78,1.65,0.28,2.76,2.21,0.45,2.55,0.75,3.0
1,28,18,4.45,0.28,0.6,0.0,0.2,0.0,0.4,0.4,0.29,0.39,0.1,0.2,0.28,0.28,0.28,0.28,0.15,0.6,0.15,0.45
1,29,9,10.19,0.64,2.6,0.0,0.0,0.0,0.4,2.6,0.59,0.39,0.39,0.49,0.83,1.1,0.0,0.55,0.75,0.9,0.3,0.9
1,29,10,33.34,2.08,8.39,0.2,0.2,0.4,0.6,8.39,2.35,1.37,1.08,1.86,1.93,1.93,1.1,1.93,1.8,2.25,1.2,4.95
1,29,11,62.03,3.88,11.98,0.6,2.0,0.6,1.8,11.98,2.74,1.96,1.47,6.55,3.03,2.48,1.38,4.14,8.4,3.15,1.05,9.3
1,29,12,78.62,4.91,13.58,1.0,1.0,1.0,2.0,13.58,5.77,2.45,1.57,10.08,6.34,2.48,1.38,7.72,6.75,3.9,1.35,11.25
1,29,13,86.98,5.44,14.57,1.0,1.6,1.0,2.6,14.57,5.09,2.45,1.57,11.84,6.34,3.31,1.93,9.93,6.9,4.65,1.5,11.7
1,29,14,84.56,5.29,14.17,0.8,1.2,0.8,3.79,14.17,2.35,1.96,1.86,11.64,8.0,3.86,1.93,10.2,5.25,4.95,1.65,10.95
1,29,15,75.8,4.74,12.58,0.8,0.8,1.4,2.0,12.58,3.72,1.86,1.76,10.37,8.27,5.51,1.38,8.0,3.9,3.9,1.65,8.7
1,29,16,47.51,2.97,8.39,0.4,0.4,0.8,1.0,8.39,1.96,2.45,1.47,4.5,2.76,5.79,0.83,4.41,2.7,3.75,0.9,5.4
1,29,17,18.33,1.15,3.03,0.0,0.6,0.6,0.4,0.0,1.08,0.98,0.59,1.47,1.65,3.03,0.55,1.38,0.9,2.1,0.3,2.7
1,29,18,3.37,0.21,0.6,0.0,0.2,0.0,0.0,0.0,0.2,0.29,0.1,0.39,0.28,0.28,0.0,0.28,0.3,0.6,0.0,0.45
1,30,8,0.38,0.02,0.28,0.0,0.0,0.0,0.0,0.0,0.0,0.0,0.0,0.1,0.0,0.28,0.0,0.0,0.0,0.0,0.0,0.0
1,30,9,10.72,0.67,2.0,0.15,0.2,0.2,1.2,2.0,0.49,0.2,0.59,0.68,0.55,0.28,1.38,0.55,0.45,0.15,0.9,0.9
1,30,10,39.23,2.45,6.59,0.68,1.4,1.2,4.39,6.59,0.78,0.68,2.25,1.76,1.93,1.93,2.76,2.76,1.2,0.9,4.5,4.2
1,30,11,65.16,4.07,9.58,1.05,1.6,2.8,7.39,9.58,1.17,1.66,4.11,4.79,2.76,3.58,5.51,3.86,1.05,1.95,7.95,5.4
1,30,12,81.3,5.08,11.18,1.2,1.2,2.6,7.59,11.18,1.66,2.54,7.24,4.3,2.21,6.07,8.82,7.44,1.65,3.75,10.05,3.0
1,30,13,94.56,5.91,11.98,1.2,1.2,2.2,2.99,11.98,2.74,1.76,9.49,5.28,3.03,8.0,11.31,9.38,2.4,6.0,10.2,6.6
1,30,14,103.78,6.49,11.45,1.6,1.6,1.6,3.99,11.38,3.23,2.74,11.45,11.35,3.31,9.93,9.93,8.82,2.7,4.05,7.8,9.9
1,30,15,90.65,5.67,10.38,1.0,1.2,1.0,2.6,10.38,3.13,3.03,9.59,9.1,2.21,9.65,8.82,7.44,2.4,2.4,9.45,8.25
1,30,16,56.26,3.52,7.79,0.4,0.8,0.4,1.4,7.79,2.25,1.96,4.6,4.89,1.38,4.96,6.62,4.96,2.1,1.8,4.95,5.4
1,30,17,26.18,1.64,3.59,0.0,0.2,0.0,0.8,3.59,1.66,1.66,1.66,1.66,0.83,3.31,3.03,1.93,0.9,1.05,1.5,2.4
1,30,18,4.28,0.27,0.6,0.0,0.0,0.0,0.0,0.2,0.29,0.2,0.2,0.39,0.0,0.55,0.55,0.55,0.3,0.0,0.6,0.45
1,31,9,10.84,0.68,2.2,0.0,0.0,0.4,0.0,2.2,0.68,0.78,0.39,0.68,0.83,0.83,0.55,1.1,0.45,0.3,0.45,1.2
1,31,10,34.39,2.15,6.79,0.2,0.2,2.4,0.2,6.79,2.54,1.96,1.08,2.15,1.93,1.38,1.65,2.21,2.7,1.2,1.35,4.65
1,31,11,66.38,4.15,10.78,0.2,1.0,2.6,0.2,10.78,4.21,3.03,3.52,6.46,3.58,1.65,4.69,4.41,4.65,3.3,3.45,8.85
1,31,12,86.44,5.4,12.98,0.2,1.4,2.8,0.2,12.98,2.25,4.01,4.5,9.68,2.21,3.86,9.65,8.0,3.0,2.85,8.4,10.65
1,31,13,90.78,5.67,13.98,0.4,1.2,1.6,0.4,13.98,5.58,4.21,3.62,11.25,2.48,5.79,7.17,9.65,5.7,1.65,5.7,10.8
1,31,14,80.48,5.03,13.38,0.6,1.2,1.6,0.6,13.38,3.82,3.03,2.74,11.15,3.58,3.03,9.1,9.1,3.3,1.2,3.45,10.2
1,31,15,72.33,4.52,11.98,0.6,0.6,2.2,0.6,11.98,2.25,3.33,1.76,10.37,6.89,2.76,6.89,8.0,2.1,1.05,3.15,8.4
1,31,16,47.04,2.94,9.38,0.4,0.4,1.6,0.4,9.38,1.47,2.64,1.08,5.48,2.48,4.14,3.31,5.51,1.5,1.2,0.45,6.0
1,31,17,22.32,1.4,4.79,0.0,0.2,0.4,1.2,4.79,0.88,0.88,0.29,1.66,2.48,1.1,2.48,2.21,0.45,0.45,0.0,2.85
1,31,18,3.47,0.22,0.6,0.0,0.0,0.0,0.0,0.6,0.1,0.1,0.0,0.39,0.55,0.28,0.0,0.55,0.15,0.0,0.15,0.6
2,1,9,12.76,0.8,2.8,0.15,0.4,0.2,0.4,2.8,1.08,0.39,0.39,0.39,0.83,0.83,1.65,0.55,1.2,0.15,0.3,1.2
2,1,10,35.0,2.19,8.19,0.3,0.4,0.6,0.6,8.19,2.64,1.47,1.08,1.76,1.65,1.65,2.76,1.1,4.05,0.3,1.05,5.7
2,1,11,79.08,4.94,11.58,1.35,1.6,1.6,1.4,11.58,7.14,2.05,2.15,7.43,5.79,5.24,3.86,5.24,10.05,1.35,2.1,10.5
2,1,12,111.89,6.99,13.58,1.6,1.6,2.2,2.99,13.58,9.29,2.35,4.3,11.64,9.93,8.82,5.79,9.1,9.3,2.25,6.75,12.0
2,1,13,121.06,7.57,14.77,1.95,2.6,2.4,3.19,14.77,7.43,4.7,3.42,13.01,10.2,9.93,10.48,11.03,8.85,1.95,4.8,12.3
2,1,14,126.15,7.88,14.17,2.4,6.19,2.99,2.8,14.17,9.1,5.28,5.77,13.11,10.75,10.48,9.38,10.48,7.5,2.4,4.2,11.55
2,1,15,112.11,7.01,12.58,1.2,1.6,1.2,1.4,12.58,9.68,5.09,4.6,12.33,10.75,9.38,9.65,9.1,9.75,1.65,3.45,9.9
2,1,16,78.44,4.9,9.58,0.8,4.59,0.8,1.0,9.58,6.26,1.96,3.91,6.65,6.34,6.89,7.17,6.34,7.2,0.9,1.95,6.9
2,1,17,30.26,1.89,5.19,0.4,0.4,0.4,0.4,5.19,1.17,1.76,2.05,0.49,3.03,3.03,3.58,2.76,1.35,0.45,0.75,3.45
2,1,18,5.17,0.32,0.83,0.0,0.2,0.0,0.0,0.4,0.2,0.49,0.39,0.2,0.83,0.28,0.55,0.28,0.3,0.15,0.3,0.6
2,2,8,0.73,0.05,0.28,0.0,0.0,0.0,0.0,0.2,0.0,0.1,0.0,0.0,0.0,0.28,0.0,0.0,0.0,0.0,0.0,0.15
2,2,9,14.64,0.91,2.8,0.15,1.0,2.2,0.2,2.8,0.59,0.59,0.59,0.29,0.55,0.28,1.1,0.55,1.35,1.2,0.15,1.2
2,2,10,50.13,3.13,8.39,0.9,2.2,6.79,1.0,8.39,2.54,2.05,1.66,1.96,1.65,1.38,2.48,1.38,5.55,4.5,0.9,5.7
2,2,11,106.91,6.68,11.18,1.8,7.79,9.38,1.8,11.18,5.48,7.34,2.93,7.63,6.62,5.51,4.96,5.24,8.25,9.75,2.55,10.5
2,2,12,142.22,8.89,12.98,3.3,12.58,11.58,3.39,12.98,9.49,10.27,3.91,11.45,10.2,9.38,4.14,9.1,7.2,11.25,3.3,12.0
2,2,13,163.92,10.24,15.37,1.6,15.37,11.98,1.6,13.58,9.49,12.72,5.77,12.82,11.58,10.48,9.1,11.03,12.45,11.1,2.7,12.15
2,2,14,152.16,9.51,14.37,1.6,14.37,12.18,1.6,13.38,7.53,12.33,4.01,12.91,12.13,10.48,5.51,10.48,10.05,10.8,3.0,11.4
2,2,15,140.49,8.78,12.98,2.7,12.98,9.98,3.59,11.98,12.13,11.74,3.33,11.45,10.2,9.65,6.89,8.82,6.6,9.3,2.7,9.15
2,2,16,91.65,5.73,9.38,1.2,9.38,7.79,2.2,9.18,5.28,6.65,1.47,6.46,8.55,7.44,2.76,6.34,4.2,6.3,1.2,6.45
2,2,17,39.83,2.49,4.79,0.45,4.59,3.99,0.8,4.79,1.08,0.68,0.78,1.27,4.41,3.03,1.93,3.03,3.15,3.6,0.45,2.25
2,2,18,5.88,0.37,0.75,0.15,0.4,0.4,0.2,0.4,0.29,0.29,0.2,0.39,0.55,0.28,0.55,0.28,0.45,0.75,0.15,0.3
2,3,8,0.91,0.06,0.28,0.0,0.0,0.0,0.0,0.0,0.1,0.0,0.0,0.1,0.28,0.28,0.0,0.0,0.0,0.0,0.0,0.15
2,3,9,17.29,1.08,2.8,0.0,2.8,2.8,0.0,2.0,0.39,0.39,0.49,0.98,0.28,0.28,0.83,1.1,1.5,1.35,0.45,1.65
2,3,10,53.12,3.32,8.19,0.6,6.59,8.19,0.6,3.79,2.35,2.05,2.15,2.45,1.93,1.38,2.21,2.48,6.15,5.85,1.8,3.15
2,3,11,107.7,6.73,11.38,1.6,8.19,11.38,1.6,8.39,8.61,8.12,3.72,3.91,6.34,5.51,6.62,4.41,11.1,10.65,4.05,5.1
2,3,12,144.53,9.03,14.17,3.59,14.17,12.78,3.59,8.19,12.52,11.54,4.99,3.62,10.48,9.1,9.93,8.82,12.45,12.0,5.25,5.1
2,3,13,156.2,9.76,14.77,2.93,14.77,13.38,6.79,7.19,13.99,12.91,7.43,2.93,11.58,10.48,9.93,7.17,12.9,12.3,7.65,4.8
2,3,14,157.65,9.85,14.57,5.09,14.57,13.18,8.19,5.19,14.09,12.91,6.16,5.09,12.13,10.75,9.65,6.89,12.3,11.4,9.75,5.4
2,3,15,144.24,9.01,13.21,3.75,12.78,11.78,7.39,4.19,13.21,12.03,7.43,3.91,10.75,9.65,8.82,8.55,10.35,9.75,9.9,3.75
2,3,16,100.73,6.3,10.18,2.74,10.18,9.38,5.59,3.19,8.22,7.24,4.7,2.74,8.27,7.72,5.51,5.79,7.35,6.9,5.1,2.85
2,3,17,44.82,2.8,5.59,0.68,5.59,5.19,4.79,1.4,0.68,0.68,1.27,1.66,4.69,3.31,2.21,1.65,3.75,3.6,2.7,1.65
2,3,18,6.87,0.43,0.83,0.2,0.6,0.6,0.4,0.4,0.2,0.2,0.29,0.29,0.83,0.28,0.55,0.28,0.6,0.6,0.45,0.3
2,4,8,0.35,0.02,0.2,0.0,0.2,0.0,0.0,0.0,0.0,0.0,0.0,0.0,0.0,0.0,0.0,0.0,0.15,0.0,0.0,0.0
2,4,9,12.77,0.8,2.8,0.2,2.8,2.2,0.2,0.2,0.49,0.49,0.2,0.59,0.55,0.55,1.1,0.55,1.35,0.45,0.3,0.75
2,4,10,43.02,2.69,8.58,0.2,8.58,7.59,0.2,2.99,2.35,2.35,0.98,2.05,1.65,1.38,1.1,0.55,6.45,1.05,0.9,2.85
2,4,11,93.2,5.82,11.78,0.6,11.78,11.18,0.6,3.39,8.71,8.22,4.3,4.7,6.62,5.51,2.21,1.38,11.25,4.35,3.9,5.1
2,4,12,121.51,7.59,13.58,0.8,13.58,12.98,0.8,5.59,12.03,11.74,7.04,4.7,9.93,9.38,4.41,2.48,12.3,3.0,5.55,6.0
2,4,13,122.11,7.63,13.58,2.4,13.58,12.98,2.4,4.19,12.13,12.91,2.84,6.26,11.58,10.75,4.96,2.48,12.0,3.3,4.35,5.4
2,4,14,122.03,7.63,13.11,2.15,12.98,12.98,4.19,5.19,12.52,13.11,2.15,4.89,11.58,11.03,3.03,3.03,10.35,3.0,6.6,5.4
2,4,15,112.1,7.01,12.13,1.93,11.58,11.38,2.4,3.79,10.27,12.13,5.77,4.7,10.48,9.93,5.24,1.93,8.85,4.95,5.55,3.15
2,4,16,82.05,5.13,9.18,1.38,9.18,8.78,5.79,2.0,6.55,7.63,3.13,1.86,7.72,7.72,2.76,1.38,6.45,3.9,4.8,2.4
2,4,17,36.4,2.28,5.19,0.28,5.19,4.59,1.8,0.8,1.57,1.17,1.27,1.76,4.41,3.58,2.48,0.28,2.4,1.95,1.5,1.65
2,4,18,5.36,0.34,0.6,0.0,0.6,0.4,0.6,0.0,0.49,0.29,0.2,0.2,0.55,0.28,0.55,0.0,0.45,0.3,0.15,0.3
2,5,8,1.46,0.09,0.28,0.0,0.0,0.2,0.0,0.2,0.0,0.1,0.0,0.1,0.28,0.0,0.0,0.28,0.15,0.15,0.0,0.0
2,5,9,16.64,1.04,3.19,0.0,3.19,2.8,0.0,2.0,0.49,0.59,0.49,0.49,0.28,0.83,0.0,0.83,1.5,1.35,0.45,1.35
2,5,10,60.67,3.79,8.39,0.55,7.79,8.39,1.0,7.99,2.54,2.45,1.57,2.35,1.93,1.93,0.55,1.93,6.75,5.7,1.65,6.15
2,5,11,110.95,6.93,11.98,0.8,10.58,11.98,0.8,11.58,8.51,6.36,2.54,7.83,6.34,5.51,0.83,5.24,11.25,8.7,2.7,10.2
2,5,12,138.06,8.63,13.98,0.28,12.18,13.98,1.4,13.78,12.23,8.02,3.82,11.35,9.93,5.24,0.28,9.1,12.75,8.85,3.45,11.7
2,5,13,153.83,9.61,14.77,1.38,11.38,14.77,2.0,14.57,13.4,11.64,4.3,13.11,11.31,5.79,1.38,11.03,12.75,11.1,3.3,12.0
2,5,14,158.92,9.93,14.57,1.0,11.98,14.57,1.0,14.17,13.6,12.42,3.62,13.11,11.31,9.65,4.14,10.2,11.85,11.7,4.2,11.4
2,5,15,146.91,9.18,12.91,1.0,11.98,12.78,1.0,12.78,12.91,12.23,3.33,12.42,10.48,7.44,5.51,9.1,10.35,10.05,4.8,9.75
2,5,16,107.22,6.7,9.78,1.0,9.78,9.38,1.0,9.38,8.71,8.22,1.57,8.22,8.27,7.44,3.31,6.89,7.5,7.2,3.45,6.9
2,5,17,44.27,2.77,5.79,0.2,5.79,4.59,0.2,5.59,0.78,0.88,0.78,0.98,4.69,3.58,1.38,3.03,3.75,3.6,1.2,3.45
2,5,18,7.27,0.45,0.83,0.0,0.6,0.6,0.0,0.6,0.29,0.2,0.1,0.39,0.83,0.28,0.55,0.28,0.75,0.75,0.3,0.75
2,6,8,0.73,0.05,0.28,0.0,0.0,0.0,0.0,0.2,0.0,0.1,0.0,0.0,0.0,0.28,0.0,0.0,0.0,0.15,0.0,0.0
2,6,9,18.78,1.17,3.59,0.39,3.39,1.2,0.8,3.59,0.68,0.59,0.39,0.49,0.55,0.55,1.1,1.1,1.35,1.2,0.45,1.35
2,6,10,60.27,3.77,8.39,0.88,8.39,6.99,1.2,7.99,2.35,2.54,0.88,2.25,2.21,1.93,2.76,2.48,5.1,5.85,1.2,6.15
2,6,11,111.63,6.98,11.58,1.65,11.58,9.78,2.0,11.58,8.12,7.92,1.66,7.73,6.07,4.69,4.69,5.51,9.3,9.0,1.65,10.35
2,6,12,147.52,9.22,14.57,1.8,12.98,10.98,1.8,14.57,12.03,9.68,3.03,11.54,9.93,7.72,6.34,8.82,12.45,10.65,3.0,12.0
2,6,13,158.49,9.91,15.17,2.99,13.78,11.98,2.99,15.17,12.72,10.47,3.23,12.42,10.48,9.93,6.34,11.03,12.75,9.9,3.3,12.0
2,6,14,153.11,9.57,14.57,2.6,14.17,11.18,2.6,14.57,11.84,9.68,4.01,12.82,10.75,9.1,6.34,10.2,11.4,9.15,3.75,11.55
2,6,15,137.11,8.57,12.58,2.0,12.58,9.78,2.0,12.58,12.03,9.59,3.91,12.23,10.48,7.72,3.31,9.1,9.0,9.15,3.6,10.05
2,6,16,99.83,6.24,10.18,2.0,9.98,6.59,2.0,10.18,7.73,5.48,3.82,8.61,7.72,6.62,3.03,6.62,6.45,6.0,2.1,6.9
2,6,17,41.64,2.6,5.99,0.6,2.99,4.59,1.4,5.99,1.57,2.84,0.88,0.88,3.58,3.03,1.38,2.76,3.0,2.4,0.6,3.75
2,6,18,8.19,0.51,0.83,0.15,0.6,0.2,0.8,0.8,0.59,0.49,0.2,0.2,0.83,0.55,0.28,0.55,0.75,0.45,0.15,0.75
2,7,8,0.3,0.02,0.1,0.0,0.0,0.0,0.0,0.0,0.1,0.0,0.1,0.1,0.0,0.0,0.0,0.0,0.0,0.0,0.0,0.0
2,7,9,17.1,1.07,3.59,0.4,0.6,0.4,0.6,3.59,0.88,0.98,1.27,0.49,0.55,0.83,0.83,0.83,1.65,1.5,0.75,1.35
2,7,10,56.85,3.55,8.78,1.93,3.19,2.8,2.99,8.78,2.74,2.45,2.25,2.45,1.93,1.93,3.31,1.93,6.3,5.25,2.25,6.3
2,7,11,101.12,6.32,12.18,2.15,6.19,10.38,2.6,12.18,4.5,4.11,2.15,7.92,6.62,4.14,4.69,5.79,9.45,7.5,2.4,10.5
2,7,12,128.93,8.06,13.98,2.2,10.18,12.58,2.2,13.98,5.77,6.75,2.84,11.54,9.93,8.82,6.34,9.65,6.15,6.9,3.3,12.0
2,7,13,156.42,9.78,14.77,2.6,13.58,12.78,2.6,14.77,9.39,9.29,5.87,12.91,11.58,9.93,5.51,11.31,8.7,10.05,5.85,12.3
2,7,14,135.2,8.45,14.17,1.6,10.58,9.18,1.6,14.17,8.32,7.04,2.84,12.91,11.58,5.79,4.14,10.75,9.75,9.45,5.4,11.7
2,7,15,122.92,7.68,12.78,1.8,11.38,7.19,1.8,12.78,12.52,3.13,3.13,12.42,10.75,2.76,3.58,9.38,10.5,8.55,3.15,9.9
2,7,16,88.2,5.51,10.18,0.83,8.19,1.4,1.4,10.18,9.78,4.6,2.54,9.29,8.27,0.83,2.48,6.89,7.2,5.55,2.4,7.2
2,7,17,40.84,2.55,6.19,0.0,6.19,1.2,0.0,6.19,0.98,1.86,1.27,0.98,4.96,0.55,1.65,3.31,3.75,3.45,0.75,3.75
2,7,18,7.1,0.44,0.83,0.0,0.8,0.4,0.2,0.8,0.29,0.39,0.29,0.29,0.83,0.0,0.28,0.28,0.75,0.6,0.15,0.75
2,8,8,0.63,0.04,0.28,0.0,0.0,0.0,0.0,0.2,0.0,0.0,0.0,0.0,0.0,0.28,0.0,0.0,0.0,0.0,0.0,0.15
2,8,9,12.96,0.81,3.59,0.2,0.2,0.4,0.6,3.59,0.39,0.49,0.59,0.39,0.55,0.83,1.1,0.83,0.45,0.6,0.45,1.5
2,8,10,47.23,2.95,8.78,0.8,0.8,1.4,4.79,8.78,1.76,2.25,3.42,2.45,2.21,1.93,2.76,1.93,1.5,3.0,1.8,6.45
2,8,11,88.97,5.56,12.18,1.4,1.8,1.4,4.59,12.18,4.79,3.03,7.24,8.32,6.62,4.69,6.62,5.79,3.15,4.5,3.45,10.8
2,8,12,114.78,7.17,13.78,2.54,3.19,2.99,4.79,13.78,9.2,2.54,8.41,11.93,9.93,6.07,8.0,9.65,5.85,3.6,2.7,12.15
2,8,13,136.97,8.56,14.17,2.4,4.59,4.19,2.4,14.17,6.46,11.64,10.47,13.01,11.31,4.41,5.79,11.03,11.4,8.55,5.1,12.45
2,8,14,149.48,9.34,13.58,3.39,5.39,9.78,3.39,13.58,11.05,9.29,10.47,13.11,11.58,8.27,6.07,10.75,12.6,8.7,3.9,11.55
2,8,15,128.66,8.04,12.18,1.8,5.59,5.19,4.99,12.18,10.76,7.04,8.51,12.13,10.75,8.0,6.07,9.1,10.2,6.6,1.8,9.75
2,8,16,88.49,5.53,10.27,1.6,1.6,2.6,2.8,9.58,10.27,3.13,3.52,9.2,8.27,7.17,3.03,6.62,8.1,3.45,2.1,7.05
2,8,17,39.68,2.48,5.79,0.8,0.8,1.2,0.8,5.79,2.45,0.98,2.25,1.27,4.96,2.76,2.76,3.31,3.3,1.8,1.65,3.6
2,8,18,7.89,0.49,0.98,0.2,0.4,0.2,0.2,0.8,0.68,0.2,0.98,0.39,0.83,0.28,0.55,0.28,0.6,0.3,0.45,0.75
2,9,8,1.11,0.07,0.28,0.0,0.0,0.0,0.0,0.2,0.0,0.1,0.0,0.1,0.0,0.28,0.0,0.28,0.0,0.15,0.0,0.0
2,9,9,14.12,0.88,3.19,0.0,0.8,0.8,0.0,3.19,0.98,0.88,0.1,0.68,0.83,0.28,0.83,0.55,0.9,1.5,0.15,1.65
2,9,10,46.04,2.88,7.79,0.0,2.99,2.6,0.0,7.79,2.74,2.84,0.49,2.74,2.48,1.93,1.93,2.21,3.9,5.4,0.3,5.7
2,9,11,90.4,5.65,10.98,0.2,3.79,7.59,0.2,10.98,6.07,6.36,1.57,7.24,4.96,5.51,2.76,6.07,8.4,7.8,1.65,9.45
2,9,12,124.92,7.81,12.78,1.0,4.19,10.78,1.0,12.78,9.29,8.02,2.64,10.57,10.2,7.44,2.21,9.65,12.6,9.3,3.15,11.1
2,9,13,128.72,8.04,13.58,2.4,5.39,11.18,2.4,13.58,7.92,5.48,4.99,11.93,11.31,9.1,2.76,11.03,5.4,8.1,6.75,11.4
2,9,14,130.51,8.16,12.98,1.8,8.78,8.98,1.8,12.98,6.75,4.3,6.55,12.03,11.58,10.75,3.31,10.75,8.1,9.0,4.05,10.8
2,9,15,104.11,6.51,11.58,0.6,3.19,7.59,0.6,11.58,4.79,1.96,6.85,10.86,10.48,8.82,2.21,9.38,5.4,7.35,3.9,9.15
2,9,16,84.41,5.28,8.58,0.98,2.4,3.99,1.2,8.58,6.55,0.98,6.85,7.83,8.27,6.62,1.1,6.34,6.75,4.95,5.85,6.15
2,9,17,39.53,2.47,4.99,0.6,0.6,1.0,1.6,4.99,2.54,1.37,1.47,2.25,4.96,2.76,0.83,3.31,4.05,2.85,1.8,3.15
2,9,18,8.23,0.51,0.83,0.0,0.0,0.4,0.2,0.6,0.59,0.59,0.68,0.68,0.83,0.55,0.28,0.28,0.45,0.75,0.6,0.75
2,9,19,0.1,0.01,0.1,0.0,0.0,0.0,0.0,0.0,0.0,0.1,0.0,0.0,0.0,0.0,0.0,0.0,0.0,0.0,0.0,0.0
2,10,8,1.39,0.09,0.28,0.0,0.0,0.0,0.2,0.0,0.0,0.0,0.1,0.1,0.28,0.28,0.0,0.28,0.0,0.15,0.0,0.0
2,10,9,15.37,0.96,2.0,0.0,0.2,0.0,1.2,2.0,0.78,0.98,1.17,0.98,0.83,0.55,1.38,1.1,0.3,1.5,1.2,1.2
2,10,10,44.4,2.78,7.59,0.0,0.0,0.6,7.59,5.99,2.25,2.74,2.45,1.86,2.21,1.65,3.03,2.48,2.7,3.6,3.15,2.1
2,10,11,75.22,4.7,9.98,0.4,0.4,2.8,9.98,7.79,4.89,3.52,3.03,3.33,6.62,5.79,3.58,5.79,5.4,4.8,4.5,3.0
2,10,12,96.31,6.02,10.98,1.2,1.2,2.4,10.98,6.39,8.9,3.42,4.4,5.28,9.38,9.1,4.14,8.82,6.0,6.3,3.9,5.7
2,10,13,103.47,6.47,11.38,1.4,1.4,1.6,11.38,9.18,7.83,3.03,3.03,8.9,10.2,10.48,4.14,8.0,4.95,6.15,4.35,8.85
2,10,14,87.51,5.47,11.78,1.0,1.0,1.2,11.78,9.38,5.67,1.47,1.47,5.77,9.93,11.03,6.89,8.27,2.55,3.15,2.55,5.4
2,10,15,60.17,3.76,9.65,0.8,0.8,1.2,5.19,6.79,3.62,1.66,1.57,3.72,4.14,9.65,4.96,6.07,3.45,1.35,2.7,3.3
2,10,16,44.08,2.76,8.0,1.2,4.19,1.6,1.2,3.39,2.84,1.76,1.66,2.84,1.38,8.0,2.48,5.24,1.2,1.2,2.85,2.25
2,10,17,23.59,1.47,3.86,0.6,2.6,1.0,1.8,1.2,0.88,0.78,1.08,1.66,1.1,3.86,1.1,2.48,0.6,0.9,1.05,1.5
2,10,18,4.43,0.28,0.55,0.0,0.2,0.0,0.2,0.2,0.2,0.29,0.49,0.29,0.55,0.28,0.55,0.28,0.0,0.15,0.3,0.45
2,11,8,1.29,0.08,0.28,0.0,0.2,0.0,0.0,0.0,0.0,0.0,0.0,0.1,0.28,0.28,0.28,0.0,0.15,0.0,0.0,0.0
2,11,9,17.86,1.12,3.99,0.2,3.99,0.2,0.2,2.8,0.59,0.98,0.29,0.68,0.55,0.55,0.83,1.1,1.95,1.2,0.3,1.65
2,11,10,58.37,3.65,9.18,1.1,9.18,1.8,2.6,7.39,3.03,2.64,1.17,2.64,2.21,1.1,2.48,2.48,7.35,5.1,1.5,5.7
2,11,11,99.41,6.21,12.38,1.66,12.38,2.8,4.19,9.58,9.59,2.05,1.66,7.63,6.89,4.96,4.69,5.24,11.25,3.3,3.6,9.6
2,11,12,131.68,8.23,14.17,2.05,14.17,4.39,6.39,12.38,12.91,2.45,2.05,10.76,10.2,9.1,7.44,6.89,12.75,3.45,5.25,11.1
2,11,13,142.65,8.92,15.17,2.64,15.17,7.79,6.79,13.38,14.28,2.64,2.84,11.64,11.31,10.75,3.03,10.48,13.2,4.5,3.3,11.55
2,11,14,149.27,9.33,14.97,3.03,14.97,9.58,5.79,12.58,14.28,5.09,3.03,11.84,11.86,11.31,4.69,10.2,12.45,5.85,4.8,10.95
2,11,15,131.62,8.23,13.58,2.35,13.58,8.98,2.8,10.18,13.5,6.85,2.35,10.57,10.75,10.2,2.76,9.1,10.5,7.35,3.15,9.0
2,11,16,99.33,6.21,11.15,1.0,10.78,5.99,1.0,6.59,11.15,5.38,2.05,8.12,8.82,8.0,2.76,6.34,7.8,5.55,2.55,6.45
2,11,17,45.7,2.86,6.99,0.4,6.99,3.59,0.4,3.19,1.96,2.45,0.98,2.45,5.24,4.14,1.38,3.03,4.05,2.7,0.75,2.4
2,11,18,9.23,0.58,1.2,0.15,1.0,0.4,0.2,0.4,0.39,0.39,0.29,0.98,0.83,0.55,0.55,0.55,0.9,0.45,0.15,1.2
2,11,19,0.1,0.01,0.1,0.0,0.0,0.0,0.0,0.0,0.1,0.0,0.0,0.0,0.0,0.0,0.0,0.0,0.0,0.0,0.0,0.0
2,12,8,1.36,0.08,0.28,0.0,0.2,0.2,0.0,0.0,0.0,0.0,0.1,0.0,0.28,0.0,0.28,0.0,0.15,0.0,0.15,0.0
2,12,9,17.71,1.11,4.39,0.15,4.39,0.8,1.0,0.2,0.49,0.39,0.68,0.78,0.55,1.65,0.83,0.55,1.8,0.15,2.1,1.35
2,12,10,55.99,3.5,9.38,0.6,9.38,4.79,4.59,0.6,3.13,0.88,3.03,1.08,2.48,2.76,3.31,3.31,7.2,0.75,7.05,1.65
2,12,11,94.18,5.89,12.98,0.75,12.98,8.78,2.8,1.2,9.49,1.76,6.65,2.93,6.62,4.41,7.17,5.24,11.4,0.75,9.6,2.4
2,12,12,132.12,8.26,14.97,1.2,14.97,10.98,12.58,1.2,12.42,1.86,7.92,5.87,9.93,7.17,10.48,6.89,12.9,1.8,11.7,3.45
2,12,13,149.85,9.37,15.57,1.6,15.57,12.18,12.18,1.6,13.7,2.84,10.47,4.99,11.31,9.93,11.58,10.2,13.2,2.25,8.7,9.15
2,12,14,138.98,8.69,15.37,2.1,15.37,9.38,9.18,2.99,13.79,2.64,10.76,3.91,11.31,8.55,11.58,7.72,12.15,2.1,11.7,5.85
2,12,15,122.78,7.67,13.18,1.05,13.18,4.79,5.79,2.2,12.82,2.15,10.57,3.91,10.48,8.55,10.75,7.44,10.35,1.05,10.8,7.95
2,12,16,98.91,6.18,10.57,1.2,10.38,3.99,7.99,3.79,10.57,2.45,9.59,4.3,8.0,3.86,8.0,4.69,7.5,1.2,7.95,4.65
2,12,17,48.07,3.0,6.79,0.45,6.79,0.6,3.59,2.99,2.15,1.17,3.52,2.74,4.69,1.38,4.14,2.76,3.9,0.45,4.2,3.0
2,12,18,10.57,0.66,1.2,0.0,1.2,0.0,0.6,0.6,0.39,0.29,0.98,0.88,1.1,0.28,0.55,0.55,0.9,0.15,1.2,0.9
2,12,19,0.1,0.01,0.1,0.0,0.0,0.0,0.0,0.0,0.0,0.0,0.1,0.0,0.0,0.0,0.0,0.0,0.0,0.0,0.0,0.0
2,13,8,1.54,0.1,0.28,0.0,0.2,0.0,0.0,0.0,0.1,0.0,0.0,0.1,0.0,0.28,0.28,0.28,0.15,0.0,0.15,0.0
2,13,9,20.44,1.28,4.19,0.45,4.19,1.4,1.2,0.8,0.59,0.88,0.49,0.68,0.83,1.1,1.65,1.38,2.1,0.6,0.45,2.1
2,13,10,59.35,3.71,8.98,1.8,8.98,4.79,3.39,3.79,3.23,2.05,3.33,2.84,2.48,2.21,3.03,3.03,7.2,1.8,1.8,5.4
2,13,11,97.93,6.12,11.98,3.52,11.98,4.39,4.79,3.59,9.1,3.52,8.51,3.72,6.89,6.07,6.89,3.58,11.1,4.35,4.65,4.8
2,13,12,123.29,7.71,13.78,2.6,13.78,6.39,12.58,2.6,12.23,2.64,5.28,3.23,10.48,8.82,8.82,5.24,12.6,3.45,9.9,5.25
2,13,13,134.8,8.42,14.57,2.1,14.57,3.79,13.78,2.6,13.6,3.03,10.37,2.35,11.58,9.38,12.41,5.24,12.9,4.05,13.05,2.1
2,13,14,131.87,8.24,13.98,1.65,13.98,2.4,13.78,2.0,13.7,3.72,13.7,1.76,11.86,8.27,11.86,4.69,11.85,4.2,12.45,1.65
2,13,15,126.58,7.91,12.58,2.0,12.58,2.6,12.18,2.0,12.52,2.84,12.42,3.52,10.75,8.0,10.75,8.82,10.2,3.9,10.65,2.85
2,13,16,96.7,6.04,10.57,1.0,9.98,2.6,4.79,1.0,10.57,5.97,10.37,1.86,8.55,7.17,8.27,6.07,7.5,2.4,7.65,1.95
2,13,17,46.51,2.91,6.39,0.2,6.39,0.8,2.8,0.2,2.45,2.64,2.74,0.98,4.96,4.41,4.41,2.48,3.9,1.95,4.2,1.2
2,13,18,10.21,0.64,1.4,0.0,1.4,0.2,1.0,0.0,0.49,0.49,0.49,0.39,1.1,0.55,0.55,0.55,0.9,0.75,1.05,0.3
2,14,8,1.68,0.1,0.28,0.0,0.0,0.0,0.2,0.2,0.1,0.1,0.1,0.1,0.28,0.0,0.0,0.0,0.15,0.15,0.15,0.15
2,14,9,26.72,1.67,4.19,0.49,4.19,3.19,3.19,2.6,0.68,0.49,0.59,0.68,0.83,0.55,1.1,0.83,2.25,1.35,2.1,2.1
2,14,10,81.71,5.11,8.98,2.21,8.98,8.98,7.79,8.19,3.42,3.23,3.42,3.42,2.48,2.21,3.58,2.76,7.35,2.55,7.8,5.55
2,14,11,139.47,8.72,12.38,3.45,12.38,11.78,10.38,6.39,9.59,9.1,9.59,6.26,7.17,6.34,7.72,6.62,11.4,3.45,11.7,9.6
2,14,12,170.96,10.69,13.98,4.65,13.78,13.98,13.18,6.39,12.72,12.13,12.72,9.29,10.2,9.38,10.75,7.44,12.9,4.65,13.05,8.4
2,14,13,194.07,12.13,14.77,7.95,14.57,14.77,14.17,10.78,14.18,12.33,13.89,9.68,11.86,10.75,12.13,11.31,13.05,7.95,13.35,9.3
2,14,14,194.78,12.17,14.38,8.55,13.98,14.37,14.17,10.78,14.38,12.42,13.99,10.47,11.86,11.03,12.13,8.55,12.45,11.4,12.75,10.05
2,14,15,167.76,10.49,13.4,5.97,12.78,12.58,11.98,7.39,13.4,9.59,13.21,5.97,10.75,9.93,10.75,9.38,10.65,10.35,10.8,8.25
2,14,16,134.28,8.39,11.15,4.4,9.98,9.58,9.78,7.59,11.15,4.4,11.15,8.32,8.27,7.72,8.0,7.44,7.65,7.35,8.1,7.8
2,14,17,63.62,3.98,6.59,1.76,6.59,5.99,5.39,2.4,2.93,2.45,2.93,1.76,5.24,4.69,4.69,3.86,4.05,3.3,4.5,2.85
2,14,18,12.77,0.8,1.6,0.28,1.6,1.4,1.2,0.4,0.49,0.68,0.39,0.68,1.1,0.55,0.28,0.55,0.9,0.45,1.05,1.05
2,14,19,0.1,0.01,0.1,0.0,0.0,0.0,0.0,0.0,0.0,0.0,0.1,0.0,0.0,0.0,0.0,0.0,0.0,0.0,0.0,0.0
2,15,8,2.03,0.13,0.4,0.0,0.4,0.2,0.2,0.2,0.1,0.1,0.0,0.1,0.0,0.0,0.28,0.0,0.15,0.15,0.0,0.15
2,15,9,28.07,1.75,4.19,0.49,3.39,3.79,4.19,3.79,0.68,0.49,0.59,0.49,0.83,0.55,1.1,0.83,1.2,1.8,2.25,2.1
2,15,10,77.9,4.87,8.78,2.21,4.19,7.19,8.78,6.19,2.84,3.33,3.62,3.33,3.03,2.21,3.58,2.76,4.8,7.2,7.8,7.05
2,15,11,142.35,8.9,11.98,5.58,9.38,10.18,11.98,10.18,5.58,9.2,9.68,9.2,7.17,6.34,7.72,6.89,6.15,10.65,11.25,10.8
2,15,12,164.15,10.26,13.58,5.97,10.58,6.19,13.38,13.58,5.97,10.57,12.62,11.35,8.82,9.38,11.03,10.48,6.0,11.4,12.75,10.05
2,15,13,172.59,10.79,14.37,7.34,12.38,10.98,14.37,9.98,7.53,7.34,13.79,9.1,9.93,10.75,12.13,11.86,7.8,10.95,12.9,10.8
2,15,14,164.69,10.29,13.7,5.09,11.78,8.78,12.98,7.39,8.12,5.09,13.7,11.45,11.31,10.75,11.86,11.58,7.8,9.3,12.15,10.65
2,15,15,152.92,9.56,12.98,3.39,11.58,12.98,11.18,3.39,7.92,6.55,12.72,11.54,9.38,10.2,10.48,10.2,6.0,10.05,10.35,8.4
2,15,16,116.59,7.29,10.47,2.2,8.78,9.78,8.78,2.2,4.11,9.29,10.47,7.63,6.34,8.0,8.27,7.44,3.9,7.5,8.1,6.0
2,15,17,62.17,3.89,6.39,1.6,4.19,6.39,6.39,1.6,2.35,3.23,3.33,3.62,4.41,4.14,4.41,3.86,2.25,4.05,4.05,3.9
2,15,18,12.11,0.76,1.2,0.39,1.0,0.6,1.2,0.6,0.78,0.39,0.68,0.78,0.83,0.55,0.55,0.55,0.75,1.05,0.9,0.9
2,16,8,2.19,0.14,0.28,0.0,0.2,0.2,0.0,0.0,0.1,0.1,0.1,0.2,0.28,0.0,0.28,0.28,0.15,0.0,0.15,0.15
2,16,9,19.52,1.22,3.59,0.39,3.59,0.4,0.4,1.4,0.88,0.39,0.49,1.08,1.1,0.83,1.38,0.83,2.1,0.9,1.5,2.25
2,16,10,53.66,3.35,8.78,0.6,8.78,0.6,1.0,3.19,4.11,0.88,1.66,2.35,2.76,2.21,3.86,2.76,8.1,2.4,3.15,5.85
2,16,11,104.27,6.52,12.18,1.0,12.18,5.59,1.0,3.99,9.49,1.76,7.24,4.4,6.89,6.62,7.17,6.89,11.4,4.35,9.0,6.3
2,16,12,122.1,7.63,13.98,1.6,13.98,8.19,1.6,5.59,12.23,2.05,9.49,2.15,9.38,9.38,11.03,10.48,12.6,5.25,5.4,3.3
2,16,13,131.14,8.2,14.37,1.4,14.37,6.79,1.4,11.18,13.4,2.74,6.46,2.84,11.86,11.31,11.86,11.58,12.6,4.05,5.7,3.0
2,16,14,123.57,7.72,13.7,1.17,13.58,6.59,1.4,7.19,13.7,4.79,1.17,4.5,11.31,11.31,10.75,11.03,12.0,4.05,7.05,3.15
2,16,15,104.85,6.55,12.72,1.2,12.58,3.19,1.2,5.99,12.72,3.42,1.96,3.52,9.65,10.2,9.65,8.27,10.2,4.95,3.3,4.05
2,16,16,80.26,5.02,10.76,1.2,9.78,1.6,1.2,2.4,10.76,3.23,1.86,3.62,8.27,8.0,7.17,6.62,7.65,3.0,1.95,3.15
2,16,17,45.2,2.82,6.19,0.2,6.19,1.0,0.2,1.2,3.42,1.37,1.96,3.62,4.41,4.41,3.86,4.41,3.9,1.35,1.35,2.55
2,16,18,10.55,0.66,1.6,0.0,1.6,0.0,0.2,0.2,0.49,0.29,0.59,1.17,1.1,0.55,0.83,0.83,0.9,0.3,0.6,0.9
2,16,19,0.25,0.02,0.15,0.0,0.0,0.0,0.0,0.0,0.1,0.0,0.0,0.0,0.0,0.0,0.0,0.0,0.15,0.0,0.0,0.0
2,17,8,1.16,0.07,0.28,0.0,0.0,0.0,0.0,0.0,0.0,0.1,0.1,0.1,0.28,0.0,0.28,0.0,0.0,0.0,0.15,0.15
2,17,9,17.6,1.1,2.99,0.0,2.99,0.2,1.2,0.4,0.98,0.88,0.98,1.17,1.1,0.0,1.65,1.1,1.05,1.05,1.2,1.65
2,17,10,44.78,2.8,8.19,0.0,8.19,1.6,3.19,1.4,1.76,3.62,1.37,2.45,2.76,0.0,3.58,3.31,3.6,1.2,1.8,4.95
2,17,11,80.5,5.03,11.78,0.0,11.78,6.59,4.59,2.2,2.05,4.11,2.05,6.16,3.03,0.0,7.17,6.62,7.2,3.0,3.3,10.65
2,17,12,111.36,6.96,12.58,0.0,12.58,12.38,8.58,3.19,8.12,5.97,2.64,4.01,2.76,0.0,10.2,10.48,11.55,4.5,5.55,8.85
2,17,13,119.34,7.46,12.23,0.0,8.78,11.78,4.39,5.79,12.23,8.41,4.01,3.91,3.58,0.0,11.58,11.58,12.15,7.35,5.7,8.1
2,17,14,125.8,7.86,13.58,0.0,12.58,10.98,5.39,13.58,10.47,10.17,6.75,3.13,4.96,0.0,11.58,11.31,9.6,5.85,5.1,4.35
2,17,15,115.04,7.19,12.38,0.0,10.58,10.58,9.78,12.38,5.77,8.8,8.12,2.84,2.76,0.0,9.65,9.93,5.7,8.85,5.25,4.05
2,17,16,76.53,4.78,9.98,0.0,5.99,6.59,3.59,9.98,2.84,8.9,2.84,1.86,3.58,0.0,7.17,7.44,2.1,7.2,3.3,3.15
2,17,17,48.58,3.04,6.59,0.0,2.99,5.79,2.0,6.59,1.96,4.11,2.74,1.76,2.21,0.0,4.69,4.14,2.1,4.05,1.95,1.5
2,17,18,11.69,0.73,1.8,0.0,0.8,1.8,0.4,1.8,0.2,0.78,0.49,0.78,0.83,0.0,0.83,0.28,0.15,1.05,0.9,0.6
2,18,8,1.63,0.1,0.4,0.0,0.0,0.4,0.0,0.0,0.2,0.1,0.1,0.1,0.0,0.0,0.0,0.28,0.0,0.15,0.15,0.15
2,18,9,18.7,1.17,4.59,0.2,0.2,4.59,0.4,0.4,1.17,0.68,0.88,1.17,0.28,0.55,1.1,0.83,1.2,2.25,1.35,1.65
2,18,10,51.45,3.22,9.38,0.83,1.6,9.38,1.2,1.4,2.45,4.11,1.96,2.45,0.83,2.76,3.03,3.03,2.4,7.8,3.45,3.6
2,18,11,88.01,5.5,12.98,2.0,2.2,12.98,2.0,2.6,3.42,9.88,3.52,5.18,2.21,7.44,5.24,6.89,2.55,11.55,6.0,4.35
2,18,12,106.84,6.68,14.77,1.4,2.6,14.77,1.4,3.59,3.13,12.91,6.95,3.33,1.93,10.48,10.2,10.2,3.45,13.2,5.25,3.45
2,18,13,110.76,6.92,15.37,1.2,1.4,15.37,1.8,5.59,1.86,14.48,6.46,4.79,2.21,11.86,11.86,9.38,1.2,13.65,5.55,3.3
2,18,14,114.17,7.14,15.17,0.8,0.8,15.17,1.4,2.99,1.66,13.5,4.99,12.42,4.14,12.13,11.58,5.79,1.65,13.35,5.7,6.9
2,18,15,95.43,5.96,14.38,0.4,0.4,9.98,2.0,4.19,1.47,14.38,3.33,8.41,3.03,11.03,9.93,1.93,1.95,11.1,5.85,6.45
2,18,16,68.09,4.26,12.23,0.2,0.2,7.79,1.2,1.2,0.98,12.23,2.15,4.79,1.65,8.55,7.17,2.48,1.35,8.4,2.1,5.85
2,18,17,37.13,2.32,6.79,0.0,0.0,6.79,1.4,1.4,0.49,4.4,1.57,1.08,0.55,4.96,4.14,1.65,0.9,4.5,1.5,1.8
2,18,18,8.96,0.56,1.8,0.0,0.0,1.8,0.2,0.0,0.29,0.39,0.68,0.29,0.55,0.55,0.83,0.83,0.15,1.05,0.45,0.9
2,18,19,0.25,0.02,0.15,0.0,0.0,0.0,0.0,0.0,0.0,0.1,0.0,0.0,0.0,0.0,0.0,0.0,0.0,0.0,0.0,0.15
2,19,8,2.96,0.18,0.4,0.0,0.2,0.4,0.2,0.2,0.2,0.1,0.1,0.1,0.28,0.0,0.0,0.28,0.15,0.3,0.3,0.15
2,19,9,29.63,1.85,4.99,0.39,1.8,4.99,2.0,4.79,0.78,0.49,0.39,0.78,1.1,1.1,1.38,1.93,2.4,2.1,1.5,2.1
2,19,10,85.89,5.37,9.18,0.78,7.59,8.98,7.39,9.18,4.01,4.01,0.78,4.11,3.03,2.76,2.76,4.14,7.5,7.95,3.9,7.8
2,19,11,138.94,8.68,12.78,2.15,9.58,12.58,5.79,12.78,9.59,9.68,2.15,9.68,6.89,6.89,4.41,8.27,10.95,11.55,6.75,11.4
2,19,12,166.13,10.38,14.77,3.13,9.78,14.77,5.79,14.77,12.33,12.33,3.13,12.91,9.65,9.38,6.89,10.75,12.6,12.9,5.1,13.05
2,19,13,179.83,11.24,15.77,1.57,15.57,15.17,4.99,15.77,13.7,13.79,1.57,14.38,11.31,11.03,6.89,11.86,13.05,13.05,4.2,13.5
2,19,14,183.99,11.5,15.37,2.93,15.37,14.57,7.19,15.17,13.7,13.99,2.93,14.67,11.31,11.03,9.1,11.31,12.15,12.3,6.45,12.75
2,19,15,160.62,10.04,13.78,4.11,13.38,12.98,5.19,13.78,7.83,13.21,4.11,13.7,10.48,10.2,5.51,10.2,10.5,10.8,7.8,10.95
2,19,16,123.16,7.7,11.93,2.45,10.98,10.38,4.59,10.58,5.77,11.45,2.45,11.93,8.0,8.0,3.86,7.72,7.5,8.1,3.75,8.1
2,19,17,67.62,4.23,6.99,0.6,6.99,6.99,0.6,6.99,4.7,4.4,1.86,4.79,4.69,4.41,2.21,4.14,4.05,4.2,2.25,4.35
2,19,18,16.43,1.03,2.2,0.49,2.2,2.0,0.8,2.0,0.68,0.49,0.59,0.49,1.38,0.55,1.1,0.55,0.75,1.05,0.75,1.05
2,19,19,0.78,0.05,0.28,0.0,0.0,0.0,0.0,0.0,0.0,0.1,0.1,0.0,0.0,0.28,0.0,0.0,0.0,0.0,0.15,0.15
2,20,8,2.96,0.18,0.6,0.0,0.4,0.4,0.0,0.6,0.2,0.1,0.0,0.1,0.0,0.0,0.28,0.28,0.3,0.15,0.0,0.15
2,20,9,27.21,1.7,4.79,0.0,4.59,4.59,0.4,4.79,0.98,0.68,0.1,0.49,0.0,0.83,2.21,1.1,2.25,2.1,0.0,2.1
2,20,10,65.61,4.1,9.38,0.0,7.59,8.98,0.4,9.38,4.3,2.74,0.2,4.11,0.0,2.76,4.14,3.31,6.45,3.15,0.3,7.8
2,20,11,99.4,6.21,12.58,0.0,9.38,12.18,0.8,12.58,6.46,4.3,0.39,9.78,0.0,6.89,6.62,6.62,7.65,3.6,0.6,11.55
2,20,12,131.38,8.21,14.37,0.0,11.78,13.78,1.4,14.37,10.27,7.04,0.49,12.62,0.0,9.38,8.55,10.2,10.95,7.35,0.45,12.75
2,20,13,145.57,9.1,15.17,0.0,14.37,14.57,1.4,15.17,12.13,8.12,0.39,13.79,0.0,11.31,6.89,11.58,10.8,11.55,0.3,13.2
2,20,14,145.45,9.09,14.37,0.0,13.78,14.17,1.0,14.37,12.13,12.52,0.29,13.99,0.0,11.31,4.41,11.03,11.55,12.15,0.3,12.45
2,20,15,129.37,8.09,13.21,0.0,10.98,12.58,0.8,12.38,11.35,12.52,0.68,13.21,0.0,9.93,3.31,9.38,10.05,10.65,0.75,10.8
2,20,16,104.39,6.52,11.54,0.0,8.39,10.38,0.4,9.98,10.08,10.76,0.68,11.54,0.0,8.0,3.31,7.17,7.2,7.8,0.75,7.95
2,20,17,55.63,3.48,6.79,0.0,4.99,6.79,0.2,6.19,4.5,4.7,0.39,4.89,0.0,4.69,1.38,3.86,4.2,4.2,0.3,4.35
2,20,18,13.07,0.82,2.2,0.0,2.0,2.2,0.0,2.0,0.78,0.49,0.1,0.39,0.0,0.83,0.28,0.55,1.05,1.05,0.15,1.2
2,20,19,0.65,0.04,0.2,0.0,0.2,0.0,0.0,0.0,0.1,0.1,0.0,0.1,0.0,0.0,0.0,0.0,0.0,0.15,0.0,0.0
2,21,8,2.91,0.18,0.45,0.0,0.2,0.4,0.0,0.4,0.2,0.1,0.2,0.1,0.28,0.0,0.0,0.28,0.45,0.15,0.0,0.15
2,21,9,30.67,1.92,4.79,0.4,3.99,4.79,0.4,4.79,1.47,0.59,1.37,0.49,1.65,1.1,0.83,1.1,2.4,2.1,1.5,2.1
2,21,10,77.54,4.85,9.58,1.1,6.99,9.58,2.6,9.18,2.84,4.21,4.11,4.3,3.31,2.76,1.1,3.31,4.05,7.65,3.75,7.8
2,21,11,123.21,7.7,12.98,2.48,7.99,12.98,3.99,12.38,5.38,9.49,3.62,9.78,6.89,6.89,2.48,5.79,7.95,11.25,5.25,11.1
2,21,12,169.9,10.62,14.77,4.65,11.58,14.77,7.19,14.77,11.05,12.23,6.46,12.62,9.93,9.65,7.17,10.48,12.15,12.6,4.65,12.6
2,21,13,192.86,12.05,15.37,7.35,13.38,15.37,10.18,15.37,13.21,13.6,7.43,13.5,11.03,11.03,11.03,12.13,12.75,12.9,7.35,12.6
2,21,14,191.43,11.96,14.77,7.95,13.58,14.77,11.38,14.77,13.5,13.6,9.0,13.6,11.31,11.31,9.1,11.86,12.15,12.3,7.95,11.25
2,21,15,169.67,10.6,13.58,4.69,11.18,12.78,7.19,13.58,12.23,12.82,12.72,11.64,10.48,9.93,4.69,9.93,9.9,10.5,11.4,8.7
2,21,16,127.73,7.98,11.15,2.21,7.39,10.38,3.79,10.78,7.63,10.96,9.78,11.15,8.27,8.27,2.21,7.72,6.3,7.65,7.65,7.8
2,21,17,71.59,4.47,6.99,2.85,3.59,6.79,3.19,6.99,3.23,4.99,4.4,5.38,4.69,4.69,4.69,4.41,3.3,4.05,2.85,4.35
2,21,18,18.53,1.16,3.39,0.39,0.8,2.2,3.39,2.4,0.98,0.49,0.49,0.39,0.83,0.83,0.83,0.55,0.9,1.2,1.05,1.2
2,21,19,0.35,0.02,0.15,0.0,0.0,0.0,0.0,0.0,0.1,0.0,0.0,0.1,0.0,0.0,0.0,0.0,0.0,0.0,0.15,0.0
2,22,8,5.11,0.32,0.6,0.1,0.6,0.6,0.4,0.6,0.1,0.1,0.2,0.1,0.55,0.28,0.55,0.28,0.15,0.15,0.15,0.3
2,22,9,35.94,2.25,4.99,0.39,4.39,4.79,4.99,4.99,0.88,0.59,0.68,0.39,1.93,0.83,1.65,0.83,2.25,2.25,2.4,2.1
2,22,10,99.61,6.23,9.38,3.03,7.59,9.38,9.38,9.38,4.4,4.5,4.7,4.6,3.58,3.03,4.14,3.58,7.35,8.1,7.8,8.1
2,22,11,160.13,10.01,12.58,6.89,11.58,12.38,12.58,12.58,8.51,9.88,10.17,10.08,6.89,7.17,8.27,7.44,10.2,11.25,9.6,11.55
2,22,12,197.79,12.36,14.37,10.2,12.98,13.58,14.17,14.37,11.15,12.52,12.62,12.82,10.2,10.2,11.58,10.75,11.85,13.2,12.9,12.9
2,22,13,197.38,12.34,14.97,6.9,12.58,14.97,11.58,14.97,13.3,12.23,9.68,14.18,11.31,11.31,13.24,12.13,12.6,13.2,6.9,13.2
2,22,14,200.83,12.55,14.77,10.2,13.38,14.37,11.98,14.77,13.4,13.89,10.76,14.18,11.03,11.58,12.96,11.58,11.85,12.45,10.2,12.45
2,22,15,184.91,11.56,13.3,8.55,11.98,12.78,13.18,13.18,12.72,12.82,11.84,13.3,11.03,10.75,10.48,10.2,10.5,10.8,8.55,10.8
2,22,16,136.39,8.52,11.64,3.86,9.18,10.18,8.98,10.78,7.92,11.35,8.22,11.64,8.27,8.27,3.86,7.44,6.0,8.1,8.25,7.95
2,22,17,75.43,4.71,7.19,2.21,5.19,6.79,6.99,7.19,2.93,5.58,5.48,5.77,4.41,3.86,2.21,3.58,2.7,4.65,3.75,4.35
2,22,18,19.34,1.21,2.4,0.39,1.6,2.2,2.2,2.4,1.47,0.59,0.68,0.39,0.83,1.1,0.83,0.55,1.35,1.2,0.75,1.2
2,22,19,0.4,0.02,0.15,0.0,0.0,0.0,0.0,0.0,0.0,0.1,0.0,0.0,0.0,0.0,0.0,0.0,0.0,0.15,0.0,0.15
2,23,8,3.93,0.25,0.8,0.0,0.2,0.8,0.0,0.2,0.29,0.1,0.1,0.1,0.55,0.28,0.28,0.28,0.45,0.3,0.0,0.0
2,23,9,27.98,1.75,4.99,0.29,2.6,4.99,1.4,2.0,1.27,0.49,0.29,1.17,1.65,0.83,2.76,1.93,1.95,2.1,1.35,1.2
2,23,10,69.48,4.34,9.38,1.47,4.59,9.38,3.79,5.79,3.33,4.89,1.47,2.45,3.03,3.31,4.96,5.24,3.75,8.4,2.55,2.55
2,23,11,116.19,7.26,12.18,2.35,5.19,12.18,6.19,6.99,6.65,10.08,2.35,5.58,7.17,7.44,8.55,6.62,7.5,11.7,6.0,6.0
2,23,12,158.85,9.93,13.58,3.62,6.59,13.58,8.78,11.38,11.15,12.52,3.62,8.22,9.93,10.2,11.58,10.2,12.3,12.75,9.9,6.15
2,23,13,164.42,10.28,14.77,4.4,7.39,14.77,13.98,11.18,11.64,13.7,4.4,5.38,10.2,11.86,12.96,11.86,10.95,13.2,6.3,4.65
2,23,14,164.56,10.28,14.17,3.03,11.58,14.17,10.18,10.38,13.21,13.7,3.03,7.34,8.82,11.86,12.41,11.58,12.0,12.6,4.2,7.5
2,23,15,143.8,8.99,13.01,2.35,9.58,12.78,11.58,7.39,12.62,13.01,2.35,5.48,8.82,10.75,11.31,9.93,10.35,10.8,2.85,4.2
2,23,16,119.71,7.48,11.45,1.27,7.99,10.38,10.38,6.79,10.37,11.45,1.27,4.7,7.72,8.55,8.82,7.44,7.65,8.1,1.35,6.75
2,23,17,75.07,4.69,6.99,0.98,6.99,6.79,6.79,4.19,5.18,5.87,0.98,5.48,3.31,5.24,5.24,3.86,4.05,4.5,2.4,4.2
2,23,18,19.29,1.21,2.4,0.39,2.0,2.4,2.4,1.2,0.88,0.39,0.49,0.59,1.65,0.83,0.83,0.83,1.2,1.2,1.2,1.2
2,23,19,0.93,0.06,0.28,0.0,0.0,0.0,0.2,0.0,0.1,0.1,0.1,0.0,0.0,0.28,0.0,0.0,0.0,0.15,0.0,0.0
2,24,8,4.14,0.26,0.6,0.0,0.6,0.6,0.4,0.0,0.2,0.1,0.1,0.1,0.28,0.0,0.28,0.28,0.3,0.3,0.45,0.15
2,24,9,31.02,1.94,4.99,0.45,4.99,4.99,4.99,1.0,1.17,0.59,0.59,0.49,1.1,0.83,1.93,0.55,2.7,2.25,2.4,0.45
2,24,10,86.37,5.4,9.58,1.17,9.58,9.18,9.58,2.6,4.7,4.99,5.48,1.17,3.86,3.31,4.14,1.38,7.8,8.4,8.7,1.5
2,24,11,132.48,8.28,13.18,1.8,13.18,12.18,12.18,3.19,9.78,10.17,8.41,2.05,8.0,7.44,6.89,3.31,11.1,11.25,11.55,1.8
2,24,12,159.15,9.95,14.97,2.35,14.97,13.78,14.37,4.39,12.33,12.42,6.46,2.35,11.03,9.93,9.93,7.44,12.75,12.75,11.7,2.55
2,24,13,173.21,10.83,15.37,4.11,15.37,14.57,14.37,6.19,13.5,13.21,7.53,4.11,11.86,11.58,12.13,4.69,13.2,12.75,13.8,4.35
2,24,14,171.29,10.71,14.97,2.85,14.97,14.37,14.97,6.19,12.52,13.5,11.74,3.13,12.13,11.58,11.58,4.41,12.0,12.15,13.2,2.85
2,24,15,155.19,9.7,13.38,1.95,13.38,12.78,12.98,4.59,12.62,13.21,13.21,2.64,11.31,11.03,10.2,4.69,9.0,10.35,11.25,1.95
2,24,16,123.45,7.72,11.54,1.65,10.78,10.38,7.39,2.6,11.45,11.54,11.45,1.66,8.82,8.55,7.72,4.41,8.7,7.8,8.55,1.65
2,24,17,66.01,4.13,6.79,0.78,5.99,6.79,2.8,1.0,4.5,6.36,6.16,0.78,5.79,5.24,4.14,2.21,4.5,4.35,4.5,0.9
2,24,18,16.68,1.04,2.6,0.39,2.6,2.4,0.4,0.4,0.78,0.49,0.59,0.39,1.1,0.83,1.1,1.1,1.5,1.35,1.2,0.45
2,24,19,0.1,0.01,0.1,0.0,0.0,0.0,0.0,0.0,0.0,0.0,0.1,0.0,0.0,0.0,0.0,0.0,0.0,0.0,0.0,0.0
2,25,8,3.21,0.2,0.6,0.0,0.6,0.0,0.0,0.2,0.2,0.2,0.0,0.29,0.28,0.28,0.28,0.28,0.3,0.15,0.0,0.15
2,25,9,22.2,1.39,4.99,0.2,4.99,1.4,0.2,1.8,0.78,1.08,0.88,0.78,1.38,1.1,0.28,1.38,2.4,0.9,1.05,1.8
2,25,10,67.72,4.23,9.38,0.4,9.38,2.99,0.4,4.99,5.18,3.13,4.01,4.11,3.86,3.31,1.1,2.76,8.55,2.7,3.9,7.35
2,25,11,111.73,6.98,11.98,1.0,11.98,4.39,1.0,6.99,10.08,8.02,4.7,9.29,8.27,7.72,1.1,4.14,11.55,5.85,6.15,10.5
2,25,12,148.72,9.3,13.98,2.4,13.98,3.79,2.4,9.38,12.62,10.47,4.6,11.74,11.31,10.48,3.03,6.62,12.9,11.4,12.0,12.0
2,25,13,160.71,10.04,14.57,2.6,14.57,2.8,2.6,13.38,13.99,10.08,8.12,12.91,12.41,11.86,5.51,3.58,13.2,10.2,13.2,12.3
2,25,14,144.81,9.05,14.17,1.6,14.17,2.6,1.6,12.58,14.09,10.66,6.36,8.51,12.41,11.03,6.62,2.48,12.45,10.2,7.2,11.85
2,25,15,123.21,7.7,13.11,1.93,12.78,2.2,2.6,9.38,13.11,6.16,6.85,8.9,11.31,10.2,5.24,1.93,10.8,6.9,4.95,9.9
2,25,16,99.19,6.2,11.25,1.4,10.18,1.4,2.0,7.99,11.25,2.74,8.12,5.77,9.1,7.72,3.58,5.79,7.95,4.05,6.3,5.25
2,25,17,57.17,3.57,7.19,0.6,6.19,0.6,1.4,7.19,4.89,1.47,3.82,4.3,5.79,3.86,1.65,3.86,3.9,2.55,2.7,3.0
2,25,18,14.44,0.9,1.8,0.49,1.8,0.6,0.6,1.4,0.78,0.49,1.08,0.68,1.1,1.38,0.55,0.83,0.75,0.6,0.6,1.2
2,25,19,0.78,0.05,0.28,0.0,0.0,0.0,0.0,0.0,0.0,0.0,0.1,0.1,0.28,0.0,0.0,0.0,0.0,0.15,0.15,0.0
2,26,8,4.17,0.26,0.8,0.0,0.8,0.2,0.2,0.2,0.29,0.29,0.1,0.2,0.28,0.28,0.28,0.0,0.45,0.3,0.0,0.3
2,26,9,22.47,1.4,5.19,0.2,5.19,1.2,3.59,0.2,0.98,0.98,0.39,0.78,1.1,1.1,0.28,0.83,1.5,2.1,0.3,1.95
2,26,10,63.06,3.94,9.38,0.59,9.38,3.99,5.99,1.4,5.09,4.3,0.59,2.84,4.14,3.58,0.83,2.48,7.05,7.05,0.9,3.45
2,26,11,108.6,6.79,12.78,1.37,12.78,4.39,10.38,3.99,9.59,7.53,1.37,8.32,7.72,8.0,1.65,3.03,10.65,6.75,1.95,10.5
2,26,12,143.3,8.96,14.37,1.47,14.37,8.19,13.38,3.59,13.01,12.23,1.47,11.84,10.2,10.48,4.96,1.93,11.85,11.4,2.4,12.0
2,26,13,149.94,9.37,14.97,2.48,14.97,8.58,11.38,3.59,11.93,14.38,2.64,8.51,11.58,11.86,6.34,2.48,13.05,13.2,3.75,11.7
2,26,14,131.36,8.21,15.57,1.05,15.17,15.57,9.38,4.79,10.08,10.08,1.08,1.86,12.41,11.31,7.17,2.76,10.05,12.9,1.05,5.7
2,26,15,117.69,7.36,13.38,1.2,13.38,12.98,4.79,3.59,9.39,13.21,1.86,2.54,11.58,10.75,6.34,3.58,8.25,11.1,1.2,3.15
2,26,16,90.13,5.63,10.98,1.35,10.98,10.58,2.8,1.4,6.75,10.96,1.37,2.54,6.89,8.82,1.65,6.34,5.1,8.25,1.35,4.35
2,26,17,48.35,3.02,6.75,0.55,5.99,6.59,2.99,0.6,2.35,6.75,0.88,1.47,2.76,5.51,0.55,2.76,1.95,4.5,1.2,1.5
2,26,18,14.65,0.92,2.4,0.28,1.0,2.4,0.8,0.6,0.98,0.68,0.78,0.78,1.1,1.1,0.28,0.55,1.05,1.35,0.6,0.6
2,26,19,0.7,0.04,0.2,0.0,0.0,0.0,0.0,0.2,0.1,0.1,0.0,0.0,0.0,0.0,0.0,0.0,0.15,0.0,0.0,0.15
2,27,8,4.95,0.31,0.8,0.0,0.8,0.0,0.0,0.4,0.29,0.2,0.29,0.2,0.28,0.28,0.28,0.28,0.45,0.45,0.3,0.45
2,27,9,30.83,1.93,4.19,0.68,3.39,0.8,2.8,4.19,1.76,0.68,1.17,0.78,1.1,1.1,1.93,1.38,2.1,2.55,2.7,2.4
2,27,10,90.28,5.64,9.78,3.42,9.78,3.99,6.99,7.19,3.42,4.11,5.18,5.28,3.86,3.86,4.41,3.86,4.2,8.55,7.5,8.1
2,27,11,144.62,9.04,12.98,5.77,12.98,9.78,9.58,8.39,5.77,9.98,9.68,9.98,7.72,8.27,8.0,7.44,6.3,10.05,9.9,10.8
2,27,12,165.51,10.34,13.38,4.59,13.38,13.18,12.38,4.59,5.97,11.84,11.64,9.78,9.1,11.03,7.17,10.75,8.4,11.85,11.7,12.75
2,27,13,174.24,10.89,13.78,4.11,12.78,13.78,13.58,9.58,4.11,13.7,13.3,9.29,10.2,12.13,5.51,11.58,8.85,12.75,11.85,11.25
2,27,14,183.38,11.46,14.37,4.6,14.37,13.58,14.17,11.98,4.6,14.09,13.7,13.01,9.38,12.41,5.79,9.65,9.9,11.85,13.05,11.85
2,27,15,155.99,9.75,13.38,4.01,9.18,11.98,13.38,7.59,4.01,13.11,13.3,11.74,9.65,11.03,6.34,10.48,5.1,10.35,9.6,9.15
2,27,16,119.81,7.49,11.54,1.66,7.39,9.78,10.58,7.79,1.66,11.54,10.57,10.66,6.89,9.1,3.31,7.44,3.0,7.95,7.35,4.8
2,27,17,75.1,4.69,7.04,1.93,3.59,5.19,6.79,3.39,6.55,7.04,4.89,6.95,4.96,4.96,1.93,3.86,2.4,4.5,3.9,4.2
2,27,18,18.86,1.18,2.4,0.59,1.2,1.4,2.4,1.2,1.17,0.98,0.88,0.59,1.38,1.38,0.83,1.1,0.9,1.35,0.9,1.2
2,27,19,0.8,0.05,0.2,0.0,0.2,0.0,0.0,0.0,0.1,0.1,0.0,0.1,0.0,0.0,0.0,0.0,0.15,0.0,0.0,0.15
2,28,8,6.05,0.38,0.8,0.2,0.2,0.4,0.8,0.6,0.29,0.2,0.2,0.2,0.28,0.55,0.55,0.28,0.3,0.45,0.3,0.45
2,28,9,36.97,2.31,5.19,0.68,3.99,2.8,5.19,4.59,1.08,1.66,0.88,0.68,1.38,1.38,2.21,1.38,2.4,1.8,3.0,2.55
2,28,10,98.54,6.16,9.58,3.31,7.59,7.19,9.58,8.78,4.79,4.21,5.67,5.48,4.14,3.31,4.69,3.86,6.6,5.7,8.55,8.4
2,28,11,155.87,9.74,12.78,6.62,11.58,10.38,12.78,11.78,10.47,7.14,9.98,9.68,8.82,6.62,8.55,7.44,10.8,9.15,10.05,10.65
2,28,12,185.13,11.57,14.57,7.44,13.18,11.98,14.57,13.38,10.66,10.96,12.33,12.13,11.31,9.38,11.31,7.44,10.5,11.1,12.75,12.15
2,28,13,193.21,12.08,14.57,6.34,12.58,12.38,14.57,12.78,11.64,12.62,13.6,12.62,12.41,11.31,11.31,6.34,11.4,12.15,13.05,12.45
2,28,14,192.48,12.03,14.37,9.38,13.58,12.78,14.37,10.98,11.74,12.82,13.6,12.42,12.13,10.75,11.58,9.38,11.55,11.7,12.45,10.65
2,28,15,168.47,10.53,12.78,7.72,9.98,11.38,12.78,11.98,8.12,12.03,12.42,12.03,10.75,9.93,7.72,10.2,7.8,10.35,10.95,10.05
2,28,16,130.6,8.16,10.96,4.35,8.78,9.18,10.18,8.39,5.09,10.86,10.96,10.47,7.44,7.44,6.34,7.72,4.35,7.95,8.25,7.2
2,28,17,75.27,4.7,6.85,1.65,4.19,5.39,6.79,4.19,3.33,6.26,6.85,6.36,4.96,4.96,1.65,4.14,3.15,4.35,4.65,4.05
2,28,18,21.97,1.37,2.6,0.88,2.2,1.6,2.6,1.4,1.08,1.08,0.88,1.37,1.38,1.38,1.1,1.1,1.2,1.2,1.35,1.05
2,28,19,1.33,0.08,0.3,0.0,0.0,0.0,0.0,0.0,0.1,0.2,0.1,0.2,0.0,0.28,0.0,0.0,0.0,0.15,0.0,0.3
2,29,8,6.05,0.38,0.8,0.2,0.2,0.4,0.8,0.6,0.29,0.2,0.2,0.2,0.28,0.55,0.55,0.28,0.3,0.45,0.3,0.45
2,29,9,36.97,2.31,5.19,0.68,3.99,2.8,5.19,4.59,1.08,1.66,0.88,0.68,1.38,1.38,2.21,1.38,2.4,1.8,3.0,2.55
2,29,10,98.54,6.16,9.58,3.31,7.59,7.19,9.58,8.78,4.79,4.21,5.67,5.48,4.14,3.31,4.69,3.86,6.6,5.7,8.55,8.4
2,29,11,155.87,9.74,12.78,6.62,11.58,10.38,12.78,11.78,10.47,7.14,9.98,9.68,8.82,6.62,8.55,7.44,10.8,9.15,10.05,10.65
2,29,12,185.13,11.57,14.57,7.44,13.18,11.98,14.57,13.38,10.66,10.96,12.33,12.13,11.31,9.38,11.31,7.44,10.5,11.1,12.75,12.15
2,29,13,193.21,12.08,14.57,6.34,12.58,12.38,14.57,12.78,11.64,12.62,13.6,12.62,12.41,11.31,11.31,6.34,11.4,12.15,13.05,12.45
2,29,14,192.48,12.03,14.37,9.38,13.58,12.78,14.37,10.98,11.74,12.82,13.6,12.42,12.13,10.75,11.58,9.38,11.55,11.7,12.45,10.65
2,29,15,168.47,10.53,12.78,7.72,9.98,11.38,12.78,11.98,8.12,12.03,12.42,12.03,10.75,9.93,7.72,10.2,7.8,10.35,10.95,10.05
2,29,16,130.6,8.16,10.96,4.35,8.78,9.18,10.18,8.39,5.09,10.86,10.96,10.47,7.44,7.44,6.34,7.72,4.35,7.95,8.25,7.2
2,29,17,75.27,4.7,6.85,1.65,4.19,5.39,6.79,4.19,3.33,6.26,6.85,6.36,4.96,4.96,1.65,4.14,3.15,4.35,4.65,4.05
2,29,18,21.97,1.37,2.6,0.88,2.2,1.6,2.6,1.4,1.08,1.08,0.88,1.37,1.38,1.38,1.1,1.1,1.2,1.2,1.35,1.05
2,29,19,1.33,0.08,0.3,0.0,0.0,0.0,0.0,0.0,0.1,0.2,0.1,0.2,0.0,0.28,0.0,0.0,0.0,0.15,0.0,0.3
3,1,8,4.95,0.31,0.6,0.0,0.6,0.0,0.2,0.2,0.29,0.29,0.1,0.29,0.55,0.55,0.28,0.55,0.45,0.0,0.15,0.45
3,1,9,24.65,1.54,5.39,0.6,5.39,1.0,1.4,1.0,0.98,1.17,0.68,1.47,1.93,1.93,1.1,1.65,1.8,0.6,1.05,1.5
3,1,10,59.19,3.7,9.58,0.75,9.58,1.0,4.99,2.4,5.28,2.84,1.37,3.42,3.31,3.03,2.21,3.86,7.2,0.75,3.9,4.05
3,1,11,98.72,6.17,12.58,1.0,12.58,1.0,4.79,4.59,9.49,5.58,3.03,6.85,7.72,3.03,4.14,7.72,11.4,2.85,7.65,6.3
3,1,12,129.88,8.12,13.78,2.55,13.78,4.79,3.19,7.19,10.57,4.21,5.87,10.08,11.31,4.69,7.17,11.03,10.8,2.55,12.75,9.9
3,1,13,137.87,8.62,13.7,1.93,9.78,7.99,2.6,5.99,13.7,4.5,6.75,13.5,10.2,8.0,1.93,12.13,13.2,3.3,13.2,11.1
3,1,14,132.98,8.31,13.78,1.65,13.78,6.99,3.59,5.19,11.64,1.96,6.26,12.13,9.93,8.82,4.96,11.58,9.3,1.65,12.6,12.6
3,1,15,108.76,6.8,11.58,2.64,11.58,6.19,7.79,6.39,2.64,2.74,3.23,8.02,11.31,4.69,6.89,7.44,7.05,2.7,11.25,8.85
3,1,16,89.5,5.59,10.38,1.2,10.38,1.2,3.39,4.99,2.74,2.05,7.53,6.07,9.1,4.69,7.17,4.69,6.9,2.1,8.25,8.25
3,1,17,49.02,3.06,6.16,0.2,1.8,0.2,1.8,3.19,1.17,1.08,3.33,6.16,5.51,3.58,4.14,2.21,4.2,1.35,4.65,4.65
3,1,18,14.52,0.91,1.93,0.0,1.6,0.0,1.0,0.4,0.68,0.29,0.98,0.98,1.93,0.83,1.38,0.55,1.35,0.3,1.35,0.9
3,1,19,0.8,0.05,0.2,0.0,0.0,0.0,0.0,0.2,0.1,0.0,0.1,0.1,0.0,0.0,0.0,0.0,0.15,0.0,0.0,0.15
3,2,8,5.47,0.34,1.0,0.0,1.0,0.2,0.0,0.4,0.2,0.29,0.29,0.2,0.28,0.28,0.55,0.28,0.15,0.45,0.3,0.6
3,2,9,34.91,2.18,5.59,0.4,5.59,1.8,0.4,5.19,1.08,1.37,1.47,0.78,1.65,1.65,1.93,1.65,0.9,3.45,3.0,3.0
3,2,10,96.37,6.02,10.18,2.8,10.18,6.99,2.8,7.99,5.58,5.38,3.82,5.87,4.96,3.58,4.96,4.41,6.15,7.95,7.2,8.55
3,2,11,134.23,8.39,12.78,4.11,12.78,11.78,8.58,4.59,10.76,7.63,4.11,8.41,4.96,6.89,8.0,5.24,11.7,9.6,9.45,9.75
3,2,12,174.79,10.92,14.97,4.99,14.77,14.97,6.19,4.99,13.11,11.15,8.32,11.05,11.31,8.27,11.31,10.75,13.2,11.55,12.6,11.25
3,2,13,181.47,11.34,15.17,4.59,14.77,15.17,4.59,6.79,14.18,8.8,13.6,11.64,12.68,9.93,11.86,11.86,13.35,10.35,13.35,8.55
3,2,14,175.45,10.97,14.58,4.79,14.37,7.79,4.79,5.79,14.58,12.13,10.27,12.33,12.41,10.48,11.58,12.13,12.6,10.8,12.75,10.65
3,2,15,158.18,9.89,13.11,4.39,10.58,10.78,4.39,4.59,13.11,12.62,8.41,9.88,11.86,9.93,10.2,9.38,10.65,11.4,10.5,9.9
3,2,16,123.87,7.74,11.84,3.59,8.19,6.59,5.79,3.59,11.84,7.43,10.17,6.75,9.38,9.1,7.72,7.17,8.1,8.4,7.8,5.85
3,2,17,78.57,4.91,8.22,2.2,7.19,5.39,2.2,2.4,8.22,6.95,5.58,4.21,6.07,5.79,4.41,4.41,4.65,4.5,3.45,3.15
3,2,18,23.01,1.44,2.8,0.78,2.8,1.8,0.8,1.0,0.78,1.57,1.76,1.17,1.65,1.65,1.38,1.1,1.35,1.65,1.35,1.2
3,2,19,1.38,0.09,0.28,0.0,0.2,0.0,0.2,0.0,0.1,0.2,0.1,0.0,0.0,0.0,0.28,0.0,0.15,0.15,0.0,0.0
3,3,8,3.93,0.25,0.55,0.0,0.0,0.0,0.4,0.0,0.29,0.1,0.29,0.29,0.28,0.55,0.55,0.28,0.3,0.15,0.45,0.0
3,3,9,26.25,1.64,3.99,0.2,1.0,0.2,3.99,0.2,1.27,1.08,1.37,0.98,1.65,1.65,2.21,1.65,2.55,2.25,3.3,0.9
3,3,10,61.46,3.84,8.39,0.4,3.59,0.4,8.39,1.2,2.74,2.25,4.79,1.96,4.41,4.14,4.96,3.58,4.35,4.95,7.95,1.8
3,3,11,105.02,6.56,11.38,0.2,10.58,0.2,11.38,2.6,4.99,3.82,9.0,6.36,8.82,7.17,7.72,3.58,9.45,2.4,10.35,6.6
3,3,12,152.32,9.52,13.18,0.6,12.58,0.6,13.18,5.19,12.23,7.43,11.25,10.86,11.31,10.48,10.75,5.51,10.35,7.35,11.7,11.55
3,3,13,160.77,10.05,14.57,1.0,14.57,1.0,13.98,5.39,8.51,9.1,12.52,11.84,12.41,6.89,11.58,3.03,13.05,13.05,12.15,11.7
3,3,14,150.8,9.42,14.18,1.8,11.78,1.8,10.18,6.79,9.98,6.65,11.84,14.18,12.41,6.89,11.31,4.69,10.8,8.25,11.4,11.85
3,3,15,147.34,9.21,13.6,2.2,11.18,2.2,12.38,8.78,10.57,6.16,9.39,13.6,11.31,5.79,9.65,10.48,9.3,6.9,7.95,11.7
3,3,16,108.62,6.79,9.2,0.6,7.39,0.6,8.98,8.58,8.41,3.72,9.0,9.2,9.1,2.48,7.44,8.82,7.95,3.75,4.8,8.4
3,3,17,63.04,3.94,5.79,0.2,4.39,0.2,5.59,3.99,5.58,1.76,4.6,5.09,5.79,1.65,4.14,4.96,5.1,2.25,3.45,4.5
3,3,18,15.56,0.97,1.4,0.0,1.0,0.0,1.4,0.6,0.98,0.59,1.27,0.68,1.38,0.83,1.38,1.1,1.35,0.75,1.05,1.2
3,3,19,1.19,0.07,0.28,0.0,0.0,0.0,0.0,0.0,0.0,0.0,0.1,0.1,0.28,0.28,0.28,0.0,0.0,0.0,0.15,0.0
3,4,8,6.2,0.39,1.6,0.0,0.2,0.2,0.2,1.6,0.29,0.29,0.0,0.29,0.55,0.55,0.28,0.55,0.45,0.3,0.0,0.45
3,4,9,34.5,2.16,5.79,0.4,2.6,0.4,3.79,5.79,1.37,1.47,0.88,0.88,2.21,1.93,1.65,1.93,3.75,1.95,0.6,3.3
3,4,10,87.68,5.48,9.78,1.6,6.19,1.6,6.99,9.78,4.7,4.21,2.64,6.65,3.31,3.86,2.21,5.24,8.55,9.45,2.85,9.45
3,4,11,111.75,6.98,13.18,2.8,4.99,2.8,5.99,13.18,6.26,7.83,3.62,11.15,3.58,4.69,3.31,9.1,10.5,9.45,3.3,12.0
3,4,12,134.25,8.39,14.37,2.4,7.79,2.4,5.19,14.37,7.92,12.23,3.42,13.6,6.62,6.62,4.96,12.68,6.15,13.5,3.3,13.5
3,4,13,149.57,9.35,15.57,1.8,9.38,1.8,4.79,15.57,10.86,9.68,2.93,15.07,6.89,10.75,4.69,13.51,10.5,13.65,5.7,13.8
3,4,14,137.65,8.6,15.07,1.66,9.98,4.39,4.39,13.98,10.17,10.08,1.66,15.07,3.86,10.48,3.58,12.96,12.75,8.4,2.7,13.2
3,4,15,123.84,7.74,14.38,0.98,8.98,2.8,2.4,14.37,8.32,9.1,0.98,14.38,2.76,10.75,4.69,11.31,10.35,9.9,1.2,11.55
3,4,16,86.74,5.42,9.1,0.15,5.99,1.2,2.0,7.79,7.04,8.22,0.29,6.07,1.93,9.1,4.41,8.55,7.8,7.35,0.15,8.85
3,4,17,53.34,3.33,7.39,0.29,2.4,1.0,1.0,7.39,4.6,3.03,0.29,2.35,4.14,6.07,2.76,4.96,4.65,4.8,0.3,3.6
3,4,18,15.49,0.97,2.8,0.1,0.8,0.8,0.2,2.8,1.37,0.68,0.1,0.88,0.83,1.38,1.1,1.1,1.05,1.35,0.15,0.9
3,4,19,1.26,0.08,0.28,0.0,0.0,0.0,0.0,0.0,0.1,0.1,0.1,0.1,0.28,0.28,0.0,0.0,0.0,0.15,0.0,0.15
3,5,8,4.55,0.28,0.6,0.0,0.2,0.0,0.4,0.2,0.1,0.39,0.2,0.2,0.28,0.55,0.55,0.28,0.15,0.15,0.6,0.3
3,5,9,28.69,1.79,3.6,0.39,1.0,2.8,2.2,2.2,0.59,1.37,0.39,1.57,1.1,2.48,2.21,1.93,1.5,3.15,0.6,3.6
3,5,10,61.16,3.82,7.8,0.83,6.19,5.99,2.4,5.99,1.08,5.77,1.47,3.13,0.83,3.58,5.79,4.69,1.05,7.8,1.35,4.05
3,5,11,77.94,4.87,9.45,1.65,5.59,3.19,3.79,4.19,1.86,6.75,2.45,4.5,2.76,3.31,9.38,8.27,1.65,9.45,4.5,6.3
3,5,12,99.51,6.22,12.13,2.15,7.79,5.59,5.99,3.79,2.15,7.14,6.07,4.7,3.86,4.14,11.86,12.13,3.15,9.6,5.7,5.85
3,5,13,115.18,7.2,13.24,2.05,8.19,7.79,10.38,4.39,2.05,8.12,4.79,5.18,4.69,9.65,12.41,13.24,2.4,9.0,6.0,6.9
3,5,14,114.83,7.18,12.68,3.03,8.58,10.98,9.78,8.58,3.03,9.98,3.03,4.79,4.96,8.0,6.89,12.68,4.95,8.7,4.65,5.25
3,5,15,101.65,6.35,14.17,0.98,4.59,14.17,5.39,6.39,4.4,8.61,3.33,0.98,4.69,11.31,6.62,8.82,5.7,8.85,3.75,4.05
3,5,16,81.63,5.1,10.58,0.29,2.0,10.58,3.59,6.59,3.03,5.48,3.52,0.29,4.69,9.38,5.79,6.89,3.3,9.15,6.0,1.35
3,5,17,48.21,3.01,6.99,0.2,0.4,6.99,3.99,4.19,0.88,3.33,2.35,0.2,3.03,5.79,4.41,1.1,1.05,5.7,4.35,0.45
3,5,18,14.12,0.88,1.93,0.15,0.4,0.8,0.4,1.6,0.49,1.08,1.37,0.39,0.83,1.93,1.1,0.28,0.45,1.2,1.65,0.15
3,5,19,1.1,0.07,0.2,0.0,0.0,0.0,0.0,0.0,0.0,0.2,0.2,0.1,0.0,0.0,0.0,0.0,0.15,0.15,0.15,0.15
3,6,8,7.08,0.44,1.4,0.0,0.0,0.2,0.6,1.4,0.1,0.39,0.29,0.2,0.0,0.55,0.55,0.55,0.15,0.6,0.6,0.9
3,6,9,36.92,2.31,5.99,0.4,0.4,0.8,4.19,5.99,0.98,1.17,1.37,1.08,1.38,1.65,2.48,1.93,0.9,4.35,4.05,4.2
3,6,10,94.4,5.9,10.78,0.6,0.6,6.39,8.58,10.78,3.91,3.13,6.07,6.85,4.41,3.86,5.51,5.51,3.3,7.2,8.85,9.45
3,6,11,147.59,9.22,13.78,1.8,1.8,9.18,11.78,13.78,8.12,7.14,9.88,11.05,6.89,8.55,8.27,8.55,8.4,10.65,11.55,12.0
3,6,12,189.48,11.84,15.97,4.19,4.19,12.38,14.17,15.97,12.52,7.24,12.33,13.4,10.2,11.31,11.86,11.86,12.3,13.35,13.05,13.35
3,6,13,200.35,12.52,15.17,7.19,7.19,13.38,15.17,12.78,11.15,11.74,13.4,14.77,10.2,12.68,12.13,12.96,13.65,12.15,13.35,13.65
3,6,14,186.47,11.65,14.87,5.99,5.99,9.58,14.77,9.58,11.54,12.72,13.21,14.87,11.86,12.96,9.65,13.24,7.2,13.35,12.75,13.2
3,6,15,159.73,9.98,13.58,1.8,1.8,13.58,12.78,4.79,8.41,11.64,12.33,11.84,11.58,11.86,6.89,11.58,8.55,10.95,10.95,10.2
3,6,16,132.23,8.26,12.52,2.6,2.6,11.18,10.18,5.59,7.34,10.17,9.39,12.52,9.1,9.1,7.72,6.89,5.85,8.7,8.1,7.8
3,6,17,82.67,5.17,8.9,1.0,1.0,7.59,5.79,5.19,3.42,6.46,6.26,8.9,6.62,6.07,4.41,3.86,3.15,4.8,4.35,4.8
3,6,18,24.18,1.51,2.8,0.83,1.0,2.4,2.8,1.6,0.98,1.57,1.57,1.37,1.65,1.93,0.83,1.38,1.05,1.35,1.35,1.35
3,6,19,2.01,0.13,0.28,0.0,0.0,0.2,0.0,0.2,0.1,0.2,0.2,0.1,0.0,0.0,0.28,0.28,0.0,0.15,0.15,0.15
3,7,8,8.81,0.55,1.2,0.2,0.4,0.4,0.8,1.2,0.29,0.2,0.39,0.2,0.55,0.55,0.55,0.28,0.45,0.9,0.75,0.9
3,7,9,49.83,3.11,5.99,1.0,1.0,5.99,4.59,5.99,1.76,1.27,1.57,1.37,1.65,1.65,2.48,2.21,4.65,4.95,4.05,4.65
3,7,10,116.41,7.28,10.38,4.96,6.19,10.18,8.58,10.38,5.87,7.14,6.55,5.09,5.24,4.96,6.07,5.51,9.3,9.75,8.55,7.05
3,7,11,149.09,9.32,13.38,4.21,5.59,12.98,11.78,13.38,4.21,11.25,9.78,8.61,7.72,8.82,9.1,8.82,7.2,12.3,9.15,8.4
3,7,12,171.82,10.74,14.97,5.97,7.19,14.97,13.58,11.58,5.97,13.5,10.96,10.27,9.93,11.03,11.86,12.13,7.5,13.8,8.7,8.85
3,7,13,169.51,10.59,16.17,4.7,6.99,15.37,12.38,16.17,8.41,14.48,9.29,4.7,9.38,12.68,12.68,9.93,7.8,14.1,10.35,4.8
3,7,14,157.4,9.84,14.77,4.2,5.19,14.77,13.18,12.98,4.7,14.58,11.93,8.61,10.2,12.41,12.13,8.82,4.2,13.2,5.1,5.4
3,7,15,140.23,8.76,13.79,1.35,1.6,13.38,12.78,6.59,1.76,13.7,13.79,7.92,12.96,11.58,6.34,11.58,1.35,11.55,10.2,3.15
3,7,16,112.27,7.02,11.93,0.45,2.6,10.78,10.58,4.59,3.13,11.93,11.93,5.48,7.44,9.38,5.51,8.82,0.45,8.7,7.8,3.15
3,7,17,75.26,4.7,8.61,1.0,1.0,7.39,6.59,1.8,3.33,8.61,8.12,2.74,5.79,6.07,3.86,4.96,1.2,4.95,4.95,3.9
3,7,18,23.87,1.49,3.19,0.2,0.2,3.19,2.6,1.0,1.37,1.57,1.37,0.98,1.93,1.93,1.38,1.1,1.35,1.35,1.5,1.05
3,7,19,1.96,0.12,0.28,0.0,0.0,0.2,0.0,0.0,0.1,0.1,0.2,0.2,0.0,0.0,0.28,0.28,0.15,0.15,0.15,0.15
3,8,8,8.44,0.53,1.4,0.2,1.4,0.2,0.2,0.2,0.29,0.29,0.39,0.39,0.28,0.55,0.55,0.55,0.9,0.9,0.9,0.45
3,8,9,43.84,2.74,5.59,0.2,5.59,1.4,0.2,4.39,1.47,1.37,1.17,1.37,2.21,1.93,3.03,2.76,4.95,4.65,4.95,2.4
3,8,10,97.77,6.11,10.38,2.0,10.38,7.79,2.0,3.99,7.43,7.43,4.79,5.38,5.24,4.69,4.69,4.41,8.25,9.6,5.55,6.15
3,8,11,129.27,8.08,12.3,2.6,9.98,6.39,3.59,2.6,11.74,10.47,7.83,5.67,9.93,9.1,7.72,8.55,12.3,11.1,5.4,6.9
3,8,12,146.37,9.15,13.89,3.59,9.18,3.59,5.59,3.79,13.89,12.13,8.51,4.89,12.41,11.03,8.55,11.86,13.5,13.35,8.85,5.25
3,8,13,166.01,10.38,14.48,4.19,11.98,4.19,5.59,5.59,14.48,12.62,10.17,6.07,13.79,12.41,11.31,12.96,13.95,13.5,8.55,8.85
3,8,14,169.3,10.58,14.87,5.09,11.98,5.19,8.19,8.58,14.87,11.54,10.08,5.09,13.51,12.68,10.48,12.41,13.05,12.15,9.75,9.75
3,8,15,160.51,10.03,14.18,4.99,12.38,6.79,12.98,4.99,14.18,10.86,9.39,4.99,12.41,11.58,9.93,11.03,11.25,8.7,8.1,10.95
3,8,16,124.28,7.77,11.64,3.39,9.58,3.39,9.58,7.19,11.64,6.55,8.61,4.99,9.93,9.65,7.17,8.55,8.4,7.35,6.6,5.1
3,8,17,81.14,5.07,7.83,1.2,6.39,1.2,6.59,7.59,7.83,2.25,7.83,5.48,6.62,6.34,4.41,4.96,4.5,2.85,4.2,2.1
3,8,18,25.43,1.59,2.6,0.2,2.2,0.2,2.6,1.6,1.86,1.47,1.66,1.66,1.65,1.93,1.65,1.1,1.65,1.35,1.5,1.35
3,8,19,1.84,0.12,0.28,0.0,0.0,0.0,0.2,0.0,0.2,0.1,0.2,0.0,0.28,0.0,0.28,0.28,0.15,0.0,0.15,0.0
3,9,8,11.29,0.71,1.2,0.28,1.2,1.2,1.2,0.4,0.29,0.39,0.29,0.49,0.28,0.55,0.55,0.55,0.9,1.05,1.05,0.9
3,9,9,54.75,3.42,5.99,1.27,5.99,5.59,5.99,2.2,1.27,1.47,1.47,1.57,1.93,1.93,3.03,2.21,5.25,5.25,5.1,4.5
3,9,10,115.88,7.24,10.18,2.4,9.98,9.78,10.18,2.4,7.14,7.24,7.14,3.42,5.51,5.24,6.34,5.51,9.75,9.75,9.75,6.75
3,9,11,163.2,10.2,13.78,3.99,13.18,12.98,13.78,3.99,10.96,10.76,11.05,4.3,9.65,9.1,9.93,8.82,12.0,11.85,12.3,8.55
3,9,12,190.93,11.93,15.17,4.99,14.57,14.57,15.17,5.79,13.3,13.21,13.5,4.99,11.86,11.58,12.96,11.58,13.65,13.2,13.65,7.35
3,9,13,198.62,12.41,15.97,4.3,15.17,14.97,15.97,6.59,14.28,14.48,14.58,4.3,12.96,12.68,13.51,11.58,13.8,13.65,14.25,5.85
3,9,14,199.98,12.5,15.57,7.14,14.57,14.37,15.57,8.19,13.99,14.58,14.77,7.14,12.68,12.96,12.13,11.03,13.05,12.75,13.5,8.7
3,9,15,172.24,10.76,13.89,2.99,12.98,12.18,13.78,2.99,13.21,13.89,13.7,5.77,11.86,11.58,11.31,7.44,11.4,11.25,11.55,7.35
3,9,16,137.45,8.59,12.23,1.8,10.58,10.18,10.98,1.8,11.74,12.23,12.03,4.21,9.65,9.38,9.38,4.69,8.4,8.55,8.85,4.8
3,9,17,88.03,5.5,8.8,0.8,7.19,6.79,7.19,0.8,8.71,7.24,8.8,2.15,6.62,6.07,5.51,3.86,4.95,4.35,4.95,2.85
3,9,18,24.86,1.55,3.19,0.0,3.19,2.4,2.0,0.0,1.47,1.86,1.76,0.49,1.93,2.21,1.65,1.1,1.35,1.5,1.5,0.45
3,9,19,2.08,0.13,0.28,0.0,0.2,0.2,0.2,0.0,0.1,0.2,0.2,0.1,0.0,0.0,0.28,0.0,0.15,0.15,0.15,0.15
3,10,8,9.35,0.58,1.05,0.0,0.0,0.6,1.0,0.4,0.68,0.29,0.29,0.29,0.55,0.55,0.55,0.55,0.9,1.05,1.05,0.6
3,10,9,44.35,2.77,5.59,0.8,0.8,3.99,5.59,1.0,1.96,1.37,1.47,1.08,1.93,1.65,3.03,2.48,5.25,5.25,5.55,1.95
3,10,10,104.5,6.53,10.65,1.6,1.6,8.19,9.58,2.0,6.65,7.34,7.43,4.5,5.79,5.24,6.34,5.79,10.65,9.45,9.9,4.05
3,10,11,151.16,9.45,12.58,2.6,2.6,12.38,12.58,4.99,11.45,10.76,10.86,6.75,9.38,8.55,9.93,9.38,12.3,11.85,12.3,5.1
3,10,12,174.25,10.89,14.17,3.59,3.59,13.98,14.17,3.99,13.6,12.82,13.11,8.02,11.58,10.75,12.41,12.13,13.35,13.05,13.5,4.2
3,10,13,188.49,11.78,14.77,5.79,6.59,14.57,12.98,5.79,14.77,13.6,14.67,7.83,12.68,11.86,13.24,12.96,13.8,13.35,13.8,6.0
3,10,14,188.89,11.81,14.87,3.79,14.37,14.37,13.58,3.79,14.87,13.5,14.77,5.09,12.68,12.13,12.96,12.68,12.9,12.75,13.05,5.4
3,10,15,164.96,10.31,14.09,2.4,13.38,12.98,10.18,2.4,14.09,12.82,13.4,2.84,11.58,11.03,11.58,11.03,11.4,11.1,11.4,3.75
3,10,16,135.86,8.49,12.42,1.86,10.58,10.78,7.59,3.39,12.42,11.35,11.54,1.86,9.65,9.1,9.38,8.82,8.55,8.4,8.7,3.75
3,10,17,86.41,5.4,9.2,1.17,6.99,7.19,3.79,1.4,9.2,8.22,8.51,1.17,6.62,6.07,5.79,4.96,4.95,4.8,4.65,2.1
3,10,18,26.72,1.67,3.19,0.49,3.19,2.99,1.4,0.8,1.86,1.86,1.86,0.49,2.21,1.93,1.65,1.38,1.5,1.35,1.65,0.6
3,10,19,1.23,0.08,0.28,0.0,0.2,0.2,0.0,0.0,0.1,0.1,0.2,0.0,0.0,0.0,0.0,0.28,0.0,0.0,0.15,0.0
3,11,7,0.28,0.02,0.28,0.0,0.0,0.0,0.0,0.0,0.0,0.0,0.0,0.0,0.0,0.28,0.0,0.0,0.0,0.0,0.0,0.0
3,11,8,9.95,0.62,1.4,0.2,1.4,1.4,0.4,0.2,0.29,0.29,0.49,0.39,0.55,0.28,0.83,0.28,1.2,1.05,0.45,0.45
3,11,9,47.42,2.96,6.39,1.17,6.39,5.79,1.2,1.8,1.47,1.57,2.25,1.17,2.21,1.93,3.31,1.38,5.55,5.4,4.65,1.35
3,11,10,91.03,5.69,10.58,1.4,10.58,9.38,1.4,3.59,7.53,7.14,4.5,1.96,5.79,3.86,6.07,1.93,9.75,9.6,6.0,1.95
3,11,11,128.39,8.02,13.78,2.21,13.78,12.18,3.79,9.38,11.25,10.47,2.64,3.82,9.65,6.89,9.93,2.21,12.3,11.55,5.55,3.0
3,11,12,142.87,8.93,15.57,2.1,15.57,13.58,4.19,8.98,13.4,12.42,3.91,3.72,11.58,9.38,12.13,2.21,13.35,12.9,2.1,3.45
3,11,13,149.57,9.35,16.17,2.48,16.17,14.37,2.8,7.79,14.58,13.3,4.5,6.36,12.96,7.72,13.24,2.48,13.65,12.9,3.0,3.75
3,11,14,160.74,10.05,15.77,3.03,15.77,14.17,5.59,8.19,14.67,13.21,7.63,9.1,12.96,5.51,12.96,3.03,12.9,12.15,4.95,7.95
3,11,15,150.3,9.39,14.17,2.48,14.17,11.98,4.59,5.39,14.09,11.64,9.49,10.47,12.13,4.96,11.86,2.48,11.25,9.6,6.15,10.05
3,11,16,120.71,7.54,12.42,1.2,11.38,8.39,1.2,4.99,12.42,8.71,9.68,7.43,9.65,8.0,9.1,2.76,8.55,7.05,6.45,4.95
3,11,17,88.96,5.56,9.29,0.4,7.79,5.19,0.4,3.19,9.2,7.43,9.29,4.89,6.62,3.86,6.07,3.58,4.95,4.95,6.45,5.1
3,11,18,30.41,1.9,3.39,0.2,3.39,2.4,0.2,3.19,2.15,2.35,2.15,0.78,2.21,1.38,1.93,1.38,1.5,2.4,1.95,1.05
3,11,19,2.37,0.15,0.39,0.0,0.2,0.2,0.0,0.0,0.1,0.39,0.2,0.1,0.0,0.0,0.0,0.28,0.0,0.3,0.3,0.3
3,12,8,10.79,0.67,1.6,0.15,1.6,0.2,1.0,0.4,0.29,0.59,0.59,0.39,0.83,0.55,0.55,1.1,1.2,0.9,0.45,0.15
3,12,9,46.68,2.92,6.0,0.6,5.79,4.19,5.99,0.6,1.66,1.27,2.15,1.76,2.21,1.65,3.03,3.03,6.0,3.6,1.95,1.8
3,12,10,85.68,5.36,9.9,2.05,7.39,4.59,8.78,3.59,7.92,6.07,2.05,2.64,6.07,3.86,4.96,4.96,9.9,5.7,4.2,3.0
3,12,11,125.16,7.82,12.38,2.8,3.19,12.38,7.59,2.8,11.64,10.17,6.16,4.99,9.38,6.34,10.48,6.89,12.15,11.1,3.9,6.0
3,12,12,148.75,9.3,13.7,2.99,3.19,11.78,7.99,2.99,13.7,12.72,9.0,4.79,11.86,8.0,12.96,7.17,13.35,12.45,10.35,6.45
3,12,13,153.2,9.57,15.07,2.8,3.39,9.58,9.58,2.8,15.07,13.3,10.17,4.5,12.96,12.13,12.13,6.34,13.8,12.45,9.3,5.7
3,12,14,166.09,10.38,14.87,2.4,14.37,12.58,8.19,2.4,14.87,14.09,10.66,2.54,13.24,12.41,12.96,9.38,13.2,12.0,9.9,3.3
3,12,15,137.76,8.61,14.28,1.5,10.18,9.98,10.78,1.8,14.28,13.7,6.95,1.96,12.41,9.93,10.2,4.69,11.4,10.95,7.05,1.5
3,12,16,110.57,6.91,12.13,0.9,4.19,9.18,9.38,1.0,12.13,11.54,7.14,1.17,9.93,8.55,9.65,3.31,8.7,8.25,5.55,0.9
3,12,17,70.61,4.41,8.02,0.2,6.19,5.79,7.19,0.2,7.53,8.02,3.42,0.88,6.34,5.79,4.41,1.65,4.8,4.5,3.45,0.45
3,12,18,25.31,1.58,3.39,0.0,1.6,3.19,3.39,0.0,2.25,2.15,1.47,0.29,2.21,2.21,1.65,0.55,1.35,1.35,1.35,0.3
3,12,19,2.15,0.13,0.3,0.0,0.0,0.2,0.2,0.0,0.1,0.2,0.29,0.0,0.28,0.0,0.28,0.0,0.15,0.3,0.15,0.0
3,13,7,0.1,0.01,0.1,0.0,0.0,0.0,0.0,0.0,0.1,0.0,0.0,0.0,0.0,0.0,0.0,0.0,0.0,0.0,0.0,0.0
3,13,8,15.07,0.94,1.6,0.29,1.6,1.6,1.6,1.4,0.29,0.49,0.29,0.39,0.55,0.83,0.55,0.83,1.35,1.2,1.05,1.05
3,13,9,62.15,3.88,6.39,1.47,6.39,4.79,5.79,6.19,1.86,1.47,1.57,1.76,2.76,2.21,3.58,2.48,6.0,4.65,4.95,5.7
3,13,10,123.44,7.72,10.98,4.3,10.98,8.58,7.19,9.18,8.02,7.24,4.3,7.14,6.89,4.41,7.17,6.34,10.5,9.75,6.0,9.75
3,13,11,165.46,10.34,13.98,4.5,13.98,12.78,12.18,10.18,11.84,11.15,9.2,7.34,10.75,6.89,10.75,8.82,12.9,12.0,4.5,10.2
3,13,12,186.19,11.64,14.97,7.17,14.57,14.97,7.59,7.79,14.58,13.79,10.27,8.9,12.13,8.27,13.51,7.17,14.4,13.5,13.5,11.25
3,13,13,205.5,12.84,16.37,7.19,16.37,14.97,7.19,10.78,14.28,15.16,12.23,10.86,14.34,9.38,14.06,11.58,14.55,13.95,13.8,12.0
3,13,14,207.81,12.99,15.97,8.32,15.97,14.97,12.18,14.17,15.65,10.47,14.87,8.32,13.79,9.65,13.24,11.58,13.8,13.2,13.5,12.45
3,13,15,169.81,10.61,14.97,3.82,12.98,12.98,5.39,7.79,14.97,3.82,13.89,11.64,12.68,8.82,12.13,7.72,12.0,11.4,11.7,9.9
3,13,16,140.35,8.77,13.11,2.35,11.78,9.58,8.58,5.79,13.11,2.35,12.72,9.1,10.2,9.1,9.38,5.51,9.15,8.4,9.15,6.45
3,13,17,86.94,5.43,9.59,1.66,7.79,4.79,6.39,2.0,9.59,1.66,9.49,3.62,7.17,6.34,6.07,3.58,5.1,4.65,5.25,3.45
3,13,18,29.96,1.87,3.19,0.4,3.19,1.8,2.8,0.4,2.45,0.98,2.54,1.37,2.76,2.21,1.93,1.38,1.65,1.65,1.5,1.35
3,13,19,2.14,0.13,0.3,0.0,0.2,0.2,0.0,0.2,0.2,0.2,0.1,0.29,0.0,0.0,0.0,0.0,0.15,0.15,0.15,0.3
3,14,8,13.6,0.85,1.8,0.0,1.8,1.8,1.6,0.0,0.29,0.49,0.39,0.29,0.83,0.83,0.83,0.55,1.2,1.2,1.35,0.15
3,14,9,56.24,3.51,6.79,0.4,6.79,6.39,6.39,0.4,1.86,1.86,1.86,1.17,2.76,2.48,3.58,1.65,6.3,5.55,6.3,0.9
3,14,10,112.82,7.05,10.98,1.0,10.98,10.78,10.18,1.0,7.83,7.53,7.63,1.76,6.89,5.79,7.17,3.03,10.2,9.45,10.2,2.4
3,14,11,151.84,9.49,14.17,1.57,14.17,13.78,11.38,1.8,11.74,10.96,11.35,1.57,10.2,8.0,10.75,5.79,12.9,12.0,12.9,2.55
3,14,12,185.53,11.6,15.77,2.0,15.77,15.77,15.17,2.0,13.89,13.01,13.5,6.46,12.13,10.75,13.24,5.24,14.1,13.2,14.25,7.05
3,14,13,206.19,12.89,16.17,2.2,16.17,15.97,13.98,2.2,14.97,13.79,14.58,11.15,13.24,12.13,14.06,8.0,14.25,13.5,14.25,13.95
3,14,14,187.94,11.75,15.77,3.31,15.77,15.57,15.37,4.59,15.07,13.79,14.28,5.87,12.96,11.03,11.58,3.31,13.5,12.9,13.35,9.0
3,14,15,179.17,11.2,14.18,3.19,13.78,13.78,13.78,3.19,14.18,13.21,13.7,11.05,11.86,7.17,11.58,5.24,12.0,11.25,11.7,11.7
3,14,16,144.13,9.01,12.52,1.6,11.38,11.18,11.18,1.6,12.52,11.54,12.23,5.28,9.93,8.55,8.27,7.17,9.0,8.4,9.0,6.9
3,14,17,92.7,5.79,9.29,0.8,7.59,7.59,7.99,0.8,9.29,8.02,8.8,1.76,6.89,6.07,5.51,4.69,5.1,4.65,4.95,3.0
3,14,18,32.49,2.03,3.39,0.4,3.19,3.39,3.39,0.4,2.54,2.35,2.54,1.27,2.48,2.21,1.65,1.38,1.65,1.5,1.5,1.05
3,14,19,2.7,0.17,0.3,0.0,0.2,0.2,0.2,0.0,0.1,0.2,0.2,0.29,0.28,0.0,0.28,0.0,0.15,0.15,0.3,0.15
3,15,8,13.11,0.82,2.0,0.2,2.0,0.2,1.6,0.2,0.39,0.78,0.49,0.49,0.55,1.1,0.83,0.28,1.35,0.9,1.5,0.45
3,15,9,51.28,3.2,6.79,0.28,6.79,0.4,6.39,2.2,1.96,1.96,1.86,1.57,3.03,2.21,3.58,0.28,6.3,5.55,5.55,1.65
3,15,10,107.65,6.73,11.18,0.8,11.18,0.8,10.58,3.39,8.02,7.04,7.83,3.91,6.89,5.79,6.89,0.83,10.5,9.3,10.2,4.5
3,15,11,151.48,9.47,13.98,1.1,13.98,1.8,13.78,6.39,11.74,11.15,10.96,6.55,10.48,9.1,10.2,1.1,12.9,11.85,12.6,6.9
3,15,12,171.76,10.74,15.57,1.93,15.17,3.99,15.57,6.79,13.6,10.96,13.4,7.63,12.41,10.2,12.41,1.93,13.95,13.05,13.5,7.2
3,15,13,183.83,11.49,16.17,1.93,15.57,3.99,16.17,4.99,14.48,13.6,14.28,9.49,13.24,12.13,12.96,1.93,14.25,13.5,13.95,9.3
3,15,14,188.46,11.78,15.57,2.21,14.97,8.58,15.57,7.39,14.67,15.07,14.67,9.0,13.24,12.96,12.13,2.21,13.5,13.2,13.35,7.95
3,15,15,164.76,10.3,14.28,1.38,13.58,8.58,13.98,3.79,13.89,14.28,13.3,6.46,12.41,11.58,11.03,1.38,11.55,11.4,11.25,6.3
3,15,16,127.28,7.95,12.42,2.48,11.18,4.79,11.18,2.6,12.42,10.76,10.57,3.72,9.93,9.38,8.27,2.48,8.85,8.55,8.85,3.75
3,15,17,71.21,4.45,9.29,0.55,7.59,1.2,7.79,1.8,9.29,1.76,7.34,2.35,6.89,4.96,4.69,0.55,5.1,3.45,4.2,2.25
3,15,18,26.77,1.67,3.19,0.2,3.19,0.2,3.19,1.0,2.74,0.68,2.25,0.98,3.03,1.93,1.93,0.55,1.65,0.9,1.5,1.05
3,15,19,2.46,0.15,0.3,0.0,0.2,0.2,0.2,0.0,0.1,0.2,0.2,0.2,0.0,0.28,0.28,0.0,0.15,0.0,0.3,0.15
3,16,7,0.73,0.05,0.28,0.0,0.0,0.0,0.2,0.0,0.0,0.0,0.1,0.0,0.28,0.0,0.0,0.0,0.0,0.15,0.0,0.0
3,16,8,13.72,0.86,1.8,0.1,1.6,1.6,1.8,0.2,0.39,0.78,0.29,0.1,0.55,0.55,1.38,0.28,1.35,1.35,1.35,0.15
3,16,9,55.15,3.45,6.59,0.2,5.79,6.59,6.59,0.2,2.05,2.54,2.05,0.39,3.03,2.76,3.86,0.55,6.15,5.85,6.3,0.45
3,16,10,106.87,6.68,10.78,0.6,10.18,7.79,10.78,0.6,7.83,8.02,7.73,1.08,7.17,6.89,6.07,1.38,10.05,10.2,10.35,0.75
3,16,11,148.18,9.26,14.57,1.57,13.18,14.57,13.98,1.6,11.25,10.57,11.35,1.57,10.2,10.2,9.38,1.93,12.3,11.55,12.6,1.95
3,16,12,163.28,10.21,15.57,1.65,14.97,9.38,15.57,2.2,12.91,13.99,13.4,2.15,12.13,12.13,10.2,1.65,13.5,12.3,13.8,3.0
3,16,13,171.64,10.73,16.17,1.27,15.57,8.39,16.17,2.0,13.89,14.28,14.48,1.27,13.51,13.79,12.13,2.21,13.65,13.35,14.1,2.85
3,16,14,173.03,10.81,15.77,1.6,14.97,13.18,15.77,1.6,14.18,13.4,14.58,1.96,13.24,13.24,12.68,1.93,13.05,13.95,13.35,1.95
3,16,15,153.46,9.59,14.17,1.38,13.78,9.38,14.17,1.8,13.7,11.25,13.7,1.66,12.13,12.41,10.75,1.38,11.4,12.3,11.85,1.8
3,16,16,121.72,7.61,12.33,1.2,11.38,8.78,11.38,1.4,12.33,8.9,12.03,1.37,10.2,9.1,6.62,1.38,8.7,8.1,8.85,1.2
3,16,17,80.96,5.06,9.2,0.59,7.79,5.79,7.79,0.8,9.2,5.58,9.2,0.59,6.89,6.89,5.51,0.83,4.95,3.3,5.25,0.6
3,16,18,26.93,1.68,3.39,0.2,3.19,1.0,3.39,0.2,2.84,1.17,2.74,0.29,2.76,2.21,2.21,0.28,1.65,1.05,1.65,0.3
3,16,19,2.11,0.13,0.4,0.0,0.2,0.0,0.4,0.0,0.1,0.2,0.1,0.1,0.28,0.28,0.0,0.0,0.15,0.15,0.15,0.0
3,17,7,0.25,0.02,0.15,0.0,0.0,0.0,0.0,0.0,0.1,0.0,0.0,0.0,0.0,0.0,0.0,0.0,0.0,0.0,0.15,0.0
3,17,8,13.91,0.87,1.8,0.2,0.4,1.4,1.8,0.2,0.68,0.39,0.49,0.29,0.83,1.1,0.83,0.55,1.65,1.5,1.5,0.3
3,17,9,49.81,3.11,6.59,1.17,2.2,2.0,6.59,1.2,2.25,2.15,2.25,1.17,3.03,2.76,4.41,1.65,4.2,6.3,6.45,1.2
3,17,10,101.88,6.37,10.78,2.4,4.79,6.59,10.78,2.4,4.4,8.12,7.92,2.74,6.62,3.31,8.0,2.76,10.05,10.35,10.35,2.7
3,17,11,132.36,8.27,13.98,2.48,6.39,10.38,13.98,3.79,7.43,11.84,11.54,4.21,9.93,2.48,11.03,4.41,6.45,11.85,12.75,3.9
3,17,12,146.86,9.18,15.57,1.38,7.79,10.18,15.57,4.99,5.38,12.62,13.7,5.09,12.13,1.38,12.96,6.07,6.3,13.5,13.95,5.25
3,17,13,150.34,9.4,16.37,3.31,6.79,11.98,16.37,5.19,7.53,12.23,14.77,5.18,12.96,3.31,13.51,6.62,4.5,9.9,13.95,5.55
3,17,14,136.41,8.53,15.77,1.93,4.99,9.98,15.77,5.99,7.34,9.2,14.77,5.28,12.13,1.93,12.96,6.07,5.55,4.95,13.5,6.0
3,17,15,125.32,7.83,14.37,1.1,2.8,14.37,14.17,5.59,5.97,8.32,13.79,4.79,11.03,1.1,11.58,4.96,6.6,3.3,11.85,5.1
3,17,16,102.87,6.43,12.23,0.83,6.79,8.98,11.58,3.99,3.62,5.18,12.23,4.01,8.82,0.83,9.38,3.31,5.85,5.4,8.85,4.05
3,17,17,68.78,4.3,9.0,1.65,3.79,4.79,7.99,2.4,2.64,4.5,9.0,3.03,6.89,2.21,5.79,1.65,2.4,3.75,5.25,2.7
3,17,18,28.58,1.79,3.99,0.8,3.99,1.0,3.59,0.8,1.08,1.57,2.84,1.27,3.03,1.1,1.93,0.83,1.35,1.35,1.65,1.2
3,17,19,2.37,0.15,0.4,0.0,0.4,0.0,0.2,0.2,0.1,0.2,0.1,0.29,0.0,0.0,0.0,0.28,0.15,0.15,0.15,0.15
3,18,7,0.88,0.06,0.28,0.0,0.0,0.0,0.0,0.0,0.1,0.1,0.1,0.0,0.0,0.0,0.28,0.0,0.0,0.15,0.0,0.15
3,18,8,14.08,0.88,1.8,0.15,1.8,1.2,1.8,0.6,0.29,0.39,0.29,0.2,1.1,0.55,0.83,0.83,1.5,0.9,1.65,0.15
3,18,9,64.37,4.02,7.19,1.65,7.19,4.19,6.79,3.79,2.35,2.35,2.25,1.96,3.03,1.65,4.41,2.21,6.45,5.4,6.75,3.6
3,18,10,134.23,8.39,11.38,3.03,11.38,7.59,11.18,10.38,8.12,7.14,8.32,7.34,7.44,3.03,8.55,3.86,10.5,9.0,10.8,9.6
3,18,11,181.08,11.32,14.57,6.07,14.57,10.78,14.17,12.18,11.74,10.47,11.74,10.66,10.48,6.07,11.58,7.44,12.9,11.4,13.05,11.85
3,18,12,209.69,13.11,15.77,8.0,15.77,12.78,15.77,14.97,13.89,12.42,14.09,12.91,12.68,8.0,13.24,8.27,14.25,12.75,14.55,13.35
3,18,13,219.71,13.73,16.17,9.1,15.57,12.38,16.17,15.57,14.87,13.21,15.07,14.09,13.24,11.58,13.51,9.1,14.4,12.9,14.7,13.35
3,18,14,209.55,13.1,15.37,7.17,15.37,12.78,11.38,15.17,14.97,13.4,15.16,13.89,13.51,11.31,13.24,7.17,13.65,12.15,13.8,12.6
3,18,15,187.9,11.74,14.38,5.51,13.18,11.38,11.18,13.38,14.09,12.33,14.38,13.01,12.68,10.2,11.58,5.51,11.7,10.35,12.15,10.8
3,18,16,151.9,9.49,12.62,4.14,10.38,7.19,11.58,10.78,12.33,9.98,12.62,11.15,10.2,8.27,9.38,4.14,8.85,7.65,9.3,8.1
3,18,17,98.9,6.18,9.39,2.48,7.39,2.8,7.79,7.19,9.29,6.75,9.39,8.12,7.17,4.96,6.07,2.48,5.1,4.35,5.4,4.65
3,18,18,35.5,2.22,3.59,1.0,2.99,1.0,3.59,3.19,2.93,2.35,2.54,2.74,2.48,1.93,1.93,1.38,1.5,1.8,1.65,1.5
3,18,19,3.41,0.21,0.4,0.0,0.4,0.0,0.2,0.2,0.2,0.29,0.2,0.2,0.28,0.28,0.28,0.28,0.15,0.15,0.15,0.15
3,19,7,0.15,0.01,0.15,0.0,0.0,0.0,0.0,0.0,0.0,0.0,0.0,0.0,0.0,0.0,0.0,0.0,0.15,0.0,0.0,0.0
3,19,8,15.64,0.98,1.8,0.39,1.8,0.6,1.4,1.6,0.39,0.68,0.39,0.49,0.83,0.55,0.83,0.83,1.65,0.6,1.65,1.35
3,19,9,63.0,3.94,7.19,1.76,6.79,2.8,7.19,5.79,2.35,2.35,1.96,1.76,3.31,1.93,4.69,3.03,6.45,2.25,6.6,3.75
3,19,10,122.23,7.64,10.98,3.31,10.98,5.79,6.39,9.78,8.12,5.97,7.73,5.87,7.17,3.31,9.38,6.34,10.35,6.9,9.45,8.7
3,19,11,167.53,10.47,13.98,2.48,13.98,8.39,9.78,12.58,11.74,8.8,11.64,9.88,10.48,2.48,11.58,9.1,12.9,9.9,13.05,11.25
3,19,12,200.45,12.53,15.97,7.17,15.97,11.58,15.77,14.17,13.7,10.37,12.72,12.23,12.13,7.17,12.96,11.58,14.1,11.85,12.0,12.15
3,19,13,211.0,13.19,16.37,9.93,16.37,12.98,14.77,14.17,14.67,12.52,14.77,11.84,13.24,9.93,10.48,11.86,14.4,12.3,13.95,12.75
3,19,14,200.17,12.51,15.97,6.34,15.97,11.38,14.17,13.38,14.87,12.52,14.77,12.62,13.24,6.34,9.1,11.86,13.35,11.85,13.65,11.1
3,19,15,175.16,10.95,14.17,6.0,14.17,6.39,10.78,13.78,14.09,12.03,14.09,10.47,12.41,6.07,10.75,9.93,11.55,10.95,11.7,6.0
3,19,16,139.51,8.72,12.33,4.19,11.78,4.19,10.58,6.99,12.33,9.98,12.33,7.34,10.2,6.07,9.1,7.72,8.85,7.95,8.85,5.25
3,19,17,87.74,5.48,9.0,2.2,7.99,2.2,7.59,3.79,9.0,6.65,7.73,4.79,6.89,4.69,4.69,3.58,5.1,4.95,5.25,2.85
3,19,18,30.95,1.93,3.59,0.6,3.59,1.0,3.19,1.6,3.03,2.35,2.05,0.78,3.03,1.93,1.65,1.65,1.5,1.65,1.35,0.6
3,19,19,2.27,0.14,0.39,0.0,0.2,0.0,0.2,0.2,0.1,0.39,0.2,0.1,0.0,0.0,0.28,0.0,0.15,0.3,0.15,0.0
3,20,7,0.4,0.02,0.15,0.0,0.0,0.0,0.0,0.0,0.1,0.0,0.0,0.0,0.0,0.0,0.0,0.0,0.15,0.0,0.15,0.0
3,20,8,12.02,0.75,2.2,0.0,2.2,0.2,2.0,0.4,0.29,0.1,0.39,0.2,1.1,0.28,0.83,0.28,1.8,0.0,1.8,0.15
3,20,9,49.05,3.07,7.2,0.15,6.99,0.2,6.59,3.99,2.54,0.49,2.64,0.29,3.31,1.1,4.96,1.1,6.9,0.15,7.2,0.6
3,20,10,93.96,5.87,11.38,0.2,11.38,0.2,10.98,8.19,8.41,0.98,8.51,1.08,7.72,0.55,9.65,2.76,10.65,0.9,10.95,1.05
3,20,11,117.37,7.34,14.37,0.55,14.37,1.8,13.78,4.99,11.93,1.47,12.23,0.98,10.48,0.55,11.86,2.48,13.2,1.8,13.5,1.95
3,20,12,146.82,9.18,16.37,1.1,16.37,5.59,16.17,8.39,14.09,2.35,14.38,2.93,12.41,1.1,14.06,1.93,14.4,1.95,14.85,5.85
3,20,13,166.19,10.39,16.37,0.83,16.37,5.79,16.37,13.58,15.16,4.4,15.46,6.65,13.51,0.83,14.61,5.51,14.4,2.7,15.0,5.85
3,20,14,148.63,9.29,16.37,0.83,16.17,4.19,16.37,10.98,15.16,2.45,15.46,1.37,13.24,0.83,13.79,7.72,13.65,1.2,13.95,2.1
3,20,15,127.45,7.97,14.77,0.3,14.77,6.59,14.57,5.79,14.28,3.91,14.58,0.39,12.41,0.55,12.41,1.1,11.85,1.65,12.3,0.3
3,20,16,105.09,6.57,12.72,0.0,11.98,1.2,11.78,9.18,12.62,3.72,12.72,0.49,10.2,0.0,8.27,1.93,9.0,2.1,9.45,0.45
3,20,17,77.74,4.86,9.59,0.28,8.39,1.4,8.19,5.79,9.49,4.3,9.59,0.49,7.17,0.28,5.79,4.41,5.1,1.65,5.4,0.3
3,20,18,30.62,1.91,3.79,0.0,3.79,0.0,3.59,1.2,3.23,2.84,3.23,0.39,2.76,0.28,2.21,1.1,1.8,1.5,1.8,0.9
3,20,19,2.5,0.16,0.3,0.0,0.2,0.0,0.2,0.0,0.1,0.29,0.2,0.2,0.28,0.0,0.28,0.0,0.15,0.3,0.3,0.0
3,21,7,0.65,0.04,0.2,0.0,0.2,0.2,0.0,0.0,0.1,0.0,0.0,0.0,0.0,0.0,0.0,0.0,0.0,0.15,0.0,0.0
3,21,8,16.42,1.03,2.25,0.0,2.0,0.2,2.2,0.8,0.39,0.59,0.39,0.1,1.1,0.55,1.1,0.55,2.1,2.25,2.1,0.0
3,21,9,63.05,3.94,7.19,0.29,7.19,0.8,6.99,5.19,3.13,2.15,2.74,0.29,3.31,2.21,4.69,2.76,7.05,6.6,7.05,0.9
3,21,10,121.82,7.61,11.38,0.8,11.38,0.8,11.18,10.98,8.51,5.09,8.51,0.88,7.72,6.07,9.38,7.72,10.65,10.65,11.1,1.2
3,21,11,161.6,10.1,14.57,1.4,14.37,1.4,14.57,10.98,11.74,12.82,11.93,2.05,10.75,5.51,12.13,10.75,12.9,13.5,13.35,2.85
3,21,12,167.99,10.5,15.97,2.6,15.77,2.6,15.97,8.39,13.79,6.95,14.09,4.3,12.68,8.0,13.24,11.86,14.1,8.55,14.4,3.3
3,21,13,189.34,11.83,16.57,4.39,16.17,4.39,16.57,8.58,14.77,8.71,14.97,12.72,13.79,9.1,14.06,4.96,14.1,14.4,14.55,7.5
3,21,14,180.3,11.27,15.97,4.39,15.37,4.39,15.97,13.18,14.77,4.89,14.67,5.48,13.51,12.96,13.24,8.82,13.35,9.9,13.8,6.0
3,21,15,160.11,10.01,14.37,1.76,13.78,9.78,14.37,9.58,13.6,4.01,13.79,1.76,12.41,10.75,12.41,6.07,11.7,9.75,12.0,4.35
3,21,16,140.21,8.76,12.62,3.75,11.38,11.18,11.78,7.39,12.62,6.65,12.33,5.87,10.48,4.41,9.93,6.34,8.85,3.75,9.15,8.1
3,21,17,95.92,6.0,9.2,1.65,7.99,4.39,7.99,7.19,6.07,8.02,9.2,5.09,6.89,5.24,6.34,4.41,4.95,1.65,5.4,5.1
3,21,18,36.4,2.27,3.59,0.49,3.59,2.6,3.59,1.8,3.03,0.49,3.33,3.13,3.03,1.65,2.21,1.65,1.5,1.5,1.8,1.5
3,21,19,3.08,0.19,0.4,0.0,0.4,0.0,0.2,0.0,0.2,0.29,0.2,0.2,0.28,0.28,0.0,0.28,0.15,0.15,0.15,0.3
3,22,7,1.66,0.1,0.28,0.0,0.0,0.2,0.2,0.2,0.1,0.1,0.0,0.0,0.0,0.28,0.28,0.0,0.15,0.0,0.15,0.0
3,22,8,19.91,1.24,2.4,0.29,2.0,1.8,2.0,0.8,0.39,0.29,0.39,0.88,1.1,0.83,0.83,1.1,2.1,2.1,2.4,0.9
3,22,9,72.93,4.56,7.19,1.66,6.99,6.59,7.19,2.6,2.84,2.84,2.84,1.66,3.58,3.31,4.96,2.48,6.6,6.75,6.9,4.8
3,22,10,126.82,7.93,11.18,3.52,10.58,7.39,11.18,4.99,8.12,8.12,8.12,3.52,7.44,6.62,9.38,5.51,10.65,10.5,10.5,4.2
3,22,11,161.99,10.12,14.17,2.54,13.58,11.98,14.17,4.99,11.74,11.45,11.54,2.54,10.75,6.34,11.86,8.0,12.9,12.6,12.75,4.8
3,22,12,178.33,11.15,15.57,4.2,15.17,11.18,15.57,4.59,13.89,12.91,13.5,4.21,12.68,6.62,12.96,8.55,14.1,14.1,14.1,4.2
3,22,13,193.47,12.09,16.17,3.19,15.77,14.17,16.17,3.19,14.97,11.74,14.28,5.38,13.51,6.34,13.79,12.41,14.25,14.1,14.1,9.3
3,22,14,186.55,11.66,15.97,1.6,15.37,15.17,15.97,1.6,15.07,11.45,13.99,5.28,13.51,8.55,13.51,12.68,13.5,13.5,13.35,4.05
3,22,15,162.78,10.17,14.18,1.8,13.78,10.58,13.98,1.8,14.18,7.24,12.82,3.42,12.41,11.03,12.41,11.03,11.7,12.0,11.55,2.85
3,22,16,126.64,7.92,12.33,0.8,10.78,4.59,11.38,0.8,12.33,10.47,11.74,1.27,9.93,9.65,9.65,8.55,8.85,6.6,8.55,1.5
3,22,17,86.06,5.38,9.29,0.29,6.59,5.99,7.99,0.4,9.2,9.29,9.0,0.29,6.89,6.62,6.34,4.41,5.1,1.95,5.1,0.9
3,22,18,35.72,2.23,3.99,0.45,3.19,2.99,3.99,1.0,3.33,3.52,3.33,0.49,3.03,2.21,2.21,1.93,1.65,0.75,1.65,0.45
3,22,19,3.48,0.22,0.4,0.0,0.4,0.2,0.4,0.0,0.2,0.29,0.2,0.2,0.28,0.28,0.28,0.0,0.3,0.15,0.3,0.0
3,23,7,0.88,0.06,0.28,0.0,0.0,0.0,0.2,0.0,0.1,0.0,0.0,0.0,0.28,0.0,0.0,0.0,0.15,0.0,0.15,0.0
3,23,8,18.71,1.17,2.4,0.0,2.2,1.8,2.4,0.0,0.49,0.68,0.49,0.59,0.83,1.1,1.1,0.28,2.1,1.8,2.25,0.6
3,23,9,63.38,3.96,6.75,0.83,6.59,6.39,6.59,1.0,2.84,2.93,2.84,1.27,3.58,3.31,4.96,0.83,6.6,6.0,6.75,0.9
3,23,10,115.75,7.23,11.18,0.28,10.98,10.58,11.18,2.4,8.02,7.24,8.12,1.37,7.44,6.34,9.1,0.28,10.35,9.6,10.35,2.4
3,23,11,153.14,9.57,13.98,0.83,13.58,13.58,13.98,2.6,11.45,10.96,11.54,3.52,10.75,8.27,11.58,0.83,12.6,12.3,12.6,3.0
3,23,12,179.16,11.2,15.37,1.96,15.37,15.17,14.97,5.59,13.6,13.01,13.5,1.96,12.68,12.13,13.24,4.14,13.95,13.65,13.65,2.55
3,23,13,182.93,11.43,16.17,1.57,16.17,15.97,15.57,3.39,14.58,11.35,14.18,1.57,13.24,12.13,13.79,6.89,13.95,13.8,13.8,2.55
3,23,14,164.95,10.31,15.17,1.37,15.17,14.57,14.97,2.4,14.58,9.1,13.99,1.37,13.24,6.34,13.79,3.58,13.35,13.05,13.35,2.1
3,23,15,152.82,9.55,14.37,0.83,14.37,11.98,13.18,2.6,13.79,8.02,13.79,2.93,11.86,12.41,12.41,0.83,11.4,9.75,10.65,2.85
3,23,16,132.73,8.3,12.23,0.83,8.98,10.98,10.98,5.79,12.03,10.37,12.23,3.13,9.65,9.93,9.93,0.83,8.7,7.2,8.1,3.9
3,23,17,87.71,5.48,9.39,0.55,5.19,7.39,7.59,4.59,8.61,5.38,9.39,3.23,6.34,3.31,6.34,0.55,5.25,5.25,5.25,4.05
3,23,18,35.95,2.25,3.42,0.0,2.8,3.19,3.19,1.4,3.03,2.25,3.42,1.37,3.03,3.31,2.21,0.0,1.8,1.5,1.8,1.65
3,23,19,3.53,0.22,0.4,0.0,0.2,0.2,0.4,0.2,0.29,0.2,0.2,0.1,0.28,0.0,0.28,0.28,0.3,0.3,0.3,0.0
3,24,7,0.9,0.06,0.2,0.0,0.2,0.2,0.0,0.0,0.0,0.1,0.1,0.0,0.0,0.0,0.0,0.0,0.15,0.15,0.0,0.0
3,24,8,20.36,1.27,2.55,0.39,2.0,2.2,0.4,1.8,0.59,0.39,0.39,0.68,1.1,0.83,1.1,1.38,2.1,2.25,2.55,0.6
3,24,9,66.05,4.13,6.99,1.0,6.59,6.99,1.0,5.79,2.84,2.93,3.13,2.25,3.58,2.76,4.96,1.93,6.3,6.75,6.9,1.35
3,24,10,118.8,7.42,10.98,2.1,10.58,10.98,2.2,7.99,7.83,8.02,8.51,2.64,7.17,6.34,9.1,4.14,10.05,10.5,10.65,2.1
3,24,11,150.67,9.42,13.78,1.47,13.78,13.78,2.99,12.38,11.25,11.54,12.03,1.47,10.2,5.51,11.58,2.76,12.6,12.75,12.75,3.3
3,24,12,166.54,10.41,15.77,1.66,15.37,15.77,7.19,10.38,13.7,11.25,13.79,1.66,12.13,6.07,13.24,4.14,13.95,11.4,14.1,2.4
3,24,13,178.09,11.13,15.97,2.54,15.97,14.97,15.57,8.19,14.67,7.53,14.77,2.54,12.41,9.38,13.51,3.58,13.95,11.7,14.25,5.1
3,24,14,166.14,10.38,15.17,2.21,14.97,7.59,15.17,3.79,14.18,10.37,14.77,4.21,13.24,12.68,13.51,2.21,11.7,10.5,13.5,3.75
3,24,15,152.8,9.55,14.18,2.48,13.98,5.59,13.58,2.8,13.3,7.43,14.18,4.21,11.86,12.41,12.13,2.48,11.7,9.75,11.85,5.55
3,24,16,125.26,7.83,12.42,2.6,10.58,2.8,11.18,2.6,12.13,6.16,12.42,3.03,9.65,8.55,9.65,2.76,8.4,8.55,8.85,7.95
3,24,17,81.96,5.12,9.29,1.2,7.39,1.2,7.59,1.2,9.1,6.26,9.29,3.03,6.34,4.14,6.34,1.93,5.1,4.05,5.25,3.75
3,24,18,31.56,1.97,3.62,0.55,2.8,1.6,3.39,0.6,3.23,2.45,3.62,0.98,3.03,1.1,2.21,0.55,1.8,1.8,1.8,0.6
3,24,19,4.1,0.26,0.45,0.0,0.4,0.2,0.2,0.0,0.29,0.2,0.29,0.2,0.28,0.28,0.28,0.28,0.45,0.3,0.3,0.15
3,25,7,0.95,0.06,0.2,0.0,0.0,0.0,0.2,0.0,0.1,0.1,0.0,0.1,0.0,0.0,0.0,0.0,0.15,0.15,0.15,0.0
3,25,8,19.39,1.21,2.55,0.15,2.0,2.2,1.0,0.4,0.59,0.49,0.78,0.2,1.1,0.55,1.38,1.65,2.1,2.25,2.55,0.15
3,25,9,62.09,3.88,6.99,1.05,6.99,6.59,3.59,1.6,2.93,3.03,2.93,1.08,3.58,3.03,5.24,1.1,6.45,6.75,6.15,1.05
3,25,10,114.43,7.15,11.18,2.15,11.18,10.38,9.38,2.6,7.92,5.28,8.22,2.15,7.17,3.03,9.38,5.79,10.2,10.2,9.3,2.25
3,25,11,155.89,9.74,13.98,3.0,13.98,13.18,13.38,3.79,11.35,11.35,9.0,3.52,10.75,5.51,11.86,7.72,12.6,12.6,12.3,3.0
3,25,12,175.39,10.96,15.57,4.2,15.57,14.77,15.37,4.79,13.4,13.11,10.66,5.77,12.41,7.44,13.24,5.51,13.8,13.65,11.7,4.2
3,25,13,193.64,12.1,16.37,5.18,16.37,15.37,14.77,6.39,14.48,14.09,13.99,5.18,13.24,9.1,13.51,10.2,13.8,13.95,13.35,5.85
3,25,14,182.55,11.41,15.77,5.38,15.77,7.59,13.98,6.39,14.38,11.84,13.79,5.38,13.24,9.65,12.96,12.13,13.2,12.9,12.75,6.6
3,25,15,143.72,8.98,14.17,2.8,14.17,2.8,10.18,5.19,13.7,3.62,13.3,4.11,11.86,4.96,11.58,10.75,11.4,10.5,11.55,4.05
3,25,16,125.43,7.84,12.03,1.5,11.78,10.78,9.98,3.99,12.03,10.86,8.9,3.82,9.93,2.21,9.38,8.82,8.7,1.5,8.4,4.35
3,25,17,76.48,4.78,8.8,1.4,7.99,3.99,6.19,1.4,8.8,6.95,5.28,2.93,6.89,1.93,5.24,5.24,5.1,1.65,4.2,2.7
3,25,18,32.46,2.03,3.42,0.6,3.39,2.0,2.8,0.6,3.42,2.35,2.35,1.08,3.03,0.83,2.21,1.65,1.65,1.95,1.65,1.5
3,25,19,4.5,0.28,0.4,0.2,0.4,0.2,0.4,0.2,0.2,0.29,0.29,0.2,0.28,0.28,0.28,0.28,0.3,0.3,0.3,0.3
3,26,7,1.31,0.08,0.28,0.0,0.2,0.0,0.0,0.0,0.1,0.1,0.1,0.1,0.0,0.0,0.28,0.28,0.0,0.15,0.0,0.0
3,26,8,23.28,1.45,2.4,0.78,2.2,0.8,2.2,1.2,0.78,0.88,0.78,0.98,1.38,1.1,1.65,1.38,2.1,2.4,1.95,1.5
3,26,9,66.44,4.15,7.59,1.96,7.59,3.39,6.79,3.79,3.03,1.96,3.03,2.74,3.58,3.58,3.58,3.58,5.85,5.25,5.55,3.15
3,26,10,127.57,7.97,11.78,3.72,11.78,9.98,10.38,7.19,7.63,3.72,7.63,4.79,7.17,7.44,7.44,7.17,9.6,10.8,9.6,5.25
3,26,11,162.47,10.15,14.77,5.28,14.77,13.18,12.78,8.39,11.93,5.28,10.66,7.14,7.44,10.2,9.65,9.65,12.3,9.0,12.15,7.95
3,26,12,188.52,11.78,16.37,8.12,16.37,15.17,9.38,8.78,14.09,10.96,11.45,8.12,11.86,12.13,10.75,11.31,14.25,12.15,13.05,8.7
3,26,13,190.48,11.9,16.37,7.79,16.37,15.77,7.99,7.79,14.97,8.32,13.5,9.1,9.65,12.68,11.58,11.31,14.55,13.05,13.5,10.35
3,26,14,172.02,10.75,16.37,4.14,16.37,15.17,4.99,6.79,14.77,8.12,10.47,9.0,4.14,12.41,11.86,11.58,13.35,11.4,10.8,10.8
3,26,15,155.38,9.71,14.77,3.99,14.77,12.98,3.99,7.19,13.21,8.22,10.47,9.88,6.07,9.1,10.75,10.2,10.35,10.2,7.8,10.2
3,26,16,133.01,8.31,12.33,2.99,12.18,11.38,8.58,2.99,9.29,12.33,9.39,9.2,5.79,4.41,8.55,7.72,7.95,8.7,7.35,7.2
3,26,17,87.42,5.46,9.68,1.2,8.19,7.39,6.99,1.2,5.38,9.68,7.04,5.28,1.65,6.62,4.41,4.69,4.2,5.4,4.5,4.8
3,26,18,36.04,2.25,3.72,0.6,3.59,3.19,2.99,0.6,2.15,3.72,2.64,2.64,1.38,2.76,1.38,1.65,1.65,1.8,1.95,1.95
3,26,19,4.83,0.3,0.49,0.0,0.4,0.4,0.4,0.0,0.39,0.49,0.29,0.29,0.28,0.28,0.28,0.28,0.3,0.3,0.3,0.15
3,27,7,1.03,0.06,0.3,0.0,0.0,0.0,0.0,0.0,0.1,0.1,0.1,0.0,0.28,0.0,0.0,0.0,0.15,0.3,0.0,0.0
3,27,8,17.53,1.1,2.4,0.0,2.4,2.4,0.8,0.0,0.59,1.08,0.88,0.0,1.1,1.38,1.65,0.0,2.25,2.1,0.9,0.0
3,27,9,52.96,3.31,7.39,0.1,7.39,7.39,2.8,0.2,3.23,2.45,2.54,0.1,3.86,3.86,3.86,0.28,6.6,4.65,3.6,0.15
3,27,10,100.03,6.25,11.58,0.83,11.58,11.58,4.99,1.2,8.22,5.58,4.99,0.88,7.44,6.62,7.17,0.83,10.35,10.8,6.45,1.35
3,27,11,154.83,9.68,14.77,2.84,14.57,14.77,9.98,4.59,11.74,11.74,9.29,2.84,10.75,10.75,9.65,4.41,12.9,10.95,11.7,4.2
3,27,12,186.76,11.67,16.37,5.67,16.17,16.37,9.98,7.99,13.89,13.7,12.62,5.67,12.96,12.41,10.48,7.72,13.95,13.35,13.2,6.3
3,27,13,200.86,12.55,16.37,8.0,16.37,16.37,8.98,10.98,14.77,14.77,13.4,8.8,14.06,13.79,8.0,8.82,14.25,14.1,13.2,10.2
3,27,14,200.4,12.52,16.37,8.19,16.17,16.37,8.19,11.78,14.77,15.16,13.4,11.25,11.03,13.51,8.82,9.1,13.35,13.5,12.6,11.4
3,27,15,193.08,12.07,14.57,8.58,14.37,14.57,8.58,12.58,13.79,14.18,12.52,11.84,12.41,12.68,9.38,11.03,11.4,11.25,10.95,11.55
3,27,16,156.72,9.8,12.52,5.59,11.78,11.38,5.59,11.78,12.13,12.52,10.86,9.39,10.2,10.2,7.44,10.75,8.7,6.75,8.55,8.7
3,27,17,116.73,7.3,10.38,3.59,8.19,8.39,3.59,10.38,9.39,9.0,7.14,8.8,7.17,6.89,4.69,9.1,5.25,4.95,4.65,9.15
3,27,18,62.8,3.92,9.68,1.65,3.79,3.59,1.8,8.78,3.72,3.52,2.54,9.68,3.03,3.03,1.93,5.24,1.65,1.8,1.8,6.9
3,27,19,23.69,1.48,6.39,0.2,0.4,0.4,0.4,6.39,0.2,0.39,0.49,5.67,0.28,0.28,0.28,3.86,0.3,0.3,0.3,3.75
3,27,20,7.75,0.48,2.4,0.0,0.0,0.0,0.0,2.4,0.0,0.0,0.0,2.05,0.0,0.0,0.0,1.65,0.0,0.0,0.0,1.65
3,27,21,0.84,0.05,0.4,0.0,0.0,0.0,0.0,0.4,0.0,0.0,0.0,0.29,0.0,0.0,0.0,0.0,0.0,0.0,0.0,0.15
3,28,7,1.16,0.07,0.28,0.0,0.0,0.2,0.0,0.0,0.1,0.0,0.0,0.0,0.28,0.28,0.0,0.0,0.15,0.15,0.0,0.0
3,28,8,12.61,0.79,2.85,0.0,2.6,1.0,0.0,0.0,0.59,0.39,0.0,0.0,1.1,1.1,0.0,0.28,2.7,2.85,0.0,0.0
3,28,9,46.3,2.89,7.39,0.0,7.39,6.59,0.0,0.6,3.33,3.62,0.0,1.27,4.14,2.48,0.0,0.83,6.9,7.2,0.15,1.8
3,28,10,88.94,5.56,11.58,0.9,11.58,10.38,1.8,2.6,8.22,8.61,0.98,2.35,8.0,4.41,1.38,1.93,10.5,11.1,0.9,4.2
3,28,11,127.61,7.98,14.37,2.64,14.37,12.38,5.79,3.79,11.64,12.13,2.64,3.52,11.31,8.27,4.96,2.76,12.6,13.5,3.0,4.95
3,28,12,169.02,10.56,15.97,2.76,15.97,15.57,9.58,9.38,13.6,14.18,5.38,6.36,12.96,11.86,8.82,2.76,13.8,14.7,7.65,6.45
3,28,13,189.09,11.82,16.37,5.51,16.37,11.98,12.18,9.58,14.48,15.07,7.73,8.61,13.79,13.51,10.48,5.51,14.1,14.55,10.35,10.8
3,28,14,205.02,12.81,15.57,3.03,15.57,14.77,13.78,14.17,14.48,15.16,11.74,12.33,13.79,13.24,12.41,3.03,13.2,13.65,12.15,11.55
3,28,15,189.39,11.84,14.57,3.03,13.98,13.38,14.17,14.57,13.7,14.28,12.72,7.73,12.41,11.31,12.96,3.03,11.4,11.85,12.6,9.3
3,28,16,158.47,9.9,12.98,1.38,11.38,10.98,12.98,12.18,12.13,11.64,12.82,5.09,10.48,9.93,12.68,1.38,8.55,8.85,11.85,5.55
3,28,17,114.54,7.16,11.84,2.21,7.79,7.39,11.38,8.39,9.0,5.18,11.84,2.74,7.17,6.89,11.31,2.21,4.95,4.8,10.35,3.15
3,28,18,65.83,4.11,10.17,0.83,3.59,2.4,8.58,4.99,3.52,4.11,10.17,1.86,3.03,2.76,6.34,0.83,1.8,1.8,7.95,2.1
3,28,19,28.83,1.8,6.95,0.2,0.4,0.2,4.79,2.6,0.29,0.68,6.95,0.78,0.55,0.28,3.03,1.38,0.3,0.9,4.65,1.05
3,28,20,8.55,0.53,2.64,0.0,0.0,0.0,2.0,0.2,0.0,0.0,2.64,0.1,0.0,0.0,1.38,0.28,0.0,0.0,1.65,0.3
3,28,21,1.42,0.09,0.49,0.0,0.0,0.0,0.2,0.0,0.0,0.0,0.49,0.0,0.0,0.0,0.28,0.0,0.0,0.0,0.45,0.0
3,29,7,0.45,0.03,0.2,0.0,0.2,0.0,0.0,0.0,0.1,0.0,0.0,0.0,0.0,0.0,0.0,0.0,0.15,0.0,0.0,0.0
3,29,8,7.42,0.46,2.7,0.0,2.4,0.0,0.2,0.0,0.49,0.0,0.0,0.1,1.38,0.0,0.0,0.0,2.7,0.0,0.0,0.15
3,29,9,30.23,1.89,7.39,0.0,7.39,0.2,0.0,0.4,3.42,0.2,1.08,0.88,3.86,0.0,1.1,1.65,6.9,0.3,0.9,1.95
3,29,10,63.79,3.99,11.18,0.4,11.18,2.2,0.4,1.4,8.22,1.37,2.54,1.96,7.72,1.38,3.86,2.21,10.5,1.8,2.55,4.5
3,29,11,101.6,6.35,13.58,2.4,13.58,6.99,2.4,2.99,11.74,3.23,3.62,3.03,10.48,3.31,8.0,3.58,12.75,5.25,5.85,4.8
3,29,12,146.41,9.15,15.17,2.8,15.17,10.78,2.8,6.39,13.7,7.92,10.08,4.7,12.68,7.44,6.07,9.38,13.8,9.9,12.0,3.6
3,29,13,154.91,9.68,15.57,2.55,15.57,11.98,3.19,6.79,14.58,10.27,13.01,3.33,12.13,10.2,4.41,9.1,14.1,10.95,12.75,2.55
3,29,14,149.79,9.36,15.17,2.54,15.17,9.18,4.39,7.39,14.38,12.33,11.45,2.54,11.86,11.31,6.62,7.17,13.2,11.85,7.95,3.0
3,29,15,141.9,8.87,13.98,2.76,13.98,11.38,3.59,4.59,13.79,12.91,7.83,9.1,11.03,12.68,3.31,2.76,11.4,10.65,8.85,4.05
3,29,16,135.25,8.45,11.78,1.38,11.78,10.78,3.79,2.0,11.25,11.45,10.17,11.15,9.38,11.03,1.38,5.24,5.7,10.2,9.3,10.65
3,29,17,101.69,6.36,11.05,0.6,7.19,9.78,3.99,0.6,8.02,5.97,7.63,11.05,4.69,10.48,3.58,2.76,4.8,7.2,6.0,7.95
3,29,18,67.47,4.22,8.98,0.2,3.79,8.98,3.19,0.2,3.72,8.12,2.45,8.51,1.65,8.55,2.48,0.83,1.8,6.3,2.85,4.05
3,29,19,33.59,2.1,7.43,0.2,0.4,4.59,1.8,0.2,0.29,7.43,1.86,3.03,0.28,3.03,1.93,1.1,0.3,4.05,1.35,1.95
3,29,20,13.59,0.85,3.52,0.0,0.0,2.6,0.2,0.2,0.0,3.52,0.29,0.49,0.0,2.76,0.28,0.55,0.0,2.1,0.15,0.45
3,29,21,1.49,0.09,0.55,0.0,0.0,0.2,0.0,0.0,0.0,0.29,0.0,0.0,0.0,0.55,0.0,0.0,0.0,0.45,0.0,0.0
3,30,7,0.53,0.03,0.28,0.0,0.0,0.0,0.0,0.0,0.1,0.0,0.0,0.0,0.28,0.0,0.0,0.0,0.15,0.0,0.0,0.0
3,30,8,7.96,0.5,2.4,0.0,2.4,0.0,0.2,0.2,0.88,0.1,0.0,0.1,1.1,0.0,0.0,0.28,2.4,0.0,0.15,0.15
3,30,9,28.76,1.8,6.99,0.0,6.99,1.2,0.2,1.2,2.74,0.49,0.49,0.88,4.14,1.1,0.0,1.38,4.5,0.75,0.3,2.4
3,30,10,61.23,3.83,10.98,0.6,10.98,5.99,1.4,5.19,5.67,0.98,0.78,3.33,7.72,3.03,1.1,4.41,4.35,0.6,0.75,4.95
3,30,11,86.36,5.4,13.58,0.6,13.58,4.39,2.99,9.18,5.87,1.47,1.86,7.83,10.48,5.51,2.48,8.27,2.85,0.6,1.65,7.35
3,30,12,117.28,7.33,14.77,3.15,14.77,8.78,4.39,10.98,4.21,4.01,3.33,10.57,12.41,4.96,4.96,11.86,3.15,3.6,3.45,11.85
3,30,13,116.68,7.29,15.77,0.55,15.77,10.58,5.59,9.38,5.58,2.74,3.42,11.54,12.41,0.55,4.41,12.96,8.55,3.0,3.3,6.9
3,30,14,140.09,8.76,15.77,1.1,12.18,6.99,7.99,15.77,13.4,1.86,5.09,14.67,11.86,1.1,5.24,13.79,14.25,1.5,5.85,8.55
3,30,15,129.89,8.12,15.17,0.59,10.78,5.99,6.19,15.17,13.21,0.59,6.75,13.99,7.44,3.03,4.69,12.96,11.25,2.4,6.3,9.15
3,30,16,129.45,8.09,14.37,3.58,11.58,3.79,6.99,14.37,11.54,4.11,7.04,13.21,6.07,3.58,5.24,11.03,8.4,4.8,6.6,11.1
3,30,17,96.09,6.01,12.42,1.65,8.39,3.19,2.8,10.98,8.8,1.76,4.11,12.42,3.58,1.65,6.34,8.82,4.5,4.95,4.8,9.0
3,30,18,57.45,3.59,8.9,1.38,1.4,1.6,2.2,7.99,3.52,1.66,3.72,8.9,1.38,2.76,4.96,5.51,1.5,1.95,3.15,5.25
3,30,19,21.25,1.33,3.19,0.15,0.2,0.8,1.2,3.19,0.39,1.17,1.47,2.74,0.55,1.93,1.93,1.93,0.3,0.15,1.5,1.8
3,30,20,2.9,0.18,0.6,0.0,0.0,0.0,0.2,0.6,0.0,0.2,0.39,0.2,0.0,0.0,0.28,0.28,0.0,0.0,0.3,0.45
3,31,8,1.54,0.1,0.28,0.0,0.0,0.0,0.2,0.0,0.0,0.0,0.1,0.1,0.0,0.28,0.28,0.28,0.0,0.15,0.15,0.0
3,31,9,14.58,0.91,2.25,0.1,0.2,0.8,1.6,0.2,0.1,0.78,0.98,0.98,0.28,1.38,1.38,1.1,0.15,0.75,2.25,1.65
3,31,10,45.18,2.82,6.15,0.6,0.8,2.2,4.79,0.6,1.08,1.08,3.33,3.33,1.38,3.86,4.14,5.24,2.25,1.35,6.15,3.6
3,31,11,89.44,5.59,9.75,1.2,5.39,5.19,8.98,1.2,4.21,1.57,7.53,5.18,3.86,7.44,7.17,7.72,5.1,2.7,9.75,6.45
3,31,12,124.84,7.8,12.15,2.64,10.38,7.19,11.78,3.59,7.73,2.64,10.57,7.24,5.79,9.93,9.38,6.07,10.35,2.7,12.15,7.35
3,31,13,156.0,9.75,14.17,3.82,13.58,10.18,14.17,6.99,11.35,3.82,12.62,6.46,8.0,11.58,10.75,8.55,12.15,4.2,13.05,8.55
3,31,14,159.19,9.95,14.17,4.5,14.17,9.38,10.18,9.38,11.74,5.48,13.11,7.04,8.82,9.93,11.31,9.65,13.5,4.5,13.05,7.95
3,31,15,159.08,9.94,13.38,4.99,13.38,4.99,10.38,10.38,13.3,9.78,12.42,8.32,12.41,7.17,9.1,8.0,12.9,6.15,12.0,8.4
3,31,16,153.94,9.62,13.6,6.39,11.38,6.39,9.78,10.38,13.6,12.82,8.61,6.55,13.51,8.27,6.62,10.48,12.6,7.5,8.25,7.2
3,31,17,121.59,7.6,13.01,3.79,10.78,5.19,7.39,3.79,13.01,9.49,6.36,7.34,9.1,9.65,4.69,8.55,11.1,3.9,6.3,4.95
3,31,18,80.16,5.01,10.58,2.0,10.58,2.0,3.59,3.39,10.37,8.32,3.23,3.33,4.96,5.79,3.31,5.24,7.35,2.25,3.3,3.15
3,31,19,41.31,2.58,7.79,0.4,7.79,0.4,1.2,1.0,5.28,3.82,1.17,2.25,3.03,2.76,1.38,1.93,4.2,1.65,1.35,2.1
3,31,20,7.01,0.44,2.2,0.0,2.2,0.0,0.2,0.0,0.2,0.39,0.29,0.29,1.1,0.28,0.28,0.28,0.75,0.3,0.15,0.3
3,31,21,0.63,0.04,0.28,0.0,0.2,0.0,0.0,0.0,0.0,0.0,0.0,0.0,0.28,0.0,0.0,0.0,0.15,0.0,0.0,0.0
4,1,8,2.76,0.17,0.3,0.0,0.0,0.2,0.0,0.2,0.1,0.0,0.29,0.1,0.28,0.28,0.28,0.28,0.15,0.15,0.15,0.3
4,1,9,24.32,1.52,2.99,0.59,2.4,2.99,1.4,1.0,0.98,0.98,1.27,0.59,1.38,1.1,1.65,1.38,1.95,1.8,0.6,2.85
4,1,10,67.04,4.19,6.99,1.05,5.59,6.99,3.59,6.79,3.42,3.03,1.76,3.62,4.14,2.48,5.24,5.24,5.1,3.45,1.05,5.55
4,1,11,106.18,6.64,11.78,1.17,7.99,5.39,4.39,11.78,6.36,1.17,4.3,8.71,8.0,6.07,7.17,9.65,8.7,1.35,5.85,9.3
4,1,12,135.39,8.46,14.37,0.9,6.79,13.38,4.39,14.37,10.27,1.08,5.18,11.93,11.31,7.72,4.96,11.31,10.65,0.9,8.1,13.05
4,1,13,151.82,9.49,14.57,1.5,10.78,11.38,3.39,14.57,7.24,2.64,9.1,13.89,13.24,10.75,9.38,11.86,13.2,1.5,4.95,13.95
4,1,14,131.74,8.23,15.17,1.2,5.19,12.58,2.6,15.17,2.74,2.15,9.1,15.16,3.03,8.27,8.0,9.65,13.95,1.2,8.85,14.1
4,1,15,141.4,8.84,15.07,1.96,11.18,9.38,3.19,12.98,4.5,1.96,10.08,15.07,7.72,10.48,9.65,12.96,9.15,2.25,7.5,13.35
4,1,16,157.42,9.84,14.58,2.54,12.98,9.78,6.59,14.57,2.54,9.0,8.02,14.58,13.24,9.38,10.48,11.31,7.5,7.2,8.55,11.7
4,1,17,133.92,8.37,12.72,2.54,9.38,6.99,5.79,11.18,2.54,10.66,9.0,12.72,10.2,9.65,5.51,9.1,8.7,5.85,7.65,9.0
4,1,18,81.54,5.1,9.68,1.0,2.2,5.79,1.0,7.79,5.67,7.34,4.3,9.68,6.89,3.86,2.76,5.51,4.8,4.2,4.35,5.4
4,1,19,35.38,2.21,4.21,0.2,0.4,3.19,0.2,3.79,3.52,1.47,2.15,4.21,3.03,2.21,1.93,1.93,1.65,1.8,2.1,1.8
4,1,20,5.15,0.32,0.55,0.0,0.0,0.4,0.0,0.4,0.39,0.29,0.49,0.29,0.55,0.28,0.28,0.28,0.3,0.45,0.45,0.3
4,2,8,3.34,0.21,0.45,0.0,0.2,0.2,0.0,0.2,0.2,0.2,0.2,0.1,0.28,0.0,0.28,0.28,0.3,0.3,0.15,0.45
4,2,9,25.4,1.59,3.15,0.49,1.2,1.2,0.8,2.99,0.59,0.49,0.98,0.59,1.38,1.38,1.65,1.65,2.4,3.15,1.8,3.15
4,2,10,76.54,4.78,7.79,1.8,4.19,3.79,1.8,7.79,3.82,4.01,3.91,3.91,4.14,4.41,4.96,5.51,3.75,6.75,6.45,7.35
4,2,11,146.04,9.13,11.98,5.39,10.98,7.99,5.39,11.98,8.61,8.8,8.32,8.71,6.62,8.27,8.27,9.65,10.65,10.8,10.05,10.95
4,2,12,170.04,10.63,14.77,3.19,11.98,7.19,3.19,14.77,11.64,12.03,7.92,11.93,9.1,10.2,11.03,12.41,12.75,13.05,8.1,12.75
4,2,13,180.29,11.27,16.37,3.59,15.17,9.38,3.59,16.37,13.4,13.3,4.5,13.79,9.38,11.58,8.27,12.96,13.8,13.95,6.75,14.1
4,2,14,192.97,12.06,16.37,3.19,14.97,10.58,3.19,16.37,13.21,13.01,14.28,14.48,13.51,12.41,9.65,11.86,13.8,12.0,5.25,14.4
4,2,15,182.72,11.42,16.37,4.19,14.17,10.78,4.19,16.37,4.5,14.38,14.58,11.84,13.79,10.75,11.86,11.86,13.05,10.65,9.0,10.95
4,2,16,175.38,10.96,14.57,7.79,9.98,9.98,7.79,14.57,8.22,14.48,12.62,10.57,11.86,8.0,11.03,11.58,10.65,11.85,12.3,9.9
4,2,17,140.56,8.79,12.52,5.85,9.38,7.59,10.98,11.98,6.95,12.52,11.15,10.08,8.0,7.44,6.34,9.65,7.5,8.25,5.85,6.9
4,2,18,88.53,5.53,9.59,0.9,7.79,1.8,5.59,8.19,8.71,9.59,5.77,6.36,5.79,5.79,4.14,5.51,0.9,5.4,3.3,3.9
4,2,19,37.13,2.32,4.01,0.88,3.59,1.2,1.0,3.79,3.52,4.01,0.88,2.05,3.03,3.58,1.93,1.65,1.35,1.8,1.95,1.8
4,2,20,6.0,0.38,0.6,0.0,0.6,0.4,0.0,0.4,0.39,0.39,0.2,0.49,0.55,0.55,0.55,0.28,0.3,0.3,0.15,0.45
4,3,8,3.14,0.2,0.45,0.0,0.0,0.2,0.2,0.2,0.1,0.1,0.2,0.1,0.28,0.0,0.28,0.28,0.15,0.3,0.3,0.45
4,3,9,29.04,1.81,3.45,0.49,1.4,2.8,2.6,2.99,0.98,0.49,0.78,0.59,1.38,1.38,1.65,1.65,2.1,3.45,1.65,3.15
4,3,10,80.33,5.02,7.79,1.57,6.99,7.39,6.39,7.79,2.35,4.11,1.57,4.11,4.69,4.41,4.69,4.69,4.5,7.5,1.8,7.35
4,3,11,132.34,8.27,11.98,2.7,10.58,11.18,10.78,11.98,4.11,8.8,3.72,9.0,8.55,7.72,8.55,8.27,4.35,10.8,2.7,11.25
4,3,12,163.25,10.2,14.77,3.75,12.78,13.78,13.18,14.77,4.5,12.03,5.48,12.23,11.86,10.75,8.27,8.82,3.75,12.9,4.65,13.5
4,3,13,188.66,11.79,16.17,5.18,9.98,14.77,15.17,16.17,5.18,13.89,11.25,14.28,13.51,12.41,10.2,10.75,6.6,14.1,6.0,14.4
4,3,14,197.61,12.35,16.37,5.55,13.58,11.18,15.57,16.37,7.63,14.58,9.78,15.36,14.06,13.51,9.93,12.41,5.55,13.95,9.45,14.7
4,3,15,198.36,12.4,16.57,6.15,14.17,14.57,14.77,16.57,6.46,14.58,8.71,15.46,13.79,13.79,12.41,12.13,7.65,13.35,6.15,13.8
4,3,16,181.61,11.35,14.77,6.3,14.77,10.58,13.38,13.78,8.8,14.09,10.37,14.48,12.68,12.41,11.03,7.44,7.5,11.85,6.3,12.15
4,3,17,159.33,9.96,12.72,7.17,10.18,10.18,10.78,10.78,8.8,12.52,10.27,12.72,10.75,10.48,8.55,7.17,8.85,9.15,8.85,9.3
4,3,18,104.75,6.55,9.2,2.8,7.59,2.8,7.19,8.39,8.9,9.2,5.18,8.61,7.44,7.17,5.24,4.69,6.0,5.25,5.55,5.55
4,3,19,44.24,2.76,4.3,1.65,3.79,3.79,3.19,3.79,2.64,3.23,1.66,4.3,3.31,3.03,1.93,1.93,2.1,1.65,2.1,1.8
4,3,20,5.85,0.37,0.6,0.2,0.4,0.6,0.4,0.2,0.29,0.39,0.39,0.29,0.28,0.55,0.28,0.28,0.3,0.3,0.45,0.45
4,4,8,3.42,0.21,0.3,0.1,0.2,0.2,0.2,0.2,0.1,0.2,0.2,0.1,0.28,0.28,0.28,0.28,0.3,0.15,0.3,0.15
4,4,9,31.83,1.99,3.3,0.49,2.99,3.19,3.19,2.99,0.68,0.78,1.27,0.49,1.65,1.1,1.65,1.65,3.3,1.05,2.55,3.3
4,4,10,79.71,4.98,7.99,0.83,7.59,5.39,7.79,7.99,4.01,2.25,3.82,4.11,4.96,0.83,4.69,3.03,7.2,2.4,6.45,7.2
4,4,11,117.78,7.36,12.18,1.93,7.59,4.79,11.98,12.18,9.0,3.62,7.83,5.48,8.82,1.93,8.0,3.86,10.95,3.45,10.05,8.25
4,4,12,149.38,9.34,14.97,3.86,9.98,6.19,14.57,14.97,9.1,3.91,10.86,11.64,11.86,4.14,10.2,3.86,9.75,4.35,12.45,11.55
4,4,13,172.97,10.81,16.37,2.48,11.58,12.18,16.37,16.37,10.17,6.46,12.91,13.6,13.51,4.96,11.58,2.48,7.8,5.85,13.65,13.5
4,4,14,177.41,11.09,16.57,3.31,11.58,5.19,16.57,15.37,10.37,6.16,13.4,14.87,14.34,5.24,12.41,3.31,14.1,5.7,13.95,14.85
4,4,15,167.25,10.45,16.17,2.76,4.19,6.39,16.17,14.37,12.03,6.95,13.79,14.58,14.34,8.27,11.86,2.76,8.7,6.75,13.5,12.6
4,4,16,138.0,8.62,14.57,1.93,4.99,5.99,14.57,12.38,3.42,6.16,13.5,11.25,12.96,6.62,10.48,1.93,5.1,6.75,11.85,10.05
4,4,17,100.7,6.29,11.98,1.65,2.8,3.79,11.98,8.78,4.5,2.84,11.74,7.83,11.03,4.69,7.17,1.65,3.75,2.4,9.15,6.6
4,4,18,69.76,4.36,8.71,1.1,2.0,2.8,8.19,4.99,2.15,4.21,8.71,5.87,7.72,3.03,4.14,1.1,2.55,2.55,5.4,4.35
4,4,19,30.89,1.93,4.19,0.4,0.4,0.8,4.19,2.6,0.78,2.25,4.01,2.25,3.58,1.38,1.65,0.55,0.75,1.65,2.25,1.8
4,4,20,5.69,0.36,0.6,0.0,0.2,0.4,0.4,0.6,0.29,0.49,0.39,0.49,0.55,0.28,0.55,0.0,0.15,0.15,0.45,0.3
4,5,8,2.27,0.14,0.4,0.0,0.0,0.0,0.2,0.4,0.29,0.1,0.2,0.2,0.28,0.0,0.0,0.0,0.15,0.15,0.15,0.15
4,5,9,19.63,1.23,3.19,0.0,0.0,0.8,3.19,1.4,0.98,0.68,0.68,1.37,1.65,1.1,0.83,1.1,2.7,0.3,1.65,1.2
4,5,10,54.54,3.41,7.79,0.75,2.8,1.6,7.79,4.39,4.6,0.88,4.21,2.74,4.41,2.21,3.58,3.03,4.5,0.75,5.1,1.95
4,5,11,100.25,6.27,11.78,1.93,3.19,2.6,11.78,9.98,8.12,2.84,8.71,4.79,8.27,1.93,6.07,6.62,10.35,3.75,8.25,3.0
4,5,12,138.56,8.66,14.57,2.35,8.78,10.58,14.57,10.58,10.57,2.35,11.74,5.97,11.58,2.76,9.93,10.2,11.85,3.0,11.7,2.4
4,5,13,129.71,8.11,15.97,2.54,7.79,2.6,15.97,11.58,8.32,2.54,13.7,4.4,13.51,4.14,7.72,5.79,10.2,4.35,14.4,2.7
4,5,14,132.7,8.29,16.17,2.2,9.18,2.2,16.17,14.57,7.73,2.74,14.18,4.11,10.48,3.31,12.13,8.0,5.85,4.35,14.25,3.45
4,5,15,122.64,7.66,15.57,1.27,5.19,1.4,15.57,10.38,5.97,1.27,13.89,2.84,11.03,3.58,11.86,11.31,9.6,1.8,13.8,3.15
4,5,16,113.97,7.12,13.58,1.2,3.79,1.2,13.58,8.78,10.86,2.15,11.35,2.74,7.72,3.31,10.48,11.31,9.0,2.4,11.85,3.45
4,5,17,98.15,6.13,11.84,0.4,4.39,0.4,11.38,9.18,7.92,3.52,11.84,2.05,8.82,2.48,8.27,8.55,6.0,2.7,9.3,1.35
4,5,18,68.36,4.27,8.71,0.6,0.8,0.6,7.79,5.79,5.48,2.84,8.71,2.54,6.62,2.21,5.24,5.79,4.95,2.1,5.55,1.35
4,5,19,29.41,1.84,3.82,0.6,2.0,0.6,3.59,2.2,1.47,1.08,3.82,0.78,1.93,1.1,2.21,2.48,1.65,0.75,1.95,1.8
4,5,20,5.51,0.34,0.83,0.0,0.2,0.2,0.6,0.4,0.39,0.29,0.49,0.2,0.83,0.28,0.28,0.0,0.45,0.3,0.45,0.15
4,6,8,3.37,0.21,0.45,0.0,0.2,0.2,0.2,0.2,0.2,0.1,0.2,0.2,0.28,0.28,0.28,0.28,0.0,0.15,0.45,0.15
4,6,9,24.0,1.5,3.3,0.39,0.8,0.6,2.99,1.6,0.78,0.39,0.88,0.68,1.65,1.65,1.65,1.93,1.2,0.75,3.3,3.15
4,6,10,63.63,3.98,7.59,1.4,1.4,1.4,7.59,4.39,4.3,1.47,4.21,4.11,3.03,2.48,4.14,4.41,4.5,1.65,7.5,7.05
4,6,11,112.35,7.02,11.18,0.6,1.0,0.6,11.18,10.38,7.92,3.13,8.41,8.71,7.44,3.86,8.27,9.65,7.5,2.7,11.1,10.5
4,6,12,146.69,9.17,14.17,1.2,1.2,1.6,13.38,14.17,11.54,2.35,11.64,12.13,9.93,7.44,10.48,12.13,11.55,2.25,12.45,12.45
4,6,13,158.27,9.89,15.37,1.0,9.38,1.0,15.37,14.97,11.05,2.05,11.93,13.4,8.82,9.38,10.48,13.24,8.55,2.4,12.6,13.65
4,6,14,181.2,11.32,15.77,2.99,11.78,2.99,15.77,15.77,13.01,4.4,10.57,14.58,11.03,12.13,11.31,14.06,14.1,3.3,12.9,13.5
4,6,15,160.54,10.03,15.36,0.9,4.59,3.79,15.17,15.17,11.64,2.25,8.22,15.36,9.1,13.51,11.03,13.51,10.8,0.9,12.45,13.05
4,6,16,144.44,9.03,14.58,0.45,5.59,3.99,13.78,13.78,9.59,1.17,10.08,14.58,7.44,12.96,7.72,12.41,9.0,0.45,10.35,11.55
4,6,17,130.03,8.13,12.42,0.75,6.79,7.19,11.18,10.58,8.9,0.98,12.42,12.33,6.34,10.75,6.34,9.38,8.1,0.75,9.3,8.7
4,6,18,67.21,4.2,7.99,0.68,1.6,4.19,7.99,3.59,2.93,0.68,6.46,3.91,7.72,7.17,3.31,5.51,4.35,0.75,1.65,5.4
4,6,19,33.64,2.1,4.01,0.0,1.8,2.4,3.79,3.79,1.08,0.49,4.01,1.17,3.03,2.76,2.76,2.21,2.1,0.45,0.0,1.8
4,6,20,4.77,0.3,0.6,0.0,0.2,0.4,0.4,0.6,0.39,0.1,0.49,0.2,0.55,0.28,0.28,0.28,0.45,0.0,0.0,0.15
4,7,8,3.1,0.19,0.6,0.0,0.2,0.2,0.2,0.0,0.2,0.2,0.29,0.2,0.0,0.0,0.28,0.28,0.15,0.15,0.6,0.15
4,7,9,22.99,1.44,3.39,0.28,1.2,3.39,3.19,1.2,0.88,0.59,1.17,0.88,1.38,0.28,1.65,1.93,1.05,0.6,3.0,0.6
4,7,10,59.4,3.71,7.79,1.1,2.6,7.39,7.79,2.99,1.66,3.13,4.4,2.15,3.31,1.1,5.24,5.79,1.8,1.35,7.05,1.65
4,7,11,92.1,5.76,11.98,1.38,3.39,11.18,11.98,3.19,2.64,2.84,8.22,3.42,4.96,1.38,8.55,9.65,3.0,4.5,10.65,2.55
4,7,12,109.76,6.86,14.97,0.83,3.59,12.18,14.97,5.39,4.01,3.91,10.86,4.5,5.24,0.83,9.65,12.13,3.6,2.25,12.9,3.75
4,7,13,122.06,7.63,16.17,1.38,3.59,12.78,16.17,6.59,4.79,6.65,11.64,4.89,3.31,1.38,11.58,13.79,3.0,4.8,11.85,5.25
4,7,14,134.05,8.38,16.37,2.21,2.99,10.38,16.37,7.39,5.58,10.86,12.82,5.87,3.03,2.21,11.86,13.79,3.9,9.9,12.9,4.2
4,7,15,145.24,9.08,15.77,2.8,2.8,10.78,15.77,6.99,8.22,13.6,13.6,5.18,5.24,4.14,12.13,13.79,6.9,9.15,12.75,4.2
4,7,16,131.39,8.21,13.98,2.0,2.0,8.98,13.98,8.19,6.55,8.9,13.11,5.18,8.55,7.72,10.75,12.13,5.1,6.6,10.35,3.3
4,7,17,104.79,6.55,12.33,1.0,1.0,5.39,10.98,3.39,4.11,6.95,12.33,6.36,7.44,5.24,8.82,9.38,3.75,6.3,9.45,3.9
4,7,18,78.31,4.89,9.39,0.6,0.6,8.39,7.39,4.39,2.64,5.77,9.39,3.72,6.34,2.48,5.51,5.79,2.85,4.2,5.85,3.0
4,7,19,34.99,2.19,4.3,0.2,0.2,3.39,3.39,1.6,0.98,4.3,4.21,1.66,2.21,2.76,1.93,2.21,0.9,1.95,2.1,1.2
4,7,20,6.6,0.41,0.83,0.0,0.0,0.4,0.6,0.2,0.49,0.49,0.49,0.49,0.83,0.28,0.55,0.28,0.3,0.45,0.45,0.3
4,8,8,3.02,0.19,0.55,0.0,0.2,0.4,0.2,0.0,0.2,0.1,0.29,0.2,0.0,0.55,0.0,0.28,0.0,0.15,0.3,0.15
4,8,9,19.73,1.23,3.0,0.0,1.8,2.8,1.6,0.4,0.68,0.59,1.08,0.78,1.65,1.65,0.55,1.65,0.0,0.9,3.0,0.6
4,8,10,57.1,3.57,6.59,0.0,5.19,6.59,6.59,1.8,4.7,0.98,3.82,3.82,2.76,3.03,1.1,6.07,0.0,1.5,4.5,4.65
4,8,11,94.64,5.92,10.98,0.0,10.18,10.38,10.98,1.4,7.92,2.25,5.77,6.07,4.41,3.31,1.1,8.82,0.0,3.75,10.05,8.25
4,8,12,111.54,6.97,13.58,0.0,6.39,13.58,11.78,1.6,9.0,3.13,7.73,6.16,8.0,6.34,1.1,12.13,0.0,4.8,12.45,7.35
4,8,13,120.8,7.55,14.77,0.0,6.39,12.18,14.77,2.2,10.27,3.23,7.04,8.71,6.62,6.07,2.21,13.51,0.0,4.8,13.5,9.3
4,8,14,132.3,8.27,14.77,0.0,2.99,13.18,14.77,3.39,5.58,4.7,12.52,9.2,6.89,10.2,4.14,13.24,0.0,6.6,14.25,10.65
4,8,15,122.58,7.66,12.78,0.0,7.79,12.38,12.78,2.99,9.88,1.96,11.35,6.46,9.1,7.44,6.89,12.41,0.0,3.3,12.15,5.7
4,8,16,116.39,7.27,13.21,0.0,7.99,6.79,12.98,4.59,11.64,3.52,13.21,5.97,11.58,3.86,2.76,10.2,0.0,3.45,11.25,6.6
4,8,17,87.45,5.47,11.58,0.0,5.39,5.99,7.99,2.6,7.34,3.72,9.39,4.89,11.58,4.96,2.21,7.44,0.0,3.75,7.35,2.85
4,8,18,63.27,3.95,9.2,0.0,4.39,2.99,7.59,0.8,9.2,3.13,5.09,3.33,7.72,4.69,1.65,4.14,0.0,2.85,3.9,1.8
4,8,19,27.55,1.72,3.52,0.0,1.6,0.4,2.6,0.2,3.52,1.27,2.15,2.54,2.48,2.48,1.65,2.76,0.0,1.05,1.65,1.2
4,8,20,5.79,0.36,0.6,0.0,0.2,0.2,0.6,0.0,0.39,0.29,0.49,0.49,0.55,0.55,0.55,0.28,0.0,0.3,0.45,0.45
4,9,8,1.78,0.11,0.45,0.0,0.0,0.0,0.0,0.0,0.29,0.0,0.1,0.1,0.28,0.0,0.28,0.28,0.0,0.0,0.45,0.0
4,9,9,14.68,0.92,3.3,0.0,0.2,0.4,0.4,0.4,0.98,0.49,1.57,1.08,1.38,1.1,0.55,1.93,0.0,0.15,3.3,0.75
4,9,10,40.08,2.5,6.75,0.0,2.8,1.2,1.8,1.4,3.72,1.08,2.74,1.66,5.24,1.1,1.65,5.79,0.0,0.75,6.75,2.4
4,9,11,78.58,4.91,12.0,0.0,7.79,2.99,2.4,3.39,6.65,2.45,7.14,3.03,9.38,3.03,3.03,10.2,0.0,1.2,12.0,3.9
4,9,12,106.39,6.65,12.98,0.0,12.98,3.79,9.98,3.39,11.05,4.6,9.78,5.18,5.24,3.86,3.86,12.13,0.0,1.95,8.85,9.75
4,9,13,131.83,8.24,13.58,0.0,13.58,2.99,13.58,9.98,12.13,7.43,8.02,7.83,10.75,5.51,7.44,13.24,0.0,3.75,5.85,9.75
4,9,14,135.01,8.44,14.37,0.0,9.58,2.0,14.37,8.19,11.93,5.48,11.84,9.68,13.24,8.27,5.79,13.79,0.0,2.4,9.45,9.0
4,9,15,134.17,8.39,13.79,0.0,9.98,2.0,10.18,9.18,11.64,4.99,11.15,13.79,8.0,11.58,4.14,13.24,0.0,2.7,12.3,9.3
4,9,16,118.71,7.42,13.89,0.0,5.79,3.19,2.6,7.79,11.05,4.5,13.89,5.97,10.75,10.48,7.72,11.58,0.0,4.8,12.45,6.15
4,9,17,103.76,6.48,11.64,0.0,5.99,1.8,0.8,8.98,9.59,6.65,11.64,4.01,10.2,8.55,8.0,9.1,0.0,5.1,9.15,4.2
4,9,18,66.27,4.14,9.39,0.0,2.2,1.4,1.0,7.19,4.79,5.67,9.39,1.96,4.41,3.03,5.79,5.79,0.0,4.05,5.55,4.05
4,9,19,29.73,1.86,4.3,0.0,1.0,1.0,0.6,3.39,2.84,1.76,4.3,0.78,3.31,1.38,2.21,2.21,0.0,1.5,2.1,1.35
4,9,20,5.92,0.37,0.8,0.0,0.4,0.0,0.0,0.8,0.49,0.39,0.39,0.29,0.28,0.28,0.55,0.55,0.0,0.45,0.45,0.6
4,10,8,3.5,0.22,0.45,0.0,0.0,0.2,0.4,0.4,0.39,0.29,0.0,0.1,0.28,0.28,0.28,0.28,0.0,0.45,0.0,0.15
4,10,9,20.88,1.3,3.45,0.0,0.4,0.6,2.0,2.4,1.66,1.08,0.29,0.88,1.93,0.83,1.93,1.93,0.0,3.45,0.15,1.35
4,10,10,53.37,3.34,7.2,0.0,1.2,1.6,2.8,5.79,3.13,4.5,3.42,1.96,4.69,2.21,4.41,3.86,0.0,7.2,2.85,3.75
4,10,11,100.11,6.26,10.98,0.0,3.79,2.0,4.79,10.98,5.58,8.41,6.85,4.7,7.44,2.76,6.07,6.89,0.0,10.2,10.05,9.6
4,10,12,139.51,8.72,13.58,0.0,7.19,5.19,3.99,13.58,9.68,10.47,7.83,9.49,9.1,9.93,9.38,9.93,0.0,13.05,7.95,12.75
4,10,13,164.3,10.27,14.77,0.0,9.78,6.59,7.79,14.77,7.73,9.88,8.41,14.48,11.03,10.75,12.41,12.13,0.0,14.1,10.2,14.25
4,10,14,174.78,10.92,15.97,0.0,9.58,6.79,12.78,15.97,10.17,7.24,8.02,15.36,8.0,13.79,13.24,13.79,0.0,14.25,11.4,14.4
4,10,15,164.63,10.29,15.37,0.0,11.98,2.6,8.78,15.37,7.63,12.42,6.26,14.67,10.75,13.51,10.2,12.96,0.0,12.75,10.8,13.95
4,10,16,150.0,9.38,14.48,0.0,8.58,6.59,2.99,13.58,13.6,5.77,5.28,14.48,11.31,12.96,11.03,11.58,0.0,11.4,9.15,11.7
4,10,17,126.29,7.89,12.82,0.0,8.98,4.19,0.8,10.38,12.82,12.82,3.91,12.82,9.1,10.2,8.82,9.1,0.0,9.0,4.2,9.15
4,10,18,83.78,5.24,10.96,0.0,5.79,2.99,2.2,6.19,10.96,9.59,4.5,6.65,4.41,6.62,4.69,5.24,0.0,4.2,4.65,5.1
4,10,19,33.75,2.11,4.79,0.0,3.59,1.2,0.4,3.59,4.79,3.82,1.17,1.57,2.48,3.03,1.38,1.93,0.0,1.8,1.65,1.35
4,10,20,7.0,0.44,0.8,0.0,0.6,0.0,0.2,0.8,0.49,0.49,0.68,0.49,0.55,0.55,0.55,0.55,0.0,0.45,0.3,0.3
4,11,8,4.48,0.28,1.1,0.0,0.2,0.2,0.2,0.0,0.2,0.29,0.2,0.2,0.28,0.28,0.28,1.1,0.0,0.3,0.45,0.3
4,11,9,22.91,1.43,3.45,0.0,3.39,0.8,0.4,0.2,0.68,1.47,1.47,0.68,1.93,1.93,1.93,0.83,0.0,1.8,3.45,1.95
4,11,10,56.28,3.52,7.19,0.0,7.19,2.2,1.6,0.4,4.7,2.25,2.35,3.72,5.51,3.31,6.89,2.21,0.0,2.55,6.6,4.8
4,11,11,95.24,5.95,10.58,0.0,10.58,4.59,6.79,1.0,9.78,8.41,7.53,4.5,9.1,5.51,5.51,4.69,0.0,7.05,6.6,3.6
4,11,12,140.94,8.81,13.78,0.0,13.78,6.19,9.18,2.99,10.57,11.05,11.54,10.57,11.58,8.0,6.62,8.27,0.0,11.4,8.55,10.65
4,11,13,157.89,9.87,13.6,0.0,10.98,12.18,8.78,6.79,13.21,13.6,9.68,13.6,13.51,8.0,8.82,4.69,0.0,13.2,8.4,12.45
4,11,14,164.05,10.25,14.06,0.0,13.98,13.38,10.38,4.59,10.86,10.08,13.01,11.93,14.06,8.82,9.38,9.38,0.0,13.8,10.35,10.05
4,11,15,168.51,10.53,14.34,0.0,9.38,9.18,13.98,7.99,9.88,13.7,13.6,10.96,14.34,8.82,13.24,7.44,0.0,12.3,10.95,12.75
4,11,16,146.87,9.18,13.6,0.0,11.58,7.19,12.58,4.19,11.35,12.03,13.6,9.98,11.31,11.86,8.82,3.58,0.0,9.15,9.15,10.5
4,11,17,125.07,7.82,12.33,0.0,8.19,7.79,10.18,3.59,7.92,8.71,12.33,7.63,10.2,8.55,9.1,3.58,0.0,9.0,8.7,9.6
4,11,18,83.46,5.22,9.39,0.0,4.79,3.59,5.19,1.2,6.95,9.39,9.0,3.82,7.44,7.17,5.79,2.48,0.0,5.4,6.0,5.25
4,11,19,38.75,2.42,5.28,0.0,2.0,2.2,1.4,2.6,5.28,3.91,4.11,2.05,2.76,3.03,1.93,1.93,0.0,1.95,2.1,1.5
4,11,20,9.57,0.6,1.2,0.0,0.6,0.6,1.0,1.2,0.68,0.39,0.59,0.68,0.55,0.83,0.55,0.55,0.0,0.45,0.45,0.45
4,11,21,0.1,0.01,0.1,0.0,0.0,0.0,0.0,0.0,0.0,0.0,0.0,0.1,0.0,0.0,0.0,0.0,0.0,0.0,0.0,0.0
4,12,8,4.78,0.3,0.83,0.0,0.2,0.0,0.2,0.2,0.2,0.2,0.49,0.0,0.28,0.28,0.55,0.83,0.0,0.45,0.75,0.15
4,12,9,30.86,1.93,3.59,0.0,3.39,0.0,3.59,2.2,0.68,1.37,1.76,1.37,1.93,2.21,2.48,1.93,0.0,2.1,2.7,3.15
4,12,10,72.64,4.54,8.19,0.0,7.99,0.2,8.19,4.59,4.79,3.52,3.52,4.89,4.96,3.31,4.14,6.34,0.0,6.75,3.9,5.55
4,12,11,106.51,6.66,11.58,0.0,11.58,1.0,10.98,7.19,9.2,8.61,5.09,6.55,9.1,4.96,6.62,3.58,0.0,10.35,6.45,5.25
4,12,12,143.34,8.96,13.78,0.0,13.78,3.39,10.58,8.58,12.13,8.22,5.97,11.25,11.86,9.65,9.65,9.93,0.0,13.05,5.85,9.45
4,12,13,149.48,9.34,14.97,0.0,11.98,9.18,14.97,9.18,14.09,7.34,4.5,11.64,13.51,8.0,6.34,9.65,0.0,13.95,5.1,10.05
4,12,14,159.46,9.97,15.77,0.0,15.77,8.98,13.38,7.59,14.58,8.9,8.61,13.11,14.89,9.1,10.2,8.55,0.0,10.95,9.0,5.85
4,12,15,161.19,10.07,15.37,0.0,15.37,6.59,8.19,10.18,14.58,13.01,10.08,10.96,14.61,6.34,12.96,7.72,0.0,8.7,9.75,12.15
4,12,16,150.14,9.38,14.87,0.0,13.98,6.59,3.59,10.38,13.5,11.05,8.9,14.87,13.51,8.0,11.58,6.89,0.0,8.85,8.1,10.35
4,12,17,104.78,6.55,11.45,0.0,4.99,4.19,2.99,2.6,11.45,11.15,3.72,11.45,11.03,6.34,9.38,5.24,0.0,7.95,4.35,7.95
4,12,18,81.77,5.11,9.68,0.0,7.19,3.99,2.8,3.19,9.68,8.22,2.74,8.32,7.72,6.89,6.07,2.21,0.0,5.25,2.4,5.1
4,12,19,38.12,2.38,4.89,0.0,3.79,0.4,1.4,2.0,4.89,3.33,1.08,4.4,3.86,3.03,2.48,2.21,0.0,2.1,1.35,1.8
4,12,20,7.09,0.44,1.0,0.0,0.4,1.0,0.0,0.8,0.59,0.39,0.29,0.49,0.55,0.55,0.28,0.55,0.0,0.45,0.3,0.45
4,13,8,4.96,0.31,0.68,0.0,0.2,0.0,0.0,0.2,0.2,0.2,0.2,0.68,0.55,0.55,0.55,0.28,0.0,0.6,0.15,0.6
4,13,9,23.74,1.48,3.75,0.0,1.4,0.8,0.2,2.0,1.76,1.17,0.39,1.57,1.93,1.38,2.48,2.21,0.0,2.1,0.6,3.75
4,13,10,53.38,3.34,8.1,0.0,3.39,3.39,1.6,5.39,2.84,1.76,0.59,5.09,5.24,1.93,6.07,4.69,0.0,2.55,0.75,8.1
4,13,11,81.12,5.07,10.65,0.0,6.99,3.39,3.59,5.59,4.4,2.64,3.23,3.91,8.82,4.69,9.38,6.34,0.0,3.15,4.35,10.65
4,13,12,100.02,6.25,11.86,0.0,10.58,3.19,5.19,4.59,4.6,3.42,4.4,6.75,11.58,8.27,11.86,7.44,0.0,3.6,4.8,9.75
4,13,13,130.64,8.16,13.79,0.0,10.38,8.39,5.99,7.39,7.14,6.55,4.99,7.04,13.79,12.41,12.68,13.79,0.0,5.1,6.45,8.55
4,13,14,135.9,8.49,14.61,0.0,6.59,7.79,5.79,7.19,5.97,11.84,8.12,8.02,14.61,13.79,12.96,11.03,0.0,6.15,7.5,8.55
4,13,15,137.12,8.57,14.61,0.0,8.19,6.59,2.99,12.18,5.67,9.29,10.37,8.61,14.61,14.34,12.13,8.0,0.0,9.0,7.8,7.35
4,13,16,130.34,8.15,13.51,0.0,6.39,3.19,2.4,12.18,5.28,7.53,12.33,12.72,13.24,13.51,11.03,7.44,0.0,7.5,5.55,10.05
4,13,17,110.6,6.91,12.82,0.0,3.39,4.79,2.2,7.99,4.3,8.9,10.57,12.82,11.03,9.1,8.55,5.51,0.0,5.85,6.9,8.7
4,13,18,81.3,5.08,9.88,0.0,3.39,1.8,2.0,3.79,7.53,8.51,5.38,9.88,7.72,6.07,4.69,5.24,0.0,4.8,5.4,5.1
4,13,19,38.53,2.41,4.99,0.0,1.2,1.6,0.8,2.0,2.35,4.5,2.74,4.99,3.58,3.31,1.93,2.48,0.0,3.0,2.1,1.95
4,13,20,8.13,0.51,0.9,0.0,0.0,0.8,0.2,0.6,0.59,0.49,0.68,0.49,0.83,0.55,0.55,0.55,0.0,0.9,0.45,0.45
4,14,8,3.54,0.22,0.6,0.0,0.0,0.2,0.4,0.2,0.1,0.1,0.2,0.2,0.28,0.28,0.28,0.55,0.0,0.15,0.0,0.6
4,14,9,22.37,1.4,3.75,0.0,0.2,1.6,3.39,1.0,0.88,0.49,1.17,0.78,2.48,1.65,1.65,1.38,0.0,1.2,0.75,3.75
4,14,10,62.29,3.89,8.39,0.0,0.6,3.39,8.39,5.99,1.96,2.15,2.45,4.89,5.24,4.96,3.03,6.34,0.0,3.75,1.5,7.65
4,14,11,100.01,6.25,11.58,0.0,2.0,7.99,11.58,11.58,3.82,5.87,2.25,9.1,8.55,4.96,2.76,10.2,0.0,5.55,3.15,10.65
4,14,12,144.36,9.02,13.78,0.0,3.39,12.18,13.58,13.78,5.58,10.76,6.26,12.23,11.58,7.72,5.79,12.41,0.0,11.4,5.1,12.6
4,14,13,158.16,9.88,15.37,0.0,7.19,15.17,15.37,13.38,4.5,12.03,4.4,14.18,13.24,2.76,10.48,13.51,0.0,15.0,3.45,13.5
4,14,14,154.27,9.64,15.97,0.0,8.98,12.38,15.97,9.78,7.43,11.45,4.3,14.87,12.96,6.34,6.62,13.79,0.0,12.0,3.75,13.65
4,14,15,152.91,9.56,15.57,0.0,9.58,15.57,10.58,10.98,9.59,10.76,3.82,14.87,12.96,8.55,4.69,13.51,0.0,10.65,4.05,12.75
4,14,16,131.25,8.2,14.37,0.0,5.19,14.37,8.39,12.78,9.39,8.51,3.52,13.89,11.31,12.13,2.21,11.86,0.0,4.8,1.8,11.1
4,14,17,108.23,6.76,12.33,0.0,8.98,11.58,8.39,11.38,11.05,2.15,1.17,12.33,8.82,9.65,1.38,9.65,0.0,1.95,1.2,8.55
4,14,18,68.93,4.31,9.68,0.0,5.99,7.39,5.19,8.19,6.55,0.88,1.27,9.68,4.41,3.86,1.93,5.79,0.0,1.35,1.2,5.25
4,14,19,29.04,1.81,4.79,0.0,1.8,2.2,1.6,4.39,3.03,0.59,0.88,4.79,1.65,1.65,1.1,2.21,0.0,0.75,0.45,1.95
4,14,20,6.18,0.39,1.0,0.0,0.2,0.8,0.0,1.0,0.49,0.39,0.1,0.49,0.83,0.28,0.0,0.55,0.0,0.6,0.15,0.3
4,14,21,0.25,0.02,0.15,0.0,0.0,0.0,0.0,0.0,0.0,0.0,0.0,0.1,0.0,0.0,0.0,0.0,0.0,0.0,0.0,0.15
4,15,8,2.8,0.18,0.4,0.0,0.0,0.2,0.4,0.4,0.2,0.29,0.1,0.2,0.28,0.0,0.0,0.28,0.0,0.15,0.15,0.15
4,15,9,20.8,1.3,3.19,0.0,1.0,0.8,2.4,3.19,0.68,0.78,0.59,0.88,2.21,1.93,0.83,2.21,0.0,0.6,0.45,2.25
4,15,10,58.35,3.65,7.79,0.0,4.39,1.6,3.19,7.79,2.25,4.01,1.17,4.89,5.24,4.14,2.21,6.07,0.0,5.85,1.35,4.2
4,15,11,92.15,5.76,11.38,0.0,3.99,0.6,10.38,11.38,3.91,4.4,1.86,9.0,9.1,5.51,4.69,9.93,0.0,6.15,5.4,5.85
4,15,12,132.28,8.27,13.58,0.0,2.99,6.39,11.38,13.58,8.41,12.23,3.91,11.93,10.75,11.58,7.17,11.86,0.0,8.85,4.35,6.9
4,15,13,149.77,9.36,15.57,0.0,2.8,4.39,15.57,14.37,10.08,8.12,8.9,13.4,13.24,11.58,11.86,12.96,0.0,9.45,5.55,7.5
4,15,14,163.57,10.22,14.97,0.0,5.79,4.99,14.97,14.97,11.45,8.61,6.26,13.79,12.13,12.96,13.51,13.24,0.0,12.3,11.25,7.35
4,15,15,151.07,9.44,15.44,0.0,3.39,5.19,7.59,14.57,11.25,10.17,7.24,14.58,11.58,15.44,13.24,12.68,0.0,9.9,7.35,6.9
4,15,16,146.28,9.14,13.7,0.0,9.18,7.79,8.78,12.98,9.68,9.98,4.5,13.7,13.24,11.86,11.58,11.86,0.0,8.7,6.3,6.15
4,15,17,113.11,7.07,12.23,0.0,7.39,3.99,10.98,10.38,9.49,4.99,3.03,12.23,11.31,6.62,9.65,9.1,0.0,5.1,3.9,4.95
4,15,18,85.43,5.34,9.29,0.0,7.19,5.39,8.19,7.19,8.41,4.21,2.74,9.29,8.0,4.69,6.07,5.51,0.0,3.6,2.25,2.7
4,15,19,40.47,2.53,4.6,0.0,3.99,0.8,3.39,3.79,4.4,1.27,2.35,4.6,3.86,3.58,2.21,2.48,0.0,1.5,1.2,1.05
4,15,20,8.8,0.55,1.08,0.0,0.8,0.4,0.6,0.8,0.49,0.59,1.08,0.49,0.55,0.55,0.55,0.55,0.0,0.6,0.45,0.3
4,15,21,0.2,0.01,0.1,0.0,0.0,0.0,0.0,0.0,0.1,0.0,0.0,0.1,0.0,0.0,0.0,0.0,0.0,0.0,0.0,0.0
4,16,8,4.19,0.26,0.6,0.0,0.4,0.0,0.2,0.2,0.39,0.2,0.29,0.2,0.28,0.0,0.55,0.28,0.0,0.0,0.6,0.6
4,16,9,30.59,1.91,3.9,0.0,3.39,0.2,2.4,3.39,1.47,0.88,0.98,0.98,2.21,1.38,1.65,2.21,0.0,1.8,3.9,3.75
4,16,10,75.1,4.69,7.95,0.0,7.39,0.0,6.79,7.19,3.91,2.54,4.79,4.79,5.79,1.38,3.31,6.07,0.0,5.7,7.95,7.5
4,16,11,123.28,7.71,11.78,0.0,10.78,0.4,11.78,10.58,9.0,4.89,8.71,8.9,9.1,2.48,5.51,9.65,0.0,9.9,11.1,10.5
4,16,12,150.4,9.4,14.37,0.0,13.98,2.6,14.37,12.98,12.23,4.5,11.84,11.74,11.86,3.03,7.44,11.58,0.0,6.6,13.2,12.45
4,16,13,175.23,10.95,16.17,0.0,14.57,9.58,16.17,14.17,14.38,6.16,13.7,13.01,13.51,4.96,11.31,12.96,0.0,3.3,14.25,13.2
4,16,14,190.06,11.88,16.57,0.0,13.78,13.18,16.57,14.57,13.4,8.41,13.21,13.4,14.34,11.03,11.03,13.24,0.0,6.75,14.25,12.9
4,16,15,187.05,11.69,15.57,0.0,13.58,9.98,15.57,13.98,13.4,7.43,14.77,12.33,14.34,12.13,12.68,12.96,0.0,7.95,13.95,12.0
4,16,16,175.52,10.97,14.09,0.0,12.98,6.39,13.98,12.78,12.91,6.85,14.09,13.01,13.24,12.13,10.48,11.58,0.0,11.4,13.2,10.5
4,16,17,133.92,8.37,12.62,0.0,10.38,8.58,11.58,10.38,8.9,3.91,12.62,11.74,11.31,7.44,4.41,8.82,0.0,5.7,9.9,8.25
4,16,18,84.61,5.29,9.78,0.0,5.39,3.59,7.39,7.39,5.67,2.35,9.78,8.9,8.0,4.41,3.03,5.51,0.0,2.55,5.7,4.95
4,16,19,41.27,2.58,4.6,0.0,3.39,0.8,4.19,3.59,3.33,2.15,4.6,4.6,3.31,1.93,1.65,2.48,0.0,1.2,2.1,1.95
4,16,20,7.83,0.49,0.75,0.0,0.6,0.2,0.6,0.6,0.68,0.39,0.59,0.59,0.55,0.55,0.55,0.28,0.0,0.75,0.45,0.45
4,17,8,6.19,0.39,0.9,0.0,0.2,0.0,0.4,0.6,0.1,0.39,0.2,0.39,0.55,0.28,0.28,0.55,0.0,0.9,0.45,0.9
4,17,9,34.38,2.15,4.2,0.0,2.0,1.0,3.79,3.19,0.39,1.37,1.08,1.27,1.65,1.1,2.76,2.48,0.0,4.05,4.2,4.05
4,17,10,76.46,4.78,8.58,0.0,2.99,3.19,8.58,6.79,1.08,4.11,5.09,4.7,3.58,2.21,6.62,6.07,0.0,5.55,8.55,7.35
4,17,11,112.95,7.06,12.38,0.0,2.4,6.59,12.38,8.78,1.86,8.51,9.2,7.92,3.31,3.58,8.27,9.1,0.0,9.6,12.0,9.45
4,17,12,140.5,8.78,14.97,0.0,1.8,3.19,14.97,11.98,2.54,10.76,12.23,10.66,6.07,5.79,11.31,10.2,0.0,13.95,13.8,11.25
4,17,13,161.07,10.07,16.17,0.0,1.0,9.58,16.17,12.98,2.74,11.35,13.89,12.33,6.07,8.82,13.51,12.13,0.0,13.2,14.7,12.6
4,17,14,164.57,10.29,16.17,0.0,1.0,12.58,16.17,12.78,1.76,11.54,14.09,14.67,2.76,9.93,14.06,10.48,0.0,15.0,14.55,13.2
4,17,15,161.89,10.12,15.57,0.0,1.0,8.58,15.57,12.98,3.82,12.33,14.09,14.38,2.76,12.41,13.79,11.03,0.0,14.4,13.65,11.1
4,17,16,140.65,8.79,13.7,0.0,1.2,5.79,12.98,10.98,3.42,12.72,13.7,12.52,2.48,9.93,12.13,9.65,0.0,11.7,12.15,9.3
4,17,17,122.71,7.67,12.33,0.0,1.2,5.19,10.58,9.98,4.3,12.33,12.33,11.93,1.1,8.82,9.65,8.0,0.0,9.6,9.6,8.1
4,17,18,85.65,5.35,9.59,0.0,1.2,5.99,8.19,6.39,2.45,8.61,9.39,9.59,0.55,6.34,6.34,4.41,0.0,5.25,5.7,5.25
4,17,19,41.74,2.61,4.89,0.0,0.8,1.2,3.99,3.59,2.05,4.89,4.6,4.79,0.83,3.58,2.76,2.21,0.0,2.25,2.1,2.1
4,17,20,8.21,0.51,0.83,0.0,0.2,0.4,0.6,0.8,0.59,0.49,0.68,0.59,0.55,0.83,0.28,0.55,0.0,0.6,0.6,0.45
4,18,8,6.14,0.38,0.83,0.0,0.2,0.4,0.6,0.6,0.29,0.39,0.2,0.29,0.28,0.28,0.83,0.28,0.0,0.6,0.45,0.45
4,18,9,38.0,2.37,4.35,0.0,2.6,3.59,3.59,2.4,1.37,1.86,0.98,1.47,2.21,2.21,2.76,2.76,0.0,4.35,3.3,2.55
4,18,10,91.1,5.69,8.1,0.0,6.19,7.59,7.19,6.39,5.09,4.89,3.62,4.4,5.79,4.14,6.62,5.79,0.0,8.1,7.5,7.8
4,18,11,137.45,8.59,12.38,0.0,6.79,10.38,12.38,11.18,4.99,9.1,9.1,6.26,8.55,4.96,9.93,9.93,0.0,11.4,11.4,11.1
4,18,12,157.23,9.83,13.58,0.0,9.58,10.78,13.58,13.38,8.8,7.73,12.03,7.53,2.76,6.89,12.41,11.86,0.0,13.2,13.5,13.2
4,18,13,182.72,11.42,14.77,0.0,11.98,14.57,14.37,14.77,13.79,12.03,13.5,10.96,1.1,8.55,13.24,13.51,0.0,11.85,14.25,14.25
4,18,14,185.17,11.57,15.17,0.0,8.19,14.37,15.17,15.17,12.52,8.22,14.28,13.11,1.65,13.51,13.79,13.79,0.0,12.6,14.55,14.25
4,18,15,175.36,10.96,14.97,0.0,3.39,13.78,14.17,14.97,11.45,10.86,14.38,12.23,2.76,13.24,13.24,13.24,0.0,10.35,13.8,13.5
4,18,16,173.95,10.87,13.79,0.0,11.38,11.58,13.18,11.98,13.5,5.09,13.79,12.82,11.03,9.93,12.41,11.86,0.0,11.1,12.3,12.0
4,18,17,141.99,8.87,12.23,0.0,4.59,10.58,11.58,7.99,10.96,12.03,12.23,11.54,5.51,10.75,9.65,9.38,0.0,6.45,9.6,9.15
4,18,18,93.56,5.85,9.78,0.0,1.4,7.99,6.39,3.79,8.22,9.78,9.2,9.78,4.69,6.07,6.34,5.51,0.0,3.3,5.7,5.4
4,18,19,43.8,2.74,4.7,0.0,0.2,3.79,3.19,2.0,3.82,4.7,4.3,4.3,2.76,3.03,2.48,2.48,0.0,2.55,2.1,2.1
4,18,20,7.38,0.46,0.78,0.0,0.2,0.4,0.4,0.6,0.49,0.49,0.78,0.68,0.28,0.28,0.55,0.28,0.0,0.6,0.6,0.75
4,18,21,0.2,0.01,0.1,0.0,0.0,0.0,0.0,0.0,0.0,0.1,0.1,0.0,0.0,0.0,0.0,0.0,0.0,0.0,0.0,0.0
4,19,8,6.86,0.43,0.75,0.0,0.2,0.4,0.2,0.2,0.39,0.49,0.39,0.29,0.55,0.55,0.55,0.55,0.0,0.75,0.75,0.6
4,19,9,34.31,2.14,4.5,0.0,0.6,2.2,1.6,1.4,0.78,2.25,1.57,1.27,2.21,2.21,3.31,2.76,0.0,4.35,4.5,3.3
4,19,10,78.56,4.91,7.95,0.0,3.39,4.99,5.39,2.6,1.66,5.09,4.99,4.21,6.07,5.51,6.62,6.89,0.0,7.65,7.95,5.55
4,19,11,118.38,7.4,11.38,0.0,4.19,5.19,11.38,3.59,4.21,7.14,8.61,8.02,9.38,8.82,9.65,10.75,0.0,7.05,10.35,10.05
4,19,12,161.91,10.12,13.5,0.0,8.19,7.19,13.18,9.58,6.85,10.27,11.93,10.66,11.58,11.58,12.41,13.24,0.0,8.25,13.5,13.5
4,19,13,173.97,10.87,14.97,0.0,10.58,8.58,14.97,4.59,6.55,11.45,14.28,11.93,9.93,13.51,13.79,14.06,0.0,10.65,14.4,14.7
4,19,14,179.7,11.23,15.07,0.0,11.98,9.98,13.78,6.19,7.43,9.39,15.07,14.97,11.58,12.68,14.34,14.06,0.0,9.15,14.4,14.7
4,19,15,165.73,10.36,15.46,0.0,9.58,10.98,11.38,9.18,1.17,10.96,15.36,15.46,5.24,9.93,14.06,12.68,0.0,11.85,13.95,13.95
4,19,16,152.97,9.56,14.58,0.0,10.58,8.39,10.38,10.38,3.72,10.76,14.58,13.89,5.79,11.86,12.41,11.58,0.0,5.7,10.8,12.15
4,19,17,127.72,7.98,12.72,0.0,9.18,7.39,9.78,10.18,5.77,7.73,12.72,11.74,1.65,10.2,9.93,9.1,0.0,5.85,7.2,9.3
4,19,18,99.58,6.22,9.78,0.0,4.39,8.58,6.79,8.58,8.51,5.87,7.14,9.78,2.21,8.0,6.34,5.24,0.0,6.3,6.3,5.55
4,19,19,43.89,2.74,4.89,0.0,2.99,3.79,3.39,2.0,4.89,2.74,3.33,4.89,1.65,3.58,2.76,2.48,0.0,1.65,1.65,2.1
4,19,20,8.69,0.54,0.88,0.0,0.4,0.6,0.4,0.8,0.59,0.49,0.88,0.68,0.55,0.55,0.55,0.55,0.0,0.45,0.6,0.6
4,20,8,7.26,0.45,0.75,0.0,0.4,0.6,0.2,0.4,0.29,0.39,0.39,0.59,0.55,0.55,0.55,0.55,0.0,0.6,0.45,0.75
4,20,9,34.66,2.17,4.2,0.0,3.59,1.6,1.4,3.59,0.98,1.76,1.96,1.17,1.93,2.21,3.31,2.76,0.0,2.25,1.95,4.2
4,20,10,68.91,4.31,7.99,0.0,7.59,3.79,3.39,7.99,4.11,1.96,2.05,5.38,2.48,4.96,4.69,7.17,0.0,2.25,3.3,7.8
4,20,11,112.89,7.06,11.85,0.0,11.38,8.58,6.39,10.78,7.63,2.93,5.18,10.08,4.41,5.51,6.34,11.03,0.0,3.45,7.35,11.85
4,20,12,132.31,8.27,13.98,0.0,13.98,11.18,4.39,12.58,11.45,2.74,3.82,13.11,6.89,5.51,8.82,13.24,0.0,2.7,9.6,12.3
4,20,13,147.77,9.24,15.46,0.0,15.37,7.79,6.99,14.17,13.4,1.37,9.1,15.46,8.0,7.44,8.27,14.61,0.0,1.5,10.05,14.25
4,20,14,160.73,10.05,15.97,0.0,15.97,8.19,4.39,13.58,14.28,6.46,9.98,14.87,8.55,7.72,10.75,14.34,0.0,5.4,11.7,14.55
4,20,15,154.44,9.65,15.46,0.0,15.37,4.59,6.19,9.58,14.28,8.41,12.23,15.46,6.07,4.69,12.13,13.79,0.0,9.3,8.4,13.95
4,20,16,140.21,8.76,14.87,0.0,13.78,1.0,10.98,8.19,13.4,6.55,9.1,14.87,6.07,3.03,10.48,11.86,0.0,6.75,12.0,12.15
4,20,17,121.97,7.62,12.82,0.0,11.18,2.4,8.58,9.18,11.54,8.71,7.43,12.82,5.51,3.58,6.89,9.1,0.0,7.05,8.7,9.3
4,20,18,80.42,5.03,8.9,0.0,7.79,1.6,2.99,4.99,8.51,6.85,5.58,8.9,4.96,0.83,5.51,4.96,0.0,5.55,5.55,5.85
4,20,19,41.33,2.58,5.18,0.0,3.79,0.6,4.59,2.6,4.11,2.45,1.96,5.18,1.93,3.03,2.76,2.48,0.0,1.95,1.8,2.1
4,20,20,8.64,0.54,0.8,0.0,0.8,0.2,0.4,0.8,0.78,0.49,0.49,0.68,0.55,0.55,0.55,0.55,0.0,0.6,0.6,0.6
4,20,21,0.25,0.02,0.15,0.0,0.0,0.0,0.0,0.0,0.0,0.0,0.1,0.0,0.0,0.0,0.0,0.0,0.0,0.0,0.15,0.0
4,21,7,0.2,0.01,0.2,0.0,0.0,0.0,0.2,0.0,0.0,0.0,0.0,0.0,0.0,0.0,0.0,0.0,0.0,0.0,0.0,0.0
4,21,8,6.2,0.39,0.8,0.0,0.4,0.8,0.2,0.4,0.49,0.39,0.29,0.1,0.55,0.55,0.28,0.55,0.0,0.75,0.3,0.15
4,21,9,29.74,1.86,4.2,0.0,3.59,1.4,0.8,2.2,1.76,1.17,1.37,0.88,2.48,1.93,2.48,2.48,0.0,4.2,2.4,0.6
4,21,10,78.38,4.9,8.55,0.0,7.99,2.99,2.4,6.99,4.89,4.6,4.21,4.5,5.79,4.41,4.14,7.17,0.0,8.55,6.75,3.0
4,21,11,114.68,7.17,11.78,0.0,11.78,4.79,5.79,10.98,8.9,5.87,6.26,3.62,9.38,7.44,7.72,8.0,0.0,8.55,10.5,5.1
4,21,12,130.18,8.14,14.57,0.0,14.57,6.19,4.59,12.18,11.93,10.27,5.38,9.0,11.86,7.72,8.27,8.27,0.0,7.65,6.45,5.85
4,21,13,146.64,9.17,15.97,0.0,15.97,5.59,7.39,11.78,13.79,12.72,5.18,7.83,13.51,10.48,12.41,6.89,0.0,10.2,7.65,5.25
4,21,14,122.83,7.68,15.77,0.0,15.77,9.78,4.39,7.79,14.38,8.32,5.09,5.58,13.79,11.03,6.62,4.69,0.0,6.15,5.1,4.35
4,21,15,122.35,7.65,13.78,0.0,13.78,7.39,10.18,3.79,11.93,8.12,4.6,7.83,12.96,13.51,7.17,4.14,0.0,5.7,3.3,7.95
4,21,16,109.48,6.84,13.5,0.0,11.18,8.19,4.19,4.99,13.5,10.47,1.76,4.89,8.27,12.41,6.34,6.34,0.0,8.55,2.25,6.15
4,21,17,87.33,5.46,12.33,0.0,5.79,5.19,2.6,5.39,12.33,8.41,1.47,5.09,4.96,10.75,6.62,3.58,0.0,6.15,1.95,7.05
4,21,18,53.2,3.33,9.39,0.0,2.2,2.8,1.2,3.39,9.39,4.7,1.37,3.03,3.58,7.17,3.31,2.21,0.0,3.45,1.05,4.35
4,21,19,33.03,2.06,4.7,0.0,2.99,2.4,0.0,2.6,4.7,2.05,2.25,1.76,4.14,3.31,0.83,1.65,0.0,1.8,0.45,2.1
4,21,20,8.39,0.52,0.9,0.0,0.6,0.8,0.0,0.4,0.68,0.68,0.49,0.59,0.55,0.55,0.55,0.55,0.0,0.9,0.3,0.75
4,22,8,6.17,0.39,0.9,0.0,0.2,0.4,0.2,0.2,0.39,0.59,0.68,0.2,0.55,0.55,0.28,0.28,0.0,0.9,0.6,0.15
4,22,9,32.23,2.01,4.5,0.0,3.59,3.39,1.8,0.2,1.76,1.76,1.17,0.59,2.48,2.48,2.48,1.38,0.0,4.5,4.2,0.45
4,22,10,69.86,4.37,8.19,0.0,8.19,8.19,3.59,0.4,4.21,5.67,5.18,0.88,5.79,5.79,4.69,3.03,0.0,6.15,7.2,0.9
4,22,11,108.09,6.76,11.7,0.0,11.38,7.39,3.79,2.4,9.1,7.43,9.39,3.13,9.38,8.82,8.0,3.58,0.0,9.9,11.7,2.7
4,22,12,135.8,8.49,13.5,0.0,11.78,5.99,7.99,7.39,12.33,10.08,10.96,3.91,11.58,10.75,12.41,3.03,0.0,12.15,13.5,1.95
4,22,13,156.81,9.8,14.25,0.0,12.58,11.38,12.58,5.99,11.35,10.47,11.64,4.01,12.96,12.41,13.24,9.1,0.0,11.4,14.25,3.45
4,22,14,168.68,10.54,14.7,0.0,11.38,8.78,14.57,5.39,13.79,10.96,8.9,11.45,14.61,13.24,13.24,7.72,0.0,10.8,14.7,9.15
4,22,15,158.34,9.9,14.97,0.0,9.78,13.18,14.97,2.99,13.11,7.83,8.9,9.98,13.79,12.96,14.06,4.69,0.0,11.55,13.8,6.75
4,22,16,127.57,7.97,12.96,0.0,8.78,6.59,10.58,2.8,8.51,8.71,9.78,3.62,11.31,11.58,12.96,9.1,0.0,10.35,10.95,1.95
4,22,17,104.63,6.54,11.03,0.0,4.19,6.39,10.38,2.6,4.6,8.02,9.98,2.35,9.65,11.03,9.65,5.24,0.0,9.15,7.65,3.75
4,22,18,72.33,4.52,7.59,0.0,2.8,3.19,7.59,1.6,4.79,5.67,7.43,3.03,7.44,6.62,4.69,2.48,0.0,5.7,5.55,3.75
4,22,19,34.84,2.18,3.91,0.0,0.8,3.19,3.79,1.6,1.66,3.91,2.35,1.37,3.03,3.58,3.03,0.83,0.0,1.95,2.25,1.5
4,22,20,9.6,0.6,1.0,0.0,0.4,0.6,1.0,1.0,0.49,0.68,0.88,0.39,0.55,0.83,0.55,0.28,0.0,0.6,0.75,0.6
4,22,21,0.1,0.01,0.1,0.0,0.0,0.0,0.0,0.0,0.0,0.0,0.0,0.1,0.0,0.0,0.0,0.0,0.0,0.0,0.0,0.0
4,23,7,0.15,0.01,0.15,0.0,0.0,0.0,0.0,0.0,0.0,0.0,0.0,0.0,0.0,0.0,0.0,0.0,0.0,0.15,0.0,0.0
4,23,8,6.31,0.39,0.9,0.0,0.2,0.4,0.2,0.0,0.0,0.59,0.2,0.29,0.55,0.83,0.55,0.55,0.0,0.9,0.15,0.9
4,23,9,33.14,2.07,3.9,0.0,2.2,3.59,1.8,1.4,1.08,1.76,1.27,1.47,2.76,3.03,1.65,3.03,0.0,2.55,1.65,3.9
4,23,10,64.68,4.04,8.4,0.0,1.8,7.99,3.99,2.8,2.64,3.03,2.64,4.99,6.34,5.24,2.48,4.69,0.0,5.25,2.4,8.4
4,23,11,80.73,5.05,11.18,0.0,4.79,11.18,3.39,4.79,2.35,3.13,5.87,3.42,9.65,7.72,3.58,3.31,0.0,4.5,4.95,8.1
4,23,12,109.48,6.84,12.38,0.0,7.39,12.38,2.6,6.19,8.41,5.09,3.13,7.24,9.93,10.48,6.07,7.17,0.0,8.7,6.15,8.55
4,23,13,141.06,8.82,15.0,0.0,8.19,13.78,3.59,8.78,13.79,8.22,2.25,13.6,11.58,11.86,9.38,6.34,0.0,12.9,1.8,15.0
4,23,14,144.22,9.01,15.0,0.0,3.59,14.37,3.39,7.99,12.62,13.6,2.54,10.37,10.48,13.24,9.65,11.03,0.0,13.05,3.3,15.0
4,23,15,131.74,8.23,13.24,0.0,3.39,11.78,1.4,8.58,11.05,11.93,2.84,10.47,11.03,13.24,12.96,6.07,0.0,12.75,4.8,9.45
4,23,16,127.09,7.94,12.91,0.0,3.39,9.18,2.99,9.58,8.32,12.91,1.96,12.03,10.48,10.2,11.58,8.82,0.0,11.4,2.85,11.4
4,23,17,109.07,6.82,13.4,0.0,4.39,6.39,1.0,8.58,13.3,9.59,1.66,13.4,10.48,8.27,10.2,4.41,0.0,6.9,1.35,9.15
4,23,18,76.84,4.8,9.68,0.0,3.39,5.99,1.6,6.59,9.68,4.89,1.96,8.8,5.79,6.07,6.07,5.51,0.0,4.05,0.6,5.85
4,23,19,40.94,2.56,4.4,0.0,1.6,3.79,3.19,2.6,4.4,3.72,1.27,3.33,4.14,3.31,3.03,2.21,0.0,2.1,0.3,1.95
4,23,20,10.35,0.65,1.27,0.0,0.8,0.6,0.6,0.8,0.88,0.68,1.27,0.59,1.1,0.55,0.55,0.28,0.0,0.45,0.6,0.6
4,23,21,0.55,0.03,0.15,0.0,0.0,0.0,0.0,0.0,0.0,0.0,0.1,0.0,0.0,0.0,0.0,0.0,0.0,0.15,0.15,0.15
4,24,7,0.28,0.02,0.28,0.0,0.0,0.0,0.0,0.0,0.0,0.0,0.0,0.0,0.0,0.0,0.0,0.28,0.0,0.0,0.0,0.0
4,24,8,7.53,0.47,0.9,0.0,0.0,0.8,0.6,0.4,0.2,0.59,0.49,0.39,0.28,0.55,0.28,0.55,0.0,0.9,0.6,0.9
4,24,9,27.84,1.74,4.2,0.0,0.6,2.8,0.6,2.2,1.08,1.76,1.08,1.27,1.1,2.76,0.83,2.76,0.0,3.9,0.9,4.2
4,24,10,68.89,4.31,8.4,0.0,2.0,4.19,2.6,5.19,4.79,4.79,2.54,5.97,4.14,4.96,2.48,6.34,0.0,7.65,2.85,8.4
4,24,11,110.62,6.91,11.7,0.0,4.19,5.19,7.39,11.58,4.5,9.1,3.33,8.61,7.17,7.17,4.14,10.2,0.0,11.1,5.25,11.7
4,24,12,134.67,8.42,13.2,0.0,5.19,9.38,5.59,11.18,4.4,11.93,6.26,9.39,7.17,8.0,12.96,6.62,0.0,12.6,10.8,13.2
4,24,13,133.95,8.37,14.4,0.0,2.4,10.18,4.79,12.98,7.73,13.6,8.8,3.91,5.79,11.03,6.34,9.65,0.0,13.35,9.0,14.4
4,24,14,157.64,9.85,14.7,0.0,2.2,9.78,4.59,13.38,14.38,14.18,11.15,6.65,6.89,11.58,12.13,11.58,0.0,12.75,11.7,14.7
4,24,15,146.76,9.17,14.1,0.0,4.79,5.99,5.19,5.39,9.68,14.09,14.09,8.12,9.38,12.41,10.2,11.58,0.0,11.1,10.65,14.1
4,24,16,124.23,7.76,12.33,0.0,2.8,9.58,6.99,7.39,2.84,12.33,11.25,2.93,5.51,10.2,10.2,11.31,0.0,7.95,11.1,11.85
4,24,17,84.7,5.29,10.75,0.0,2.0,2.2,3.79,4.99,4.01,10.08,9.78,2.84,3.03,8.82,10.75,4.41,0.0,4.35,5.85,7.8
4,24,18,62.57,3.91,8.19,0.0,1.2,1.6,2.4,8.19,1.96,7.53,4.4,3.03,2.76,3.86,6.07,6.07,0.0,4.8,3.45,5.25
4,24,19,35.68,2.23,5.09,0.0,0.2,1.6,1.2,3.99,0.78,4.79,1.96,5.09,1.65,1.93,3.86,2.48,0.0,2.4,2.25,1.5
4,24,20,9.68,0.61,1.1,0.0,0.2,0.0,0.2,1.0,0.68,0.98,0.98,0.78,0.28,0.83,1.1,0.55,0.0,0.6,0.9,0.6
4,24,21,0.45,0.03,0.15,0.0,0.0,0.0,0.0,0.0,0.1,0.0,0.1,0.1,0.0,0.0,0.0,0.0,0.0,0.0,0.0,0.15
4,25,8,6.89,0.43,0.9,0.0,0.2,0.0,0.2,0.6,0.29,0.59,0.49,0.49,0.55,0.0,0.55,0.83,0.0,0.9,0.45,0.75
4,25,9,31.41,1.96,4.35,0.0,1.6,0.4,0.6,2.6,1.76,1.47,2.15,1.96,2.21,0.0,3.58,3.03,0.0,3.3,4.35,2.4
4,25,10,67.74,4.23,7.2,0.0,0.6,1.6,3.39,4.79,5.67,4.11,4.21,3.82,5.24,1.93,5.24,6.89,0.0,6.15,7.2,6.9
4,25,11,109.81,6.86,11.58,0.0,3.99,2.0,1.6,11.58,7.04,8.41,9.78,7.73,4.69,4.41,8.55,10.48,0.0,10.35,8.1,11.1
4,25,12,125.27,7.83,12.68,0.0,7.59,1.2,6.99,11.38,7.34,10.86,5.58,7.83,7.17,3.58,6.62,12.68,0.0,12.6,11.85,12.0
4,25,13,141.15,8.82,14.06,0.0,12.38,1.2,5.39,9.18,12.52,13.6,2.93,11.05,11.03,4.69,6.07,14.06,0.0,11.85,12.75,12.45
4,25,14,154.42,9.65,15.16,0.0,6.79,1.6,7.19,11.58,10.47,14.09,13.01,15.16,13.51,4.41,7.17,14.34,0.0,12.15,8.4,14.55
4,25,15,155.55,9.72,14.67,0.0,4.99,1.2,7.19,14.37,12.33,14.18,14.67,13.21,14.06,2.76,12.68,14.06,0.0,9.45,7.35,13.05
4,25,16,139.75,8.73,14.48,0.0,6.99,0.8,5.99,8.98,10.27,12.33,13.99,14.48,11.03,3.03,10.48,12.13,0.0,9.6,8.1,11.55
4,25,17,111.13,6.95,12.52,0.0,4.19,1.4,4.79,5.19,7.83,10.66,11.84,12.52,8.55,1.93,9.93,9.65,0.0,9.15,4.35,9.15
4,25,18,81.94,5.12,9.59,0.0,2.6,0.8,2.2,4.19,7.04,8.61,9.1,9.59,8.0,1.38,5.79,5.24,0.0,5.7,6.15,5.55
4,25,19,39.94,2.5,5.09,0.0,1.0,0.4,0.6,4.19,3.33,4.6,4.21,5.09,3.58,0.55,3.03,2.76,0.0,2.1,2.4,2.1
4,25,20,7.88,0.49,0.88,0.0,0.0,0.2,0.2,0.4,0.88,0.78,0.88,0.68,0.55,0.28,0.55,0.83,0.0,0.45,0.75,0.45
4,25,21,0.7,0.04,0.2,0.0,0.0,0.0,0.0,0.2,0.1,0.0,0.0,0.1,0.0,0.0,0.0,0.0,0.0,0.15,0.0,0.15
4,26,7,0.48,0.03,0.28,0.0,0.2,0.0,0.0,0.0,0.0,0.0,0.0,0.0,0.28,0.0,0.0,0.0,0.0,0.0,0.0,0.0
4,26,8,7.4,0.46,1.05,0.0,0.4,0.2,0.8,0.2,0.39,0.59,0.59,0.1,0.55,0.55,0.83,0.55,0.0,1.05,0.6,0.0
4,26,9,28.23,1.76,3.79,0.0,2.2,1.4,3.79,0.4,1.47,1.57,1.17,1.57,2.76,2.76,0.83,2.76,0.0,2.7,2.25,0.6
4,26,10,68.26,4.27,8.19,0.0,7.79,2.4,8.19,2.4,3.91,4.4,3.03,2.35,6.62,5.79,4.41,6.62,0.0,6.3,2.55,1.5
4,26,11,113.8,7.11,11.78,0.0,9.38,4.19,11.78,3.19,7.34,5.58,5.87,4.7,9.93,8.82,8.27,10.75,0.0,10.2,7.95,5.85
4,26,12,135.7,8.48,13.5,0.0,9.78,5.19,13.38,4.19,10.66,1.66,9.98,6.55,12.96,11.31,7.72,8.27,0.0,13.5,12.6,7.95
4,26,13,131.96,8.25,12.78,0.0,7.99,6.39,12.78,8.39,12.72,0.98,11.05,9.59,12.68,11.31,11.31,6.07,0.0,6.3,7.95,6.45
4,26,14,139.62,8.73,14.34,0.0,8.58,7.59,8.19,11.18,11.84,2.25,8.22,5.97,14.34,8.27,11.31,9.93,0.0,8.1,10.2,13.65
4,26,15,121.86,7.62,14.61,0.0,9.38,5.99,10.18,3.39,12.62,3.33,1.86,9.68,14.61,8.55,8.55,8.82,0.0,10.65,0.9,13.35
4,26,16,121.51,7.59,14.48,0.0,8.98,4.39,7.99,5.79,14.48,2.25,0.78,8.41,13.79,9.38,11.58,7.44,0.0,11.7,2.4,12.15
4,26,17,115.9,7.24,11.31,0.0,6.99,4.59,8.58,5.99,10.17,1.08,3.42,9.59,11.31,10.48,6.62,9.93,0.0,10.65,7.35,9.15
4,26,18,83.08,5.19,9.59,0.0,6.99,0.8,8.58,2.8,8.8,1.27,2.93,9.59,8.27,7.72,5.24,6.89,0.0,4.05,3.45,5.7
4,26,19,46.22,2.89,4.99,0.0,4.19,0.4,4.39,1.8,4.99,2.84,3.03,4.99,4.14,3.31,2.48,2.76,0.0,1.65,3.45,1.8
4,26,20,12.81,0.8,2.0,0.0,0.6,0.2,0.4,2.0,0.78,0.78,1.66,0.78,0.83,0.83,0.55,0.55,0.0,0.75,1.5,0.6
4,26,21,0.45,0.03,0.15,0.0,0.0,0.0,0.0,0.0,0.1,0.0,0.1,0.1,0.0,0.0,0.0,0.0,0.0,0.0,0.15,0.0
4,27,7,0.2,0.01,0.2,0.0,0.2,0.0,0.0,0.0,0.0,0.0,0.0,0.0,0.0,0.0,0.0,0.0,0.0,0.0,0.0,0.0
4,27,8,8.27,0.52,1.05,0.0,0.4,0.2,0.2,1.0,0.29,0.59,0.29,0.39,0.55,0.0,0.83,0.83,0.0,1.05,0.6,1.05
4,27,9,34.99,2.19,3.99,0.0,3.99,3.19,0.4,1.8,1.27,2.15,1.37,1.57,2.76,1.65,3.86,3.03,0.0,2.55,1.65,3.75
4,27,10,79.86,4.99,8.58,0.0,8.58,4.99,1.4,5.59,5.48,3.03,5.18,4.4,6.62,3.03,7.44,7.17,0.0,5.25,8.55,3.15
4,27,11,107.39,6.71,11.98,0.0,11.98,6.79,0.8,7.79,9.39,7.14,6.85,7.73,9.65,5.51,7.72,5.79,0.0,1.8,8.25,10.2
4,27,12,134.53,8.41,14.57,0.0,14.57,7.79,2.99,7.39,12.33,10.17,9.49,7.34,12.13,9.65,8.27,11.86,0.0,2.7,9.3,8.55
4,27,13,133.26,8.33,15.77,0.0,15.77,7.59,2.6,8.98,14.09,5.48,9.49,10.08,13.79,6.07,7.44,11.03,0.0,9.15,6.75,4.95
4,27,14,157.39,9.84,16.17,0.0,16.17,9.98,3.79,6.59,14.77,9.78,13.21,15.07,14.06,6.07,9.1,10.75,0.0,10.05,6.15,11.85
4,27,15,163.09,10.19,15.36,0.0,15.17,7.39,11.38,7.39,14.67,13.79,15.36,14.67,14.06,6.34,4.69,11.03,0.0,6.0,8.7,12.45
4,27,16,141.81,8.86,14.28,0.0,13.58,4.39,7.99,1.8,13.89,14.28,13.5,14.18,12.68,3.03,9.38,5.51,0.0,7.5,8.25,11.85
4,27,17,123.95,7.75,12.72,0.0,11.18,7.59,9.38,1.2,12.23,12.03,7.34,12.72,10.75,6.34,6.89,9.65,0.0,3.9,3.6,9.15
4,27,18,94.56,5.91,9.68,0.0,7.99,5.79,1.2,3.19,9.49,9.68,4.99,9.1,8.0,8.0,6.62,5.51,0.0,3.9,5.55,5.55
4,27,19,46.47,2.9,5.09,0.0,4.19,2.0,1.0,2.99,5.09,4.5,3.13,4.79,3.86,3.58,3.58,2.21,0.0,1.95,1.8,1.8
4,27,20,10.51,0.66,1.2,0.0,0.6,0.8,0.8,1.2,0.78,0.78,0.59,0.98,0.83,0.55,0.55,0.55,0.0,0.45,0.6,0.45
4,27,21,0.9,0.06,0.2,0.0,0.2,0.0,0.2,0.0,0.1,0.0,0.1,0.0,0.0,0.0,0.0,0.0,0.0,0.15,0.0,0.15
4,28,7,0.38,0.02,0.28,0.0,0.0,0.0,0.0,0.0,0.0,0.0,0.0,0.1,0.0,0.0,0.28,0.0,0.0,0.0,0.0,0.0
4,28,8,8.68,0.54,1.05,0.0,0.4,0.6,0.0,0.6,0.39,0.39,0.68,0.59,0.55,0.55,0.55,0.83,0.0,1.05,0.45,1.05
4,28,9,40.14,2.51,4.65,0.0,3.79,2.0,1.0,3.79,1.37,1.27,1.57,1.57,2.76,3.03,3.86,3.03,0.0,4.65,1.8,4.65
4,28,10,90.98,5.69,8.58,0.0,8.58,4.39,2.99,8.19,5.38,5.28,3.42,5.28,6.07,5.24,7.44,7.72,0.0,8.55,4.35,8.1
4,28,11,126.25,7.89,11.78,0.0,11.78,2.99,3.59,9.38,8.22,7.53,4.99,9.39,8.82,9.1,10.2,11.31,0.0,11.55,7.2,10.2
4,28,12,139.77,8.74,14.17,0.0,14.17,7.59,5.59,11.58,11.64,7.63,6.46,12.33,11.86,10.75,11.03,13.24,0.0,4.2,3.75,7.95
4,28,13,156.49,9.78,14.7,0.0,12.98,9.18,4.59,14.57,12.91,10.08,10.37,12.62,13.51,12.41,3.58,14.34,0.0,3.15,7.5,14.7
4,28,14,168.05,10.5,15.77,0.0,14.17,5.39,6.79,15.77,13.99,12.13,11.54,12.91,13.79,14.06,9.65,11.31,0.0,7.8,4.2,14.55
4,28,15,162.76,10.17,14.61,0.0,12.98,11.18,8.58,14.37,13.01,14.38,5.28,12.03,9.93,14.61,9.1,12.41,0.0,7.8,3.45,13.65
4,28,16,151.66,9.48,13.3,0.0,10.18,6.79,11.78,9.38,9.39,13.3,7.24,11.15,11.03,13.24,7.72,12.41,0.0,12.3,4.2,11.55
4,28,17,131.53,8.22,12.52,0.0,9.98,7.79,1.2,10.98,11.54,12.52,5.18,10.96,9.65,11.03,6.62,9.93,0.0,9.3,6.9,7.95
4,28,18,86.8,5.42,9.78,0.0,4.99,3.99,0.6,7.59,9.2,9.78,1.76,9.49,5.51,8.0,6.62,6.07,0.0,4.35,3.3,5.55
4,28,19,48.23,3.01,5.09,0.0,4.39,1.6,3.39,4.19,4.6,5.09,2.54,4.99,2.21,3.31,3.31,2.76,0.0,1.65,2.1,2.1
4,28,20,11.12,0.7,1.37,0.0,0.8,0.6,0.6,0.6,0.88,0.78,1.37,0.78,0.83,0.83,0.55,0.55,0.0,0.45,1.05,0.45
4,28,21,0.6,0.04,0.15,0.0,0.0,0.0,0.0,0.0,0.0,0.1,0.1,0.1,0.0,0.0,0.0,0.0,0.0,0.15,0.15,0.0
4,29,7,0.45,0.03,0.2,0.0,0.2,0.0,0.0,0.0,0.1,0.0,0.0,0.0,0.0,0.0,0.0,0.0,0.0,0.0,0.0,0.15
4,29,8,10.42,0.65,1.2,0.0,1.0,0.2,1.0,0.8,0.29,0.59,0.39,0.39,0.55,0.55,0.83,0.83,0.0,0.75,1.2,1.05
4,29,9,38.86,2.43,4.95,0.0,3.59,1.0,1.6,3.59,1.27,1.37,1.47,1.57,3.03,2.76,3.03,3.03,0.0,2.4,4.95,4.2
4,29,10,80.19,5.01,8.25,0.0,7.39,3.19,1.4,7.39,5.58,1.96,3.91,5.18,6.34,6.34,6.34,7.17,0.0,1.65,8.25,8.1
4,29,11,114.04,7.13,11.58,0.0,11.58,2.0,4.79,10.58,9.49,2.45,3.13,9.1,9.38,9.38,9.38,11.03,0.0,2.4,8.25,11.1
4,29,12,143.2,8.95,13.78,0.0,13.78,2.2,7.39,13.18,12.33,3.52,7.43,11.74,11.86,11.58,12.13,12.96,0.0,3.45,6.9,12.75
4,29,13,158.62,9.91,14.77,0.0,14.77,2.4,3.99,14.57,14.18,6.65,9.39,13.4,13.24,13.24,12.13,13.51,0.0,4.2,9.15,13.8
4,29,14,179.92,11.24,15.15,0.0,11.58,8.19,9.58,14.77,14.97,10.96,9.1,14.18,13.79,14.89,8.27,13.79,0.0,6.9,15.15,13.8
4,29,15,181.27,11.33,14.89,0.0,13.58,6.59,7.99,14.17,14.87,9.1,12.42,13.99,14.34,14.89,6.62,12.96,0.0,12.45,14.4,12.9
4,29,16,162.75,10.17,14.18,0.0,13.38,5.79,10.98,12.58,14.18,8.8,12.42,12.91,13.24,11.03,1.93,11.31,0.0,12.45,10.8,10.95
4,29,17,138.38,8.65,12.52,0.0,10.98,6.79,9.38,10.38,12.52,6.75,12.23,11.25,11.03,11.03,6.07,8.82,0.0,8.4,4.35,8.4
4,29,18,96.34,6.02,9.78,0.0,5.99,3.79,6.99,7.19,9.78,5.77,6.55,8.9,8.0,8.0,4.14,5.79,0.0,5.7,4.5,5.25
4,29,19,50.21,3.14,5.38,0.0,3.99,2.0,3.79,3.99,5.38,4.3,3.33,4.4,4.14,3.58,1.65,2.76,0.0,2.55,2.4,1.95
4,29,20,12.67,0.79,1.47,0.0,0.8,0.6,0.8,1.0,0.88,0.68,1.47,0.98,0.83,0.83,0.55,0.55,0.0,0.75,1.2,0.75
4,29,21,0.65,0.04,0.2,0.0,0.2,0.0,0.0,0.0,0.1,0.0,0.1,0.1,0.0,0.0,0.0,0.0,0.0,0.0,0.15,0.0
4,30,7,0.53,0.03,0.28,0.0,0.0,0.0,0.0,0.0,0.0,0.1,0.0,0.0,0.0,0.0,0.28,0.0,0.0,0.0,0.0,0.15
4,30,8,9.99,0.62,1.1,0.0,0.6,0.2,0.8,0.8,0.39,0.39,0.29,0.49,0.55,0.55,0.83,1.1,0.0,1.05,0.9,1.05
4,30,9,45.19,2.82,4.8,0.0,4.19,1.2,3.99,3.39,1.47,1.86,1.57,1.37,3.03,2.48,4.41,3.03,0.0,4.2,4.8,4.2
4,30,10,93.62,5.85,9.15,0.0,8.19,1.8,8.39,7.39,5.58,4.21,5.77,5.18,6.07,4.96,5.79,6.89,0.0,6.15,9.15,8.1
4,30,11,134.91,8.43,12.0,0.0,11.58,3.19,8.39,10.38,9.49,8.51,8.22,8.8,9.38,5.51,11.58,10.48,0.0,6.45,12.0,10.95
4,30,12,157.15,9.82,13.58,0.0,13.58,6.79,11.78,12.38,12.52,10.17,5.38,11.45,12.41,7.17,13.51,12.41,0.0,7.65,7.35,12.6
4,30,13,176.25,11.02,14.97,0.0,14.97,5.79,7.79,13.98,13.99,14.09,8.02,12.72,13.51,9.1,11.58,13.51,0.0,14.7,9.15,13.35
4,30,14,194.82,12.18,15.37,0.0,15.37,4.59,14.37,14.37,14.48,14.77,13.79,13.4,14.61,9.1,12.13,13.79,0.0,14.25,12.15,13.65
4,30,15,175.06,10.94,14.77,0.0,14.57,3.19,10.38,13.78,14.77,13.7,11.74,6.95,14.34,9.38,10.75,12.96,0.0,13.8,11.85,12.9
4,30,16,160.92,10.06,14.09,0.0,13.18,3.79,7.19,8.19,14.09,12.23,13.5,13.01,12.96,8.82,11.03,11.58,0.0,11.85,8.4,11.1
4,30,17,141.35,8.83,12.13,0.0,10.98,1.6,10.98,7.39,12.13,8.9,9.68,11.45,11.03,10.2,10.48,9.38,0.0,9.3,9.45,8.4
4,30,18,99.15,6.2,9.59,0.0,7.79,2.0,2.6,6.79,9.29,9.59,9.39,8.8,7.72,6.89,6.62,6.07,0.0,5.25,5.25,5.1
4,30,19,50.43,3.15,4.89,0.0,3.79,1.6,2.4,3.79,4.79,3.42,4.89,4.79,4.14,3.58,3.58,2.76,0.0,2.25,2.4,2.25
4,30,20,11.67,0.73,1.27,0.0,1.0,0.2,1.0,0.8,1.17,1.27,0.49,0.88,0.83,0.83,0.55,0.55,0.0,0.9,0.45,0.75
4,30,21,1.03,0.06,0.28,0.0,0.0,0.0,0.0,0.2,0.1,0.1,0.1,0.1,0.0,0.0,0.28,0.0,0.0,0.0,0.15,0.0
5,1,8,10.25,0.64,1.2,0.0,0.4,0.0,0.6,0.8,0.59,0.59,0.39,0.59,0.83,0.83,0.83,1.1,0.0,0.75,0.75,1.2
5,1,9,38.41,2.4,4.5,0.0,3.59,1.4,2.99,1.6,1.57,1.96,1.57,1.27,2.76,2.76,3.86,3.03,0.0,2.7,2.85,4.5
5,1,10,80.8,5.05,8.27,0.0,7.99,3.59,2.8,2.4,5.28,4.3,5.09,4.5,6.07,6.07,8.27,6.89,0.0,7.2,2.1,8.25
5,1,11,126.74,7.92,11.38,0.0,11.38,3.39,9.18,3.59,9.29,6.36,9.49,9.39,9.65,8.82,10.2,10.2,0.0,8.55,6.15,11.1
5,1,12,155.18,9.7,13.38,0.0,13.38,4.99,6.79,12.38,12.33,10.37,12.62,12.23,11.58,11.58,8.55,12.13,0.0,7.5,5.7,13.05
5,1,13,173.31,10.83,15.37,0.0,14.57,3.19,12.58,15.37,14.28,9.88,9.59,14.28,13.24,13.24,9.1,13.24,0.0,10.65,6.15,13.95
5,1,14,181.11,11.32,15.57,0.0,15.17,6.39,13.78,15.57,15.16,4.89,13.21,15.16,14.61,13.79,8.82,13.51,0.0,11.7,5.25,14.1
5,1,15,183.68,11.48,15.17,0.0,14.57,8.98,14.57,15.17,15.16,5.09,13.79,15.16,14.34,13.51,8.0,13.24,0.0,12.9,6.0,13.2
5,1,16,168.34,10.52,14.58,0.0,13.38,7.99,12.98,13.38,14.28,6.46,12.42,14.58,13.24,12.68,7.44,11.31,0.0,11.7,4.8,11.7
5,1,17,142.13,8.88,12.62,0.0,10.38,6.59,11.18,10.98,12.42,7.73,12.23,12.62,11.03,10.48,4.14,9.1,0.0,9.0,5.4,8.85
5,1,18,97.76,6.11,10.66,0.0,4.79,3.19,6.39,7.99,9.59,6.85,10.66,9.49,7.72,7.72,3.03,5.79,0.0,5.25,3.75,5.55
5,1,19,49.86,3.12,5.18,0.0,3.79,2.6,4.19,3.19,5.18,4.89,4.7,2.64,3.86,3.58,2.48,2.76,0.0,2.25,1.5,2.25
5,1,20,11.3,0.71,1.2,0.0,0.8,0.6,0.6,1.2,0.88,0.88,0.88,0.78,1.1,0.83,0.55,0.55,0.0,0.6,0.3,0.75
5,1,21,0.55,0.03,0.15,0.0,0.0,0.0,0.0,0.0,0.1,0.1,0.1,0.1,0.0,0.0,0.0,0.0,0.0,0.0,0.15,0.0
5,2,7,0.38,0.02,0.28,0.0,0.0,0.0,0.0,0.0,0.0,0.0,0.1,0.0,0.0,0.0,0.28,0.0,0.0,0.0,0.0,0.0
5,2,8,10.19,0.64,1.35,0.0,0.6,0.4,0.8,0.2,0.39,0.68,0.39,0.39,0.55,0.83,0.83,0.83,0.0,0.75,1.35,1.2
5,2,9,40.55,2.53,5.25,0.0,3.99,2.0,2.8,1.4,1.47,2.35,1.57,1.86,3.03,2.76,4.14,3.58,0.0,3.0,5.25,1.35
5,2,10,93.29,5.83,8.55,0.0,8.39,4.79,7.79,3.59,5.38,5.77,5.38,3.82,6.34,6.07,8.55,7.17,0.0,7.65,7.8,4.8
5,2,11,132.46,8.28,11.98,0.0,11.98,8.58,11.78,7.59,9.1,6.07,7.24,4.6,9.38,9.1,11.86,11.03,0.0,10.8,10.05,3.3
5,2,12,154.61,9.66,15.17,0.0,14.57,11.78,15.17,8.19,11.84,6.07,7.63,6.55,11.58,11.03,13.24,4.41,0.0,12.75,12.75,7.05
5,2,13,172.84,10.8,15.97,0.0,15.97,13.98,11.38,10.58,13.5,13.11,11.25,9.0,12.96,12.96,14.61,4.14,0.0,13.95,8.4,7.05
5,2,14,188.42,11.78,16.37,0.0,16.37,14.37,13.18,12.38,13.7,10.57,10.17,10.17,14.06,13.79,15.44,8.82,0.0,13.8,12.6,9.0
5,2,15,197.14,12.32,15.57,0.0,15.57,14.97,15.37,11.18,13.89,12.91,8.71,12.62,14.34,13.79,14.89,10.2,0.0,13.2,13.65,11.85
5,2,16,177.27,11.08,14.17,0.0,13.78,13.38,14.17,9.98,13.4,11.45,12.72,10.57,12.96,12.96,12.96,7.44,0.0,11.7,10.05,9.75
5,2,17,145.91,9.12,12.82,0.0,11.18,10.78,11.38,7.99,11.84,11.15,12.82,6.26,11.03,11.03,8.55,9.1,0.0,8.85,7.8,6.15
5,2,18,96.98,6.06,9.1,0.0,7.99,7.79,4.59,5.39,9.1,9.0,5.38,5.77,7.72,7.72,7.44,4.69,0.0,5.4,5.25,3.75
5,2,19,53.37,3.34,5.18,0.0,3.99,4.19,4.99,2.99,4.89,5.18,4.79,2.54,4.14,3.31,3.03,3.03,0.0,2.1,2.4,1.8
5,2,20,12.15,0.76,1.27,0.0,0.8,0.6,1.2,0.0,0.88,0.88,1.08,1.27,0.83,0.83,0.83,0.55,0.0,0.6,0.9,0.9
5,2,21,0.9,0.06,0.2,0.0,0.0,0.0,0.2,0.0,0.1,0.1,0.1,0.1,0.0,0.0,0.0,0.0,0.0,0.0,0.15,0.15
5,3,7,0.35,0.02,0.2,0.0,0.0,0.2,0.0,0.0,0.0,0.0,0.0,0.0,0.0,0.0,0.0,0.0,0.0,0.15,0.0,0.0
5,3,8,12.25,0.77,1.2,0.0,0.8,0.8,0.8,0.8,0.39,0.59,0.39,0.49,0.83,0.83,1.1,0.83,0.0,1.2,1.2,1.2
5,3,9,49.44,3.09,5.1,0.0,4.19,3.99,4.19,3.59,1.37,1.86,1.57,1.47,2.76,2.76,4.41,3.03,0.0,4.65,5.1,4.5
5,3,10,104.05,6.5,9.0,0.0,8.58,7.79,8.58,7.59,5.38,5.28,5.58,5.48,6.07,5.79,6.34,5.79,0.0,8.4,9.0,8.4
5,3,11,148.72,9.29,12.18,0.0,11.98,10.78,12.18,9.78,9.0,8.9,9.29,9.29,9.38,8.82,9.38,6.34,0.0,10.5,11.85,11.25
5,3,12,184.67,11.54,14.57,0.0,14.37,13.18,14.57,8.78,11.74,11.45,12.23,11.45,11.58,10.75,12.41,12.41,0.0,12.75,13.95,13.05
5,3,13,194.22,12.14,15.97,0.0,15.57,14.37,15.97,9.58,13.01,12.72,11.84,12.13,13.24,12.13,14.34,7.17,0.0,13.05,14.7,14.4
5,3,14,197.41,12.34,16.17,0.0,16.17,14.57,16.17,10.38,14.09,12.91,11.15,9.68,13.79,12.96,14.34,9.65,0.0,12.75,14.7,14.1
5,3,15,186.01,11.63,15.17,0.0,15.17,13.98,14.97,5.79,14.28,12.33,14.48,9.1,13.79,12.68,13.24,10.2,0.0,12.15,13.8,10.05
5,3,16,170.48,10.66,13.79,0.0,13.78,12.78,13.78,5.99,13.79,11.84,10.57,9.98,12.13,11.86,12.68,8.0,0.0,10.65,12.0,10.65
5,3,17,150.24,9.39,12.23,0.0,11.38,10.38,11.78,7.79,12.13,10.47,11.15,12.23,11.03,9.38,10.2,6.07,0.0,8.4,9.45,8.4
5,3,18,107.06,6.69,9.49,0.0,7.99,7.19,8.39,7.99,9.49,7.34,9.49,9.39,7.72,6.62,7.17,1.93,0.0,4.95,5.7,5.7
5,3,19,56.23,3.51,5.38,0.0,4.19,3.99,4.39,4.19,5.28,4.3,5.18,5.38,3.86,3.58,3.31,1.38,0.0,2.4,2.25,2.55
5,3,20,13.33,0.83,1.37,0.0,0.8,1.0,0.8,0.6,0.88,1.37,0.88,0.98,0.83,0.83,0.83,0.83,0.0,1.35,0.75,0.6
5,3,21,1.28,0.08,0.28,0.0,0.0,0.2,0.0,0.2,0.0,0.1,0.1,0.1,0.28,0.0,0.0,0.0,0.0,0.15,0.0,0.15
5,4,7,0.83,0.05,0.28,0.0,0.2,0.0,0.0,0.0,0.1,0.0,0.1,0.0,0.0,0.28,0.0,0.0,0.0,0.0,0.15,0.0
5,4,8,10.91,0.68,1.2,0.0,0.6,1.0,0.8,0.6,0.29,0.68,0.39,0.39,0.55,0.83,1.1,0.83,0.0,0.45,1.2,1.2
5,4,9,47.35,2.96,5.1,0.0,3.99,3.19,3.99,3.99,1.47,2.35,1.57,1.37,2.76,2.48,3.86,3.58,0.0,3.15,5.1,4.5
5,4,10,99.86,6.24,9.0,0.0,8.58,4.79,8.19,8.19,5.58,5.18,5.58,5.48,5.51,5.24,7.72,7.17,0.0,5.25,9.0,8.4
5,4,11,133.72,8.36,11.98,0.0,11.98,5.99,11.18,11.78,9.39,3.23,9.39,9.1,3.31,8.82,10.75,10.75,0.0,4.95,11.7,11.4
5,4,12,159.91,9.99,13.98,0.0,13.78,4.99,13.78,13.98,12.13,4.11,12.23,11.93,4.69,11.58,12.68,12.68,0.0,4.8,13.35,13.2
5,4,13,188.02,11.75,15.17,0.0,14.97,6.19,14.97,15.17,13.4,8.32,14.09,13.6,8.82,13.51,13.79,13.24,0.0,10.05,14.1,13.8
5,4,14,195.31,12.21,15.77,0.0,15.57,5.99,15.77,15.57,13.99,11.64,14.87,8.32,12.41,14.34,14.06,10.48,0.0,14.25,14.25,13.8
5,4,15,182.7,11.42,14.97,0.0,14.57,6.39,14.97,14.97,13.89,11.93,14.67,0.0,12.13,12.13,14.06,13.24,0.0,13.2,13.35,13.2
5,4,16,166.57,10.41,13.99,0.0,13.18,8.58,13.58,13.38,13.7,12.52,13.99,0.0,10.2,10.48,12.68,9.93,0.0,11.4,11.85,11.1
5,4,17,134.68,8.42,12.42,0.0,10.98,6.79,11.18,11.18,12.42,7.34,12.42,0.0,11.03,10.75,10.2,5.79,0.0,6.45,9.45,8.7
5,4,18,93.06,5.82,9.68,0.0,7.99,5.99,8.19,7.99,9.49,4.01,9.68,0.0,7.17,8.0,6.89,2.21,0.0,4.2,5.85,5.4
5,4,19,51.56,3.22,5.48,0.0,3.99,4.19,4.39,3.99,5.28,3.13,5.48,0.0,3.58,4.41,3.31,2.76,0.0,2.7,2.25,2.1
5,4,20,11.72,0.73,1.1,0.0,0.8,0.8,0.8,0.8,0.88,0.98,0.98,0.0,1.1,1.1,0.83,0.55,0.0,0.9,0.6,0.6
5,4,21,0.7,0.04,0.2,0.0,0.0,0.0,0.0,0.0,0.1,0.2,0.1,0.0,0.0,0.0,0.0,0.0,0.0,0.15,0.15,0.0
5,5,7,0.53,0.03,0.28,0.0,0.0,0.0,0.0,0.0,0.1,0.0,0.0,0.0,0.0,0.28,0.0,0.0,0.0,0.0,0.0,0.15
5,5,8,11.18,0.7,1.35,0.0,0.6,0.8,0.6,0.8,0.39,0.78,0.59,0.0,0.83,0.83,0.83,0.83,0.0,0.75,1.35,1.2
5,5,9,44.78,2.8,5.25,0.0,3.99,3.39,4.19,3.79,1.47,1.27,1.76,0.0,1.38,3.03,3.58,3.58,0.0,3.6,5.25,4.5
5,5,10,92.03,5.75,9.15,0.0,8.58,8.39,8.39,7.99,5.67,2.74,5.87,0.0,3.03,5.79,7.44,7.44,0.0,3.45,9.15,8.1
5,5,11,138.11,8.63,12.15,0.0,11.98,11.58,11.58,11.58,9.29,4.89,9.68,0.0,4.69,9.38,11.03,10.48,0.0,8.85,12.15,10.95
5,5,12,171.87,10.74,14.57,0.0,14.57,13.78,13.98,13.58,12.13,7.04,12.52,0.0,10.75,11.58,12.96,12.68,0.0,9.9,13.65,12.75
5,5,13,186.88,11.68,15.77,0.0,15.77,10.98,14.97,14.57,13.89,6.07,14.28,0.0,14.34,13.79,14.06,13.51,0.0,12.6,14.4,13.65
5,5,14,190.35,11.9,15.77,0.0,15.77,9.18,15.37,15.17,13.11,9.39,15.16,0.0,14.89,14.61,14.61,13.79,0.0,11.4,14.4,13.5
5,5,15,194.35,12.15,15.26,0.0,14.97,14.97,14.77,14.57,14.48,8.51,15.26,0.0,14.89,14.61,14.06,13.51,0.0,13.35,13.65,12.75
5,5,16,171.26,10.7,14.38,0.0,12.78,7.99,13.38,12.18,11.84,11.15,14.38,0.0,13.51,13.24,12.68,12.13,0.0,12.3,12.15,11.55
5,5,17,139.72,8.73,12.62,0.0,6.99,8.19,8.98,10.18,12.62,11.25,12.62,0.0,11.58,11.03,9.93,9.65,0.0,8.85,9.45,8.4
5,5,18,102.53,6.41,9.78,0.0,6.79,6.19,7.39,7.59,9.59,9.49,9.78,0.0,8.27,8.0,7.17,6.07,0.0,5.1,6.0,5.1
5,5,19,47.15,2.95,5.38,0.0,3.19,2.8,3.59,3.19,5.38,4.89,3.72,0.0,4.14,3.58,3.31,2.76,0.0,2.1,2.25,2.25
5,5,20,12.38,0.77,1.35,0.0,1.2,0.8,1.2,0.8,0.98,0.88,1.08,0.0,0.83,0.83,0.55,0.83,0.0,1.35,0.6,0.45
5,5,21,0.8,0.05,0.2,0.0,0.0,0.0,0.0,0.2,0.1,0.1,0.1,0.0,0.0,0.0,0.0,0.0,0.0,0.0,0.15,0.15
5,6,7,1.11,0.07,0.28,0.0,0.0,0.2,0.2,0.0,0.0,0.0,0.0,0.0,0.28,0.0,0.28,0.0,0.0,0.15,0.0,0.0
5,6,8,11.84,0.74,1.5,0.0,0.4,0.4,1.0,0.8,0.49,0.68,0.88,0.0,0.83,1.1,0.83,0.83,0.0,0.9,1.5,1.2
5,6,9,42.75,2.67,4.65,0.0,0.8,3.79,3.19,3.79,1.08,2.35,1.86,0.0,3.31,3.31,4.14,3.58,0.0,3.15,3.75,4.65
5,6,10,87.93,5.5,8.58,0.0,2.0,7.19,8.58,7.99,2.64,5.28,5.38,0.0,5.51,6.62,8.27,7.17,0.0,7.5,5.4,8.4
5,6,11,128.08,8.01,11.85,0.0,2.2,9.58,11.78,11.38,4.79,7.73,8.32,0.0,8.27,9.1,11.03,10.75,0.0,10.2,11.85,11.1
5,6,12,168.14,10.51,13.78,0.0,3.99,13.18,13.78,13.58,7.14,10.76,9.88,9.49,11.31,11.58,13.24,12.41,0.0,11.55,13.35,12.9
5,6,13,192.1,12.01,14.97,0.0,8.58,14.97,14.97,14.97,7.73,8.41,13.89,13.21,12.41,12.41,14.61,13.79,0.0,13.95,14.4,13.8
5,6,14,199.91,12.49,15.37,0.0,8.78,14.97,15.37,15.17,8.9,8.32,13.99,14.18,14.34,14.06,14.89,14.34,0.0,13.95,14.55,14.1
5,6,15,193.01,12.06,14.77,0.0,14.37,14.57,14.77,14.17,11.64,2.93,14.58,14.28,12.96,13.79,14.06,13.24,0.0,10.8,13.5,13.35
5,6,16,180.41,11.28,14.28,0.0,12.58,13.18,13.38,12.98,12.33,10.96,14.28,13.4,13.24,12.41,12.96,11.86,0.0,4.35,10.95,11.55
5,6,17,154.54,9.66,12.62,0.0,10.98,10.98,10.78,10.58,11.35,10.96,12.62,11.45,11.31,10.48,10.75,9.65,0.0,4.35,9.45,8.85
5,6,18,107.58,6.72,9.98,0.0,8.39,6.99,6.39,7.79,7.73,7.73,9.98,8.9,8.0,7.44,7.17,6.07,0.0,4.05,5.85,5.1
5,6,19,54.44,3.4,5.38,0.0,3.99,3.99,4.19,3.59,3.91,3.82,5.38,4.89,4.41,3.03,3.31,3.03,0.0,2.55,2.4,1.95
5,6,20,14.2,0.89,1.57,0.0,0.8,1.0,0.8,1.0,1.57,1.27,0.98,1.47,0.83,0.83,0.55,0.55,0.0,0.9,0.6,1.05
5,6,21,0.55,0.03,0.15,0.0,0.0,0.0,0.0,0.0,0.1,0.1,0.1,0.1,0.0,0.0,0.0,0.0,0.0,0.15,0.0,0.0
5,7,7,1.18,0.07,0.28,0.0,0.0,0.0,0.2,0.2,0.0,0.1,0.0,0.1,0.0,0.0,0.28,0.0,0.0,0.0,0.15,0.15
5,7,8,12.04,0.75,1.35,0.0,0.8,1.2,0.6,0.6,0.39,0.59,0.68,0.39,0.83,0.55,0.83,0.83,0.0,1.2,1.35,1.2
5,7,9,46.85,2.93,5.25,0.0,1.0,3.39,4.19,3.99,0.98,1.66,1.86,1.57,3.31,2.48,4.14,3.58,0.0,4.8,5.25,4.65
5,7,10,95.86,5.99,8.39,0.0,1.6,6.39,7.99,8.39,3.42,5.38,6.16,5.48,6.62,4.69,8.27,7.17,0.0,8.25,7.8,8.25
5,7,11,135.5,8.47,11.85,0.0,1.8,8.19,11.38,11.58,4.5,9.1,9.78,9.0,9.93,4.96,11.03,10.2,0.0,10.95,11.85,11.25
5,7,12,171.57,10.72,14.17,0.0,3.19,12.78,13.58,14.17,5.87,11.74,11.93,11.35,12.41,10.48,12.96,12.41,0.0,12.6,13.35,12.75
5,7,13,187.39,11.71,15.17,0.0,3.39,11.78,14.77,15.17,8.12,13.3,13.99,12.82,14.34,11.86,13.79,12.96,0.0,13.65,14.25,13.2
5,7,14,190.13,11.88,15.57,0.0,2.99,11.78,15.37,15.57,5.28,13.89,14.58,13.3,14.89,12.96,14.61,13.51,0.0,13.5,14.4,13.5
5,7,15,183.2,11.45,14.77,0.0,2.2,13.98,14.77,14.77,4.11,14.09,14.38,13.11,14.61,13.24,14.06,12.68,0.0,11.1,13.65,12.45
5,7,16,163.15,10.2,13.4,0.0,2.0,10.38,13.18,12.58,3.52,13.21,13.4,13.01,13.24,12.41,12.96,11.31,0.0,9.3,11.7,10.95
5,7,17,135.77,8.49,11.74,0.0,2.2,10.38,10.98,9.18,2.64,11.64,11.35,11.74,10.75,10.2,9.38,9.38,0.0,8.55,8.7,8.7
5,7,18,95.19,5.95,9.0,0.0,3.19,7.79,7.99,6.59,2.15,6.85,8.61,9.0,7.44,6.89,7.17,6.07,0.0,4.8,5.55,5.1
5,7,19,46.89,2.93,5.18,0.0,2.0,3.99,4.19,2.6,1.17,4.01,4.99,5.18,2.76,2.76,3.58,2.76,0.0,2.25,2.7,1.95
5,7,20,13.59,0.85,1.65,0.0,0.2,1.4,0.8,1.2,0.2,0.68,1.37,1.08,1.1,1.65,0.83,0.83,0.0,0.6,1.05,0.6
5,7,21,1.03,0.06,0.28,0.0,0.0,0.0,0.2,0.0,0.0,0.1,0.1,0.2,0.0,0.0,0.28,0.0,0.0,0.0,0.0,0.15
5,8,7,0.9,0.06,0.2,0.0,0.0,0.0,0.0,0.2,0.1,0.1,0.1,0.1,0.0,0.0,0.0,0.0,0.0,0.0,0.15,0.15
5,8,8,12.47,0.78,1.35,0.0,0.4,0.8,1.2,1.0,0.49,0.59,0.39,0.59,1.1,0.83,1.1,0.83,0.0,0.75,1.05,1.35
5,8,9,45.78,2.86,5.25,0.0,2.99,4.19,4.19,3.59,1.27,2.35,1.76,1.96,3.31,2.21,3.58,3.58,0.0,2.25,5.25,3.3
5,8,10,85.44,5.34,8.19,0.0,5.99,7.79,8.19,7.39,2.45,2.64,5.48,5.18,5.51,3.03,6.62,7.17,0.0,3.0,7.05,7.95
5,8,11,133.56,8.35,11.4,0.0,10.38,10.78,11.38,9.98,2.64,5.48,9.2,9.1,8.55,6.89,10.2,10.48,0.0,6.0,11.4,11.1
5,8,12,161.48,10.09,13.98,0.0,10.58,10.18,13.98,13.78,5.38,5.77,11.64,11.35,10.75,10.2,11.86,12.41,0.0,7.8,13.05,12.75
5,8,13,179.72,11.23,14.85,0.0,12.78,10.18,13.38,14.37,7.92,5.48,13.99,12.62,14.34,13.51,14.34,13.51,0.0,5.1,14.85,13.35
5,8,14,190.65,11.92,14.97,0.0,13.58,12.98,14.97,13.98,9.0,8.12,14.58,13.5,14.06,14.61,14.61,13.51,0.0,4.95,14.85,13.35
5,8,15,187.04,11.69,14.87,0.0,14.17,14.37,14.37,13.58,8.41,8.71,14.87,13.6,12.13,14.61,14.06,12.96,0.0,4.35,14.4,12.45
5,8,16,169.05,10.57,14.28,0.0,11.38,12.78,13.58,12.38,5.67,9.88,14.28,12.82,12.41,13.51,12.68,11.58,0.0,2.7,12.6,10.8
5,8,17,141.92,8.87,12.72,0.0,7.59,9.58,7.19,10.38,4.79,12.72,12.52,11.84,10.75,10.2,9.93,9.38,0.0,6.75,9.9,8.4
5,8,18,100.12,6.26,9.78,0.0,5.99,7.19,8.78,7.39,3.42,9.29,9.78,9.29,8.0,5.51,2.76,6.07,0.0,5.4,6.0,5.25
5,8,19,49.75,3.11,5.58,0.0,2.8,2.4,4.39,3.79,1.66,5.09,5.58,5.18,3.58,3.31,2.76,2.76,0.0,1.95,2.4,2.1
5,8,20,13.28,0.83,1.38,0.0,1.2,0.4,0.8,0.8,0.68,1.08,0.98,0.98,1.1,1.38,1.1,0.83,0.0,0.75,0.6,0.6
5,8,21,0.65,0.04,0.2,0.0,0.0,0.0,0.2,0.0,0.0,0.1,0.1,0.1,0.0,0.0,0.0,0.0,0.0,0.0,0.0,0.15
5,9,7,0.5,0.03,0.2,0.0,0.2,0.0,0.0,0.2,0.0,0.0,0.0,0.1,0.0,0.0,0.0,0.0,0.0,0.0,0.0,0.0
5,9,8,9.41,0.59,1.2,0.0,1.0,0.6,0.2,0.6,0.39,0.2,0.1,0.39,0.83,1.1,1.1,1.1,0.0,0.45,0.15,1.2
5,9,9,34.54,2.16,4.65,0.0,3.19,3.19,0.8,3.99,1.57,0.39,1.47,1.66,2.48,2.76,1.93,3.31,0.0,0.6,2.55,4.65
5,9,10,67.11,4.19,8.25,0.0,3.39,5.59,0.6,7.79,3.33,1.96,4.3,5.38,3.86,6.34,1.38,7.44,0.0,1.65,5.85,8.25
5,9,11,104.49,6.53,12.0,0.0,2.99,8.78,0.6,11.18,5.58,3.91,8.8,9.0,4.14,9.93,1.93,10.2,0.0,4.65,12.0,10.8
5,9,12,120.07,7.5,12.78,0.0,2.4,5.39,5.99,12.78,8.22,4.3,10.57,11.45,3.31,11.86,6.62,12.13,0.0,3.3,9.3,12.45
5,9,13,134.47,8.4,13.98,0.0,2.6,8.39,3.79,13.98,5.18,8.9,11.05,12.91,3.03,10.75,10.48,12.96,0.0,9.6,7.8,13.05
5,9,14,146.74,9.17,14.17,0.0,2.99,7.99,6.79,14.17,6.95,10.08,11.25,13.7,5.24,6.89,11.58,12.96,0.0,12.3,10.5,13.35
5,9,15,138.56,8.66,14.09,0.0,2.8,11.38,8.58,13.38,8.51,8.8,11.74,14.09,7.44,1.38,10.48,12.68,0.0,9.0,5.85,12.45
5,9,16,141.16,8.82,13.6,0.0,1.8,9.58,6.59,12.38,11.84,10.57,8.8,13.6,4.69,6.89,11.31,11.31,0.0,9.15,12.0,10.65
5,9,17,120.84,7.55,12.03,0.0,1.0,2.8,8.78,10.38,8.02,9.1,12.03,11.93,7.17,11.58,10.2,9.1,0.0,4.8,5.55,8.4
5,9,18,83.22,5.2,9.49,0.0,1.0,3.39,5.39,7.39,3.62,5.67,8.71,9.49,6.34,8.27,4.96,5.79,0.0,3.15,4.8,5.25
5,9,19,42.7,2.67,5.28,0.0,0.4,1.8,3.79,3.79,1.08,3.23,3.52,5.28,3.86,3.86,3.03,2.76,0.0,1.5,2.55,2.25
5,9,20,11.54,0.72,1.38,0.0,0.2,0.2,1.0,0.8,0.68,0.78,0.98,1.08,0.83,1.38,0.83,0.83,0.0,0.6,0.75,0.6
5,9,21,0.94,0.06,0.29,0.0,0.0,0.0,0.2,0.0,0.0,0.2,0.29,0.1,0.0,0.0,0.0,0.0,0.0,0.0,0.15,0.0
5,10,7,1.89,0.12,0.28,0.0,0.0,0.0,0.0,0.2,0.1,0.1,0.1,0.1,0.28,0.0,0.28,0.28,0.0,0.15,0.15,0.15
5,10,8,11.01,0.69,1.2,0.0,0.4,0.6,0.6,0.6,0.49,0.68,0.68,0.49,0.83,0.83,0.83,0.83,0.0,1.2,0.75,1.2
5,10,9,44.09,2.76,5.25,0.0,0.8,2.6,2.8,3.79,1.57,2.15,1.86,1.57,3.58,3.31,3.58,3.58,0.0,3.0,5.25,4.65
5,10,10,87.09,5.44,8.1,0.0,3.19,3.99,7.19,7.59,3.42,5.48,3.03,5.48,6.07,5.79,6.07,7.44,0.0,7.95,6.3,8.1
5,10,11,124.44,7.78,11.58,0.0,4.59,11.58,4.19,10.58,4.3,7.43,6.65,8.9,7.72,8.0,8.82,10.48,0.0,10.35,10.05,10.8
5,10,12,144.94,9.06,12.68,0.0,9.38,12.58,4.59,12.58,5.77,7.24,6.75,11.35,6.89,10.48,10.75,12.68,0.0,10.05,11.25,12.6
5,10,13,156.45,9.78,14.17,0.0,11.98,9.98,6.59,14.17,6.55,11.25,11.45,12.72,9.93,9.1,6.07,13.51,0.0,7.95,11.85,13.35
5,10,14,171.95,10.75,14.57,0.0,12.78,8.58,10.78,14.57,6.07,11.35,9.59,13.11,13.51,12.96,13.51,13.79,0.0,10.2,7.35,13.8
5,10,15,165.16,10.32,14.06,0.0,12.38,8.78,3.19,13.98,8.32,10.17,11.05,13.5,13.24,9.93,14.06,12.96,0.0,8.25,12.3,13.05
5,10,16,157.34,9.83,13.58,0.0,13.58,5.59,7.79,12.58,13.11,7.53,9.39,13.01,11.03,9.38,13.24,11.86,0.0,8.25,9.6,11.4
5,10,17,128.35,8.02,12.42,0.0,10.98,4.39,5.19,10.38,12.42,4.3,10.37,11.64,10.75,7.72,9.38,9.38,0.0,4.95,7.8,8.7
5,10,18,93.35,5.83,9.39,0.0,8.39,8.19,3.79,7.59,9.39,2.93,6.55,9.2,8.0,3.58,6.62,6.07,0.0,2.55,5.1,5.4
5,10,19,47.5,2.97,5.38,0.0,4.19,3.39,2.8,3.79,5.38,1.96,3.62,5.09,3.58,1.93,3.31,2.76,0.0,1.65,1.95,2.1
5,10,20,12.85,0.8,1.38,0.0,1.0,0.2,0.6,0.8,1.17,0.59,1.27,0.98,1.1,1.38,0.83,0.83,0.0,0.75,0.6,0.75
5,10,21,0.85,0.05,0.2,0.0,0.0,0.0,0.2,0.0,0.1,0.1,0.1,0.2,0.0,0.0,0.0,0.0,0.0,0.0,0.15,0.0
5,11,7,1.18,0.07,0.28,0.0,0.2,0.2,0.0,0.0,0.1,0.0,0.1,0.0,0.0,0.0,0.28,0.0,0.0,0.0,0.15,0.15
5,11,8,14.18,0.89,1.65,0.0,0.8,1.0,0.6,1.0,0.29,0.68,0.59,0.59,0.83,1.1,1.1,1.1,0.0,1.35,1.65,1.5
5,11,9,50.78,3.17,5.25,0.0,4.19,2.99,3.99,3.99,1.66,2.25,1.76,1.57,3.58,3.03,4.69,3.58,0.0,4.2,5.25,4.05
5,11,10,95.54,5.97,8.78,0.0,8.78,5.39,5.79,7.79,5.87,2.54,5.18,5.38,6.62,4.69,8.27,6.89,0.0,5.55,8.55,8.25
5,11,11,136.95,8.56,12.18,0.0,12.18,7.79,7.39,10.98,9.68,6.65,7.83,8.9,9.93,5.79,11.58,10.2,0.0,9.0,8.1,10.95
5,11,12,155.85,9.74,14.17,0.0,14.17,8.78,5.99,12.98,12.52,8.61,7.14,11.35,12.13,10.75,9.1,11.58,0.0,13.35,5.25,12.15
5,11,13,173.03,10.81,15.57,0.0,15.57,7.79,8.78,14.37,13.99,8.12,10.96,12.62,12.96,12.41,11.86,10.75,0.0,11.55,7.95,13.35
5,11,14,196.82,12.3,15.77,0.0,15.77,13.18,9.18,14.97,14.48,9.2,12.82,12.91,14.06,11.58,14.89,11.03,0.0,13.95,15.45,13.35
5,11,15,194.47,12.15,14.97,0.0,14.97,12.18,9.58,13.58,14.48,9.2,14.58,13.11,13.51,12.68,14.89,12.41,0.0,12.45,14.55,12.3
5,11,16,173.85,10.87,13.79,0.0,13.38,8.58,12.38,12.58,13.7,7.83,9.1,12.82,12.68,10.48,13.79,11.58,0.0,11.7,12.6,10.65
5,11,17,141.08,8.82,12.13,0.0,11.38,7.99,8.78,10.38,12.13,8.41,8.02,10.66,10.75,5.79,11.31,9.38,0.0,7.95,9.9,8.25
5,11,18,101.77,6.36,9.39,0.0,7.99,3.39,6.19,7.59,9.39,7.53,8.41,6.55,8.0,6.89,7.72,6.07,0.0,4.95,6.3,4.8
5,11,19,52.84,3.3,6.16,0.0,4.39,1.4,3.19,3.79,5.48,3.33,3.62,6.16,3.86,4.41,3.58,3.03,0.0,2.4,2.4,1.8
5,11,20,15.27,0.95,1.6,0.0,0.8,1.6,0.6,1.2,0.98,1.17,0.88,1.17,0.83,1.38,0.83,0.83,0.0,1.2,0.6,1.2
5,11,21,1.28,0.08,0.28,0.0,0.0,0.2,0.0,0.0,0.1,0.2,0.1,0.1,0.28,0.0,0.0,0.0,0.0,0.0,0.15,0.15
5,12,7,0.93,0.06,0.28,0.0,0.0,0.0,0.2,0.0,0.1,0.0,0.1,0.1,0.0,0.0,0.28,0.0,0.0,0.15,0.0,0.0
5,12,8,11.09,0.69,1.65,0.0,0.8,0.4,0.4,0.2,0.39,0.1,0.49,0.78,0.83,1.1,1.1,1.65,0.0,0.3,1.5,1.05
5,12,9,46.0,2.88,5.4,0.0,4.19,4.39,1.4,0.2,1.66,1.96,2.25,1.96,3.31,3.58,4.14,3.31,0.0,3.75,5.4,4.5
5,12,10,88.06,5.5,8.78,0.0,8.78,6.59,2.99,2.8,5.58,4.5,5.58,4.99,6.62,7.17,6.62,6.34,0.0,3.15,8.4,7.95
5,12,11,132.62,8.29,12.58,0.0,12.58,9.78,8.39,2.4,9.2,6.85,8.61,7.92,9.93,9.93,9.38,8.55,0.0,7.5,10.8,10.8
5,12,12,145.31,9.08,14.77,0.0,14.77,13.18,7.79,2.6,12.03,3.23,11.25,11.25,11.86,10.2,8.27,11.58,0.0,4.05,10.8,12.45
5,12,13,173.5,10.84,15.77,0.0,15.77,11.18,11.18,4.19,13.5,9.29,11.84,12.72,13.24,13.51,8.0,11.58,0.0,10.2,13.95,13.35
5,12,14,173.59,10.85,16.37,0.0,16.37,11.38,11.98,3.99,13.3,11.93,7.63,13.11,13.79,5.24,12.96,13.51,0.0,14.55,10.65,13.2
5,12,15,177.5,11.09,15.57,0.0,15.57,6.79,10.98,10.78,12.91,11.05,11.05,12.72,13.51,7.72,14.89,11.58,0.0,14.4,11.25,12.3
5,12,16,157.18,9.82,13.78,0.0,13.78,1.0,11.38,12.58,12.72,2.05,12.91,12.13,12.41,12.68,13.51,10.48,0.0,10.2,8.7,10.65
5,12,17,134.04,8.38,12.33,0.0,11.58,4.59,8.98,9.58,11.25,3.03,12.33,10.76,10.75,11.58,11.03,9.38,0.0,3.45,7.65,8.1
5,12,18,102.79,6.42,9.68,0.0,8.39,2.6,8.39,6.59,9.0,6.07,9.68,8.51,8.0,8.27,7.72,6.07,0.0,3.15,5.25,5.1
5,12,19,49.76,3.11,4.99,0.0,4.39,0.6,3.79,2.0,4.99,4.79,3.42,4.7,3.86,3.86,3.58,3.03,0.0,2.1,2.7,1.95
5,12,20,12.56,0.78,1.08,0.0,0.8,0.4,1.0,1.0,0.98,1.08,0.78,1.08,0.83,0.83,0.83,0.55,0.0,0.9,0.75,0.75
5,12,21,1.23,0.08,0.28,0.0,0.0,0.2,0.2,0.0,0.1,0.1,0.1,0.1,0.0,0.0,0.0,0.28,0.0,0.0,0.0,0.15
5,13,7,1.11,0.07,0.28,0.0,0.0,0.0,0.0,0.2,0.1,0.0,0.1,0.0,0.28,0.28,0.0,0.0,0.0,0.0,0.15,0.0
5,13,8,11.46,0.72,1.35,0.0,0.8,0.8,0.0,0.8,0.39,0.39,0.78,0.49,0.83,0.83,1.1,1.1,0.0,0.6,1.2,1.35
5,13,9,43.13,2.7,4.5,0.0,4.39,4.39,0.4,3.59,1.57,1.27,2.25,1.76,3.31,2.76,4.41,3.58,0.0,0.75,4.2,4.5
5,13,10,83.24,5.2,8.98,0.0,8.98,7.59,0.8,7.59,5.58,2.84,2.93,5.18,6.89,4.14,8.55,7.17,0.0,2.25,4.95,7.8
5,13,11,116.01,7.25,12.38,0.0,12.38,8.78,0.6,10.38,9.29,2.15,5.87,8.51,9.65,8.27,11.03,10.2,0.0,4.35,3.9,10.65
5,13,12,141.81,8.86,14.97,0.0,14.97,8.39,2.0,12.58,11.93,0.98,7.14,10.86,11.86,9.93,13.24,12.13,0.0,1.95,11.7,12.15
5,13,13,144.77,9.05,15.97,0.0,15.97,6.39,2.0,13.78,13.21,2.64,7.92,12.13,12.96,9.65,14.61,12.96,0.0,1.95,5.55,13.05
5,13,14,138.43,8.65,16.37,0.0,16.37,3.19,1.6,14.57,13.89,3.03,8.22,12.33,13.79,2.21,15.17,13.51,0.0,3.9,4.05,12.6
5,13,15,131.61,8.23,15.57,0.0,15.57,2.8,5.59,12.78,13.79,2.64,6.26,11.45,13.51,1.93,13.51,12.13,0.0,4.05,4.05,11.55
5,13,16,127.22,7.95,13.98,0.0,13.98,3.39,12.58,11.58,12.91,2.05,6.16,11.84,12.41,0.83,12.41,9.38,0.0,2.4,5.7,9.6
5,13,17,111.79,6.99,11.45,0.0,11.38,6.19,10.78,10.38,11.45,4.7,4.11,7.24,10.75,2.21,10.48,7.72,0.0,4.2,3.75,6.45
5,13,18,79.64,4.98,9.2,0.0,8.58,5.19,5.19,6.99,9.2,3.91,2.74,4.4,8.0,2.21,7.17,4.96,0.0,3.9,2.85,4.35
5,13,19,41.82,2.61,5.28,0.0,4.19,1.0,2.6,2.6,5.28,1.66,2.35,4.11,3.31,2.21,3.58,2.48,0.0,1.8,2.1,2.55
5,13,20,16.02,1.0,1.76,0.0,1.0,0.4,1.2,1.0,0.98,0.78,1.37,1.76,1.1,1.38,1.1,1.1,0.0,0.75,0.9,1.2
5,13,21,1.08,0.07,0.28,0.0,0.0,0.0,0.2,0.0,0.1,0.0,0.1,0.1,0.28,0.0,0.0,0.0,0.0,0.0,0.15,0.15
5,14,7,0.83,0.05,0.28,0.0,0.0,0.0,0.0,0.0,0.1,0.1,0.1,0.1,0.0,0.0,0.28,0.0,0.0,0.0,0.15,0.0
5,14,8,12.84,0.8,1.38,0.0,0.8,0.4,1.0,0.8,0.39,1.27,0.78,0.39,0.83,1.38,1.1,0.55,0.0,1.05,0.9,1.2
5,14,9,48.4,3.03,4.5,0.0,4.39,2.0,3.79,3.99,1.66,2.45,2.15,1.66,3.58,2.76,4.41,2.21,0.0,4.5,4.5,4.35
5,14,10,84.15,5.26,8.82,0.0,8.78,3.59,7.79,7.59,5.48,3.82,2.45,5.18,6.89,1.1,8.82,4.96,0.0,6.45,3.15,8.1
5,14,11,123.2,7.7,12.18,0.0,12.18,5.99,10.38,10.98,9.1,5.18,4.5,8.61,9.93,1.65,11.58,8.82,0.0,7.5,6.15,10.65
5,14,12,149.04,9.32,14.37,0.0,14.37,6.99,13.78,13.38,11.74,5.67,6.65,11.45,11.86,5.24,12.96,10.2,0.0,4.5,7.8,12.45
5,14,13,177.6,11.1,15.37,0.0,15.37,8.78,14.57,14.77,13.21,3.52,9.49,13.5,13.51,11.31,14.61,12.41,0.0,4.65,14.1,13.8
5,14,14,183.85,11.49,15.37,0.0,15.37,11.38,11.38,14.37,13.5,5.38,13.3,14.18,13.79,11.86,15.17,7.72,0.0,8.55,14.1,13.8
5,14,15,190.66,11.92,14.58,0.0,14.57,12.18,12.78,12.98,13.7,9.0,13.6,14.58,13.79,13.79,13.79,10.2,0.0,9.6,12.9,13.2
5,14,16,159.79,9.99,14.09,0.0,12.98,10.38,9.38,5.59,13.4,3.23,10.76,14.09,12.68,11.58,13.24,11.58,0.0,9.15,10.05,11.7
5,14,17,124.43,7.78,11.93,0.0,10.78,7.39,6.39,6.59,11.93,4.01,9.2,11.84,11.03,6.89,11.03,8.0,0.0,4.2,7.05,8.1
5,14,18,86.7,5.42,9.49,0.0,7.99,5.59,5.39,3.99,9.29,1.96,8.12,9.49,8.0,1.1,7.72,4.41,0.0,2.55,5.85,5.25
5,14,19,48.75,3.05,5.58,0.0,4.19,2.99,3.99,3.99,5.38,0.98,5.58,5.18,3.86,1.65,3.58,1.38,0.0,1.2,2.7,2.1
5,14,20,13.01,0.81,1.2,0.0,0.8,0.6,1.2,1.2,1.08,0.1,1.17,1.08,1.1,1.1,1.1,0.83,0.0,0.0,0.9,0.75
5,14,21,1.18,0.07,0.28,0.0,0.0,0.0,0.2,0.0,0.1,0.0,0.2,0.1,0.0,0.0,0.28,0.0,0.0,0.0,0.15,0.15
5,15,7,1.36,0.08,0.28,0.0,0.2,0.0,0.0,0.0,0.1,0.1,0.1,0.0,0.0,0.28,0.0,0.28,0.0,0.15,0.15,0.0
5,15,8,12.5,0.78,1.5,0.0,0.6,0.8,0.4,0.4,0.39,0.39,0.88,1.08,1.1,0.83,1.1,1.38,0.0,1.5,0.75,0.9
5,15,9,38.49,2.41,4.95,0.0,3.99,2.6,1.2,1.2,1.76,1.86,1.96,2.05,3.31,2.21,4.69,2.21,0.0,4.95,2.55,1.95
5,15,10,75.47,4.72,8.82,0.0,7.99,6.59,1.8,4.79,5.67,5.77,3.91,2.74,6.89,3.31,8.82,4.14,0.0,8.7,3.6,0.75
5,15,11,111.29,6.96,11.4,0.0,11.18,9.18,3.99,5.79,9.29,9.49,5.38,7.63,9.93,5.51,11.31,3.86,0.0,11.4,2.4,4.95
5,15,12,143.12,8.94,13.58,0.0,13.58,11.38,3.59,6.79,12.23,11.45,8.12,11.25,12.13,8.55,12.13,8.82,0.0,13.35,5.1,4.65
5,15,13,166.46,10.4,14.61,0.0,14.57,13.58,2.8,10.78,13.79,12.62,8.8,9.1,13.79,12.41,14.61,13.51,0.0,13.8,7.2,5.1
5,15,14,161.96,10.12,14.61,0.0,11.78,12.78,2.6,6.79,14.28,12.82,11.05,7.04,14.61,13.79,14.61,14.61,0.0,14.25,6.3,4.65
5,15,15,151.74,9.48,14.38,0.0,10.98,7.99,2.2,6.19,14.38,11.05,11.35,9.0,14.06,13.51,14.34,14.34,0.0,11.1,5.55,5.7
5,15,16,132.2,8.26,13.89,0.0,12.98,8.58,3.19,5.59,13.89,7.34,6.95,6.65,13.24,12.13,12.68,11.58,0.0,7.65,5.1,4.65
5,15,17,113.44,7.09,12.33,0.0,10.78,9.98,2.6,3.59,12.33,3.82,11.35,3.91,11.03,8.82,10.75,9.93,0.0,5.85,5.4,3.3
5,15,18,78.5,4.91,9.59,0.0,7.79,7.39,0.6,1.8,9.59,4.11,9.2,2.25,7.72,4.69,7.44,6.62,0.0,3.75,3.3,2.25
5,15,19,40.01,2.5,5.67,0.0,3.19,3.39,0.4,2.99,5.67,1.47,4.3,1.37,3.86,3.31,3.58,3.03,0.0,0.45,1.65,1.35
5,15,20,10.93,0.68,1.17,0.0,1.0,1.0,0.2,0.2,1.17,0.98,0.68,0.49,1.1,1.1,0.83,0.83,0.0,0.6,0.3,0.45
5,15,21,1.28,0.08,0.28,0.0,0.0,0.2,0.0,0.0,0.1,0.2,0.1,0.1,0.0,0.0,0.0,0.28,0.0,0.15,0.0,0.15
5,16,7,1.36,0.08,0.28,0.0,0.0,0.0,0.0,0.2,0.1,0.1,0.1,0.0,0.28,0.28,0.0,0.0,0.0,0.15,0.15,0.0
5,16,8,12.12,0.76,1.38,0.0,0.4,0.8,0.0,0.4,0.98,0.39,0.98,0.88,0.83,0.83,1.38,1.1,0.0,1.35,0.6,1.2
5,16,9,37.77,2.36,5.1,0.0,1.6,4.19,0.4,2.8,1.47,1.76,1.47,1.17,3.58,2.21,4.41,3.86,0.0,5.1,1.65,2.1
5,16,10,76.59,4.79,8.82,0.0,3.99,8.39,0.8,7.39,2.25,5.58,3.52,1.47,6.89,6.89,8.82,8.0,0.0,8.7,1.8,2.1
5,16,11,113.51,7.09,11.78,0.0,10.38,11.78,1.8,9.38,4.21,9.1,4.99,2.93,9.65,9.65,11.31,10.48,0.0,11.55,2.7,3.6
5,16,12,134.64,8.41,14.37,0.0,4.99,14.37,3.19,11.18,10.96,11.74,4.21,4.89,11.86,12.41,12.96,12.68,0.0,13.05,1.95,4.2
5,16,13,144.95,9.06,15.37,0.0,7.39,15.37,5.99,8.19,8.41,12.91,6.16,5.28,11.86,13.51,14.34,13.79,0.0,14.1,2.85,4.8
5,16,14,161.16,10.07,15.77,0.0,11.38,15.77,9.18,8.19,10.86,13.11,8.61,5.09,13.24,13.51,14.61,14.06,0.0,13.95,3.45,6.15
5,16,15,148.12,9.26,14.97,0.0,11.58,14.97,4.19,4.99,10.17,9.29,6.55,6.26,13.51,14.61,14.06,13.79,0.0,13.35,3.9,6.9
5,16,16,135.53,8.47,13.78,0.0,6.39,13.78,11.78,3.79,8.71,9.68,5.48,4.01,12.41,12.96,12.96,12.13,0.0,11.55,3.45,6.45
5,16,17,100.86,6.3,10.75,0.0,4.39,9.98,10.18,6.99,8.32,7.53,4.3,3.62,10.75,2.48,6.89,9.38,0.0,8.4,3.75,3.9
5,16,18,70.67,4.42,8.0,0.0,2.99,6.99,6.59,2.99,6.46,6.16,2.54,2.45,8.0,2.76,6.07,6.62,0.0,4.35,1.65,4.05
5,16,19,48.69,3.04,5.77,0.0,1.8,4.79,4.99,2.99,4.3,5.77,1.76,2.25,4.14,3.31,3.86,3.03,0.0,2.25,1.05,2.4
5,16,20,12.68,0.79,1.47,0.0,0.6,0.8,0.8,0.4,1.47,1.17,0.98,1.08,0.83,1.1,1.1,0.55,0.0,0.6,0.45,0.75
5,16,21,0.85,0.05,0.2,0.0,0.2,0.0,0.0,0.0,0.2,0.1,0.1,0.1,0.0,0.0,0.0,0.0,0.0,0.15,0.0,0.0
5,17,7,2.21,0.14,0.28,0.0,0.2,0.2,0.2,0.2,0.1,0.1,0.1,0.1,0.28,0.0,0.0,0.28,0.0,0.15,0.15,0.15
5,17,8,14.18,0.89,1.35,0.0,0.8,0.8,1.2,0.8,1.08,0.39,0.59,0.49,1.1,1.1,1.1,0.83,0.0,1.35,1.2,1.35
5,17,9,48.09,3.01,4.95,0.0,2.8,4.19,4.19,2.2,2.05,1.76,2.05,1.57,3.58,3.58,4.41,3.86,0.0,4.95,3.0,3.9
5,17,10,98.92,6.18,8.7,0.0,5.59,8.58,6.19,4.79,3.82,5.48,5.67,5.48,6.07,6.34,8.27,7.44,0.0,8.7,8.25,8.25
5,17,11,145.17,9.07,12.0,0.0,7.99,11.98,11.18,7.99,4.3,9.0,9.29,7.83,9.65,9.38,11.03,10.75,0.0,11.55,12.0,11.25
5,17,12,175.02,10.94,14.37,0.0,8.39,14.37,13.98,9.98,7.34,11.84,12.13,11.64,9.65,11.31,12.68,12.41,0.0,13.2,13.35,12.75
5,17,13,182.9,11.43,15.37,0.0,3.99,15.37,14.77,7.59,8.61,13.3,13.01,13.4,10.75,12.96,13.79,13.51,0.0,13.95,14.25,13.65
5,17,14,193.11,12.07,15.77,0.0,6.19,15.77,15.37,10.58,11.54,12.13,14.09,12.03,14.34,13.79,14.34,13.79,0.0,13.95,13.65,11.55
5,17,15,202.12,12.63,14.97,0.0,12.78,14.97,14.97,11.38,12.62,14.38,14.28,12.82,14.06,13.79,13.51,12.96,0.0,13.35,13.2,13.05
5,17,16,175.04,10.94,13.4,0.0,9.38,13.38,12.78,11.98,13.01,13.4,13.01,12.42,11.31,12.68,12.68,11.86,0.0,5.1,11.1,10.95
5,17,17,145.84,9.12,11.93,0.0,8.78,10.98,10.98,9.38,11.05,11.93,8.71,11.64,9.93,11.03,10.48,9.65,0.0,3.9,8.85,8.55
5,17,18,113.08,7.07,9.39,0.0,6.79,7.99,8.19,7.59,9.2,9.39,9.0,8.9,8.0,7.72,7.44,6.07,0.0,5.7,5.55,5.55
5,17,19,60.49,3.78,5.77,0.0,4.99,4.19,4.19,4.19,4.7,5.48,5.77,4.89,4.14,4.14,3.58,3.03,0.0,2.1,2.55,2.55
5,17,20,15.02,0.94,1.4,0.0,1.0,0.8,1.0,1.4,1.27,1.17,1.17,1.37,1.1,0.83,0.83,0.83,0.0,0.75,0.6,0.9
5,17,21,1.38,0.09,0.28,0.0,0.0,0.2,0.0,0.0,0.2,0.1,0.1,0.2,0.0,0.0,0.28,0.0,0.0,0.0,0.15,0.15
5,18,7,2.14,0.13,0.28,0.0,0.2,0.0,0.2,0.2,0.1,0.1,0.1,0.1,0.28,0.28,0.0,0.28,0.0,0.15,0.0,0.15
5,18,8,13.89,0.87,1.5,0.0,0.6,0.8,1.0,0.4,0.88,0.49,0.78,1.08,1.1,1.1,1.38,0.83,0.0,1.5,0.9,1.05
5,18,9,46.09,2.88,4.95,0.0,4.59,3.99,2.6,2.2,2.35,1.76,1.96,1.57,3.86,3.31,4.14,3.86,0.0,4.95,1.8,3.15
5,18,10,87.07,5.44,8.82,0.0,8.19,7.99,3.19,2.99,5.58,5.58,3.33,2.84,6.62,6.62,8.82,7.17,0.0,8.7,2.55,6.9
5,18,11,119.61,7.48,11.31,0.0,10.98,10.78,3.59,3.59,6.36,9.0,4.7,5.87,9.1,9.38,11.31,10.2,0.0,11.1,5.55,8.1
5,18,12,143.89,8.99,13.24,0.0,10.78,13.18,2.99,2.2,9.0,11.74,7.34,6.85,11.58,11.31,13.24,11.58,0.0,12.9,11.55,7.65
5,18,13,151.53,9.47,14.34,0.0,9.98,13.58,2.2,2.99,6.26,13.3,6.85,9.1,12.96,12.96,14.34,12.96,0.0,13.5,12.15,8.4
5,18,14,155.24,9.7,14.89,0.0,9.58,13.78,2.4,5.59,7.14,13.79,4.11,11.93,13.79,14.06,14.89,12.68,0.0,13.8,9.0,8.7
5,18,15,163.23,10.2,14.34,0.0,11.18,10.18,6.19,8.19,11.45,13.99,5.97,13.79,12.96,13.79,14.34,10.75,0.0,12.9,6.6,10.95
5,18,16,155.86,9.74,13.4,0.0,9.98,11.38,7.19,7.19,9.1,13.4,10.57,13.4,12.41,12.68,12.96,9.65,0.0,6.45,8.85,10.65
5,18,17,138.44,8.65,11.93,0.0,11.58,10.38,7.39,8.78,6.65,11.74,7.04,11.93,10.2,11.03,10.75,6.07,0.0,8.7,7.5,8.7
5,18,18,108.56,6.78,9.59,0.0,8.39,7.99,6.79,7.39,9.59,9.1,4.5,9.39,7.17,7.72,7.44,5.24,0.0,5.55,7.05,5.25
5,18,19,55.55,3.47,5.58,0.0,3.99,3.99,3.99,4.19,4.6,5.38,2.45,5.58,3.86,3.86,3.58,3.03,0.0,2.1,2.7,2.25
5,18,20,14.73,0.92,1.4,0.0,1.4,0.8,1.0,0.8,1.17,1.17,0.98,1.17,1.38,1.1,0.83,0.83,0.0,0.75,0.75,0.6
5,18,21,2.02,0.13,0.3,0.0,0.2,0.2,0.0,0.2,0.2,0.1,0.29,0.1,0.28,0.0,0.0,0.0,0.0,0.0,0.3,0.15
5,19,7,1.99,0.12,0.28,0.0,0.0,0.0,0.2,0.0,0.1,0.1,0.1,0.2,0.0,0.28,0.28,0.28,0.0,0.15,0.15,0.15
5,19,8,13.38,0.84,1.65,0.0,0.6,0.8,0.8,0.6,0.49,0.49,0.59,0.78,0.83,0.55,1.1,1.1,0.0,1.5,1.5,1.65
5,19,9,52.79,3.3,5.25,0.0,4.39,4.19,4.59,2.2,1.66,1.76,1.86,1.96,3.03,3.31,4.96,3.58,0.0,4.95,5.25,5.1
5,19,10,102.08,6.38,8.82,0.0,6.59,7.99,7.99,6.59,5.58,5.48,5.48,4.89,4.41,6.62,8.82,6.89,0.0,8.55,8.1,8.1
5,19,11,149.4,9.34,12.18,0.0,12.18,11.38,11.98,10.98,8.41,9.1,8.9,8.22,6.62,9.1,11.58,10.2,0.0,11.1,10.2,9.45
5,19,12,180.15,11.26,14.37,0.0,14.17,13.78,14.37,12.78,6.75,11.64,11.93,11.35,11.03,11.31,13.24,10.75,0.0,12.0,13.05,12.0
5,19,13,194.91,12.18,15.57,0.0,15.57,13.78,15.57,14.17,7.73,12.91,13.7,11.64,13.24,12.13,14.34,9.93,0.0,13.65,14.1,12.45
5,19,14,197.55,12.35,15.97,0.0,15.97,12.58,15.57,14.37,11.93,13.79,14.48,12.33,10.48,11.86,14.06,11.58,0.0,12.9,14.1,11.55
5,19,15,194.5,12.16,14.77,0.0,14.57,10.58,14.77,13.98,13.4,12.72,14.48,12.82,10.2,14.06,13.51,11.31,0.0,12.75,13.5,11.85
5,19,16,172.57,10.79,13.79,0.0,11.78,11.38,13.38,11.38,9.0,13.21,13.79,11.84,10.2,12.68,12.68,8.55,0.0,10.95,11.85,9.9
5,19,17,150.93,9.43,11.74,0.0,10.38,10.78,11.18,10.98,9.68,10.37,11.74,10.47,9.65,11.03,10.75,8.27,0.0,7.8,9.3,8.55
5,19,18,101.29,6.33,9.88,0.0,6.79,7.99,8.19,5.99,7.83,7.92,9.88,8.02,2.21,7.17,7.44,5.51,0.0,4.95,6.15,5.25
5,19,19,54.91,3.43,5.97,0.0,3.79,3.99,3.99,2.99,5.38,4.5,5.97,3.42,2.76,3.86,3.58,3.03,0.0,2.7,2.7,2.25
5,19,20,16.52,1.03,1.47,0.0,1.4,1.0,1.0,1.2,1.27,1.47,1.27,1.08,1.1,0.83,1.1,1.1,0.0,0.9,0.9,0.9
5,19,21,2.51,0.16,0.4,0.0,0.4,0.0,0.0,0.2,0.2,0.1,0.1,0.2,0.28,0.28,0.0,0.0,0.0,0.3,0.15,0.3
5,20,7,1.58,0.1,0.28,0.0,0.0,0.2,0.2,0.0,0.1,0.2,0.1,0.2,0.0,0.0,0.28,0.0,0.0,0.15,0.0,0.15
5,20,8,14.39,0.9,1.4,0.0,1.4,0.6,1.0,1.2,0.49,0.39,0.39,0.88,0.83,0.83,1.1,1.38,0.0,1.35,1.2,1.35
5,20,9,51.5,3.22,5.4,0.0,2.8,4.19,4.19,3.79,1.66,1.76,1.86,1.86,3.86,3.58,4.69,3.31,0.0,4.95,5.4,3.6
5,20,10,97.89,6.12,8.85,0.0,7.79,7.79,7.99,6.99,5.09,5.58,5.67,1.17,6.89,6.34,8.0,4.14,0.0,8.4,8.85,7.2
5,20,11,143.5,8.97,11.55,0.0,9.58,10.78,10.58,9.98,7.83,9.1,9.2,8.02,9.93,9.38,11.03,5.24,0.0,11.1,11.55,10.2
5,20,12,161.79,10.11,13.2,0.0,11.38,12.98,13.18,11.78,9.29,11.64,11.93,8.22,12.41,11.31,12.68,6.34,0.0,12.75,13.2,2.7
5,20,13,183.54,11.47,14.57,0.0,13.78,14.17,14.57,12.58,7.92,13.5,13.3,8.71,14.34,12.96,13.79,7.17,0.0,13.5,13.8,9.45
5,20,14,186.99,11.69,14.77,0.0,12.98,14.57,14.77,12.38,8.22,13.99,13.99,10.76,14.61,13.79,14.06,7.17,0.0,13.2,13.95,8.55
5,20,15,177.45,11.09,14.89,0.0,8.78,13.58,14.37,12.18,11.74,13.89,12.91,8.41,14.89,13.79,13.79,7.17,0.0,11.7,12.3,7.95
5,20,16,153.54,9.6,13.51,0.0,12.38,11.78,12.78,9.18,6.75,13.21,12.72,4.4,13.51,12.96,12.13,5.79,0.0,11.25,10.2,4.5
5,20,17,137.21,8.58,12.52,0.0,8.98,10.58,11.18,6.59,12.52,12.03,11.25,4.11,11.58,10.75,10.48,4.96,0.0,8.85,9.0,4.35
5,20,18,89.73,5.61,9.0,0.0,3.39,7.39,7.39,3.99,5.58,9.0,9.0,3.42,7.72,7.44,7.17,4.14,0.0,5.55,5.7,2.85
5,20,19,51.72,3.23,5.28,0.0,4.19,3.79,3.79,1.8,3.82,4.99,5.28,2.54,4.69,3.86,3.31,2.76,0.0,2.25,2.55,2.1
5,20,20,14.04,0.88,1.2,0.0,1.2,1.0,1.2,0.6,0.78,1.08,1.17,0.78,1.1,1.1,1.1,0.83,0.0,0.6,0.75,0.75
5,20,21,2.11,0.13,0.28,0.0,0.0,0.2,0.2,0.0,0.2,0.2,0.2,0.1,0.28,0.0,0.0,0.28,0.0,0.15,0.15,0.15
5,21,7,1.28,0.08,0.28,0.0,0.2,0.2,0.0,0.0,0.1,0.1,0.1,0.0,0.0,0.0,0.28,0.0,0.0,0.15,0.15,0.0
5,21,8,11.75,0.73,1.65,0.0,0.6,1.0,0.6,0.2,0.88,0.39,0.59,0.49,1.1,0.55,1.65,0.55,0.0,1.35,1.5,0.3
5,21,9,44.31,2.77,5.25,0.0,4.39,3.99,2.6,0.4,2.35,1.86,2.05,1.86,3.58,3.31,3.86,2.21,0.0,4.8,5.25,1.8
5,21,10,85.5,5.34,8.55,0.0,8.39,7.59,4.39,1.2,4.5,5.09,4.7,4.4,7.17,6.34,8.0,3.03,0.0,7.5,8.55,4.65
5,21,11,119.46,7.47,11.78,0.0,11.78,10.38,4.79,1.8,4.79,9.0,8.41,4.89,9.38,9.1,10.75,6.34,0.0,10.95,11.1,6.0
5,21,12,149.13,9.32,13.58,0.0,13.58,12.98,5.39,2.0,10.66,10.76,10.96,6.65,12.13,11.03,13.24,10.2,0.0,10.95,12.75,5.85
5,21,13,169.51,10.59,14.97,0.0,14.97,13.98,7.59,3.19,12.33,13.3,8.22,9.49,13.51,12.41,14.61,11.86,0.0,13.5,13.5,7.05
5,21,14,176.4,11.03,15.37,0.0,15.37,14.17,6.39,3.39,14.28,13.79,9.98,9.2,12.68,12.96,14.89,10.75,0.0,13.8,13.5,11.25
5,21,15,172.55,10.78,14.77,0.0,14.37,14.17,4.39,2.0,14.77,13.7,9.0,13.79,13.79,13.24,14.06,7.17,0.0,12.6,11.85,13.65
5,21,16,165.81,10.36,13.99,0.0,10.78,12.78,4.79,2.99,13.99,13.5,12.62,13.5,13.51,11.31,12.96,9.93,0.0,11.1,10.5,11.55
5,21,17,144.92,9.06,12.42,0.0,7.39,10.58,8.78,2.6,11.45,12.13,11.84,12.42,10.75,9.93,10.48,8.82,0.0,9.0,9.45,9.3
5,21,18,103.71,6.48,9.78,0.0,4.99,7.79,7.19,0.2,9.29,9.49,9.49,9.78,8.0,8.0,6.62,6.07,0.0,5.55,5.85,5.4
5,21,19,54.06,3.38,5.38,0.0,2.99,3.79,4.19,0.6,5.38,5.38,5.18,4.11,4.41,4.41,3.86,3.31,0.0,2.25,2.4,1.8
5,21,20,15.72,0.98,1.4,0.0,1.4,1.0,1.4,0.4,1.27,1.27,1.37,1.08,1.1,1.1,1.1,0.83,0.0,0.6,0.9,0.9
5,21,21,1.76,0.11,0.28,0.0,0.0,0.2,0.2,0.0,0.1,0.1,0.2,0.1,0.28,0.0,0.0,0.28,0.0,0.15,0.15,0.0
5,22,7,1.91,0.12,0.3,0.0,0.2,0.0,0.2,0.0,0.2,0.1,0.1,0.1,0.0,0.0,0.28,0.28,0.0,0.3,0.0,0.15
5,22,8,12.93,0.81,1.93,0.0,0.8,0.8,1.2,0.4,0.39,0.88,1.08,0.39,1.1,0.28,1.93,0.83,0.0,1.5,1.2,0.15
5,22,9,40.09,2.51,4.5,0.0,4.19,4.19,1.4,0.8,1.86,1.47,2.45,0.68,3.58,3.58,3.31,3.58,0.0,4.5,3.6,0.9
5,22,10,79.46,4.97,8.39,0.0,8.39,7.99,1.8,2.0,5.58,4.6,4.89,1.57,6.89,6.62,7.44,5.79,0.0,7.65,6.6,1.65
5,22,11,115.11,7.19,11.4,0.0,10.58,10.98,3.19,2.8,9.2,9.0,6.26,3.82,9.65,9.38,11.03,7.17,0.0,11.4,8.1,2.55
5,22,12,138.73,8.67,13.79,0.0,12.18,13.18,2.6,2.6,11.93,12.03,8.22,4.6,11.86,11.31,13.79,9.38,0.0,12.75,9.15,3.15
5,22,13,157.86,9.87,14.89,0.0,14.57,14.17,8.39,2.0,13.6,13.6,10.57,3.13,13.51,12.41,14.89,8.82,0.0,13.5,11.7,3.0
5,22,14,168.05,10.5,15.17,0.0,14.97,14.57,5.79,4.39,13.89,14.18,9.29,7.04,14.06,12.96,15.17,13.24,0.0,13.35,11.55,3.6
5,22,15,168.77,10.55,14.57,0.0,14.57,13.98,6.19,11.78,12.42,14.18,8.71,6.55,14.06,13.51,14.06,12.96,0.0,12.75,8.7,4.35
5,22,16,156.11,9.76,13.7,0.0,13.18,12.78,8.19,6.79,13.7,13.5,5.28,5.87,13.24,12.41,13.24,12.13,0.0,11.1,5.85,8.85
5,22,17,128.85,8.05,12.13,0.0,11.18,10.58,9.98,3.79,12.13,11.84,3.91,5.67,11.31,10.48,9.1,9.38,0.0,9.0,4.35,6.15
5,22,18,93.1,5.82,9.49,0.0,7.79,7.59,8.98,3.99,9.49,9.39,4.6,2.25,8.27,7.72,4.69,6.34,0.0,5.4,3.75,2.85
5,22,19,56.35,3.52,5.97,0.0,4.39,3.99,5.19,4.39,5.09,5.67,5.97,1.17,4.41,3.86,2.76,3.31,0.0,2.25,3.0,0.9
5,22,20,15.31,0.96,1.8,0.0,1.0,1.0,1.0,1.2,1.17,1.17,1.57,0.49,1.1,1.1,0.83,0.83,0.0,0.75,1.8,0.3
5,22,21,1.48,0.09,0.28,0.0,0.2,0.0,0.0,0.0,0.2,0.2,0.2,0.1,0.0,0.28,0.0,0.0,0.0,0.0,0.15,0.15
5,23,7,1.91,0.12,0.3,0.0,0.0,0.2,0.2,0.0,0.1,0.1,0.2,0.1,0.28,0.0,0.0,0.28,0.0,0.3,0.15,0.0
5,23,8,12.95,0.81,1.5,0.0,0.6,0.6,0.8,0.4,0.68,0.49,0.49,0.68,1.1,0.0,1.38,1.38,0.0,1.35,1.5,1.5
5,23,9,44.95,2.81,5.4,0.0,2.2,4.19,4.39,1.2,1.86,1.66,2.05,2.05,3.31,0.0,4.96,3.58,0.0,5.1,5.4,3.0
5,23,10,94.68,5.92,9.75,0.0,5.19,7.79,8.78,4.19,5.67,5.48,5.09,4.21,6.34,0.0,8.82,7.17,0.0,8.4,9.75,7.8
5,23,11,136.22,8.51,11.58,0.0,11.58,10.78,11.58,5.39,9.29,9.0,8.61,7.83,9.65,0.0,11.58,10.48,0.0,11.1,8.7,10.65
5,23,12,163.2,10.2,13.8,0.0,13.78,12.78,12.58,6.59,11.93,11.64,11.15,8.12,12.13,0.0,13.79,12.41,0.0,12.6,13.8,9.9
5,23,13,184.19,11.51,14.97,0.0,14.77,13.78,14.97,8.19,13.6,13.21,14.67,8.71,13.24,0.0,14.89,13.51,0.0,13.5,14.25,12.9
5,23,14,192.7,12.04,15.97,0.0,15.37,14.37,15.97,8.78,14.09,14.09,15.07,10.27,14.06,0.0,14.89,14.34,0.0,13.35,15.0,13.05
5,23,15,176.11,11.01,14.61,0.0,10.58,13.58,13.98,9.78,12.33,14.18,13.7,9.2,14.06,0.0,14.61,13.51,0.0,12.45,14.1,10.05
5,23,16,153.7,9.61,13.5,0.0,9.98,12.38,12.38,7.19,11.84,13.5,10.08,8.02,12.96,0.0,13.24,12.13,0.0,11.25,11.7,7.05
5,23,17,133.86,8.37,11.84,0.0,8.58,10.38,11.58,9.38,8.22,11.84,11.64,5.28,10.48,0.0,11.03,9.65,0.0,8.7,9.3,7.8
5,23,18,91.88,5.74,10.08,0.0,3.79,7.59,8.39,6.59,5.58,9.39,10.08,3.42,6.62,0.0,7.44,6.34,0.0,5.55,6.3,4.8
5,23,19,51.85,3.24,5.48,0.0,3.99,3.39,4.59,4.19,3.03,5.48,4.3,4.5,4.14,0.0,3.86,3.03,0.0,2.25,2.55,2.55
5,23,20,16.08,1.0,1.6,0.0,1.6,1.6,1.2,1.2,1.47,1.27,1.08,0.68,1.38,0.0,1.1,1.1,0.0,0.6,0.75,1.05
5,23,21,1.75,0.11,0.2,0.0,0.2,0.0,0.2,0.2,0.2,0.1,0.2,0.2,0.0,0.0,0.0,0.0,0.0,0.15,0.15,0.15
5,24,7,1.91,0.12,0.28,0.0,0.0,0.2,0.0,0.2,0.1,0.2,0.1,0.1,0.28,0.0,0.28,0.0,0.0,0.15,0.15,0.15
5,24,8,14.37,0.9,1.65,0.0,0.8,0.8,0.4,1.0,0.98,0.49,1.17,0.49,0.83,0.0,1.38,1.38,0.0,1.5,1.65,1.5
5,24,9,47.0,2.94,5.25,0.0,4.59,3.19,0.6,4.19,2.15,1.76,2.15,1.86,3.58,0.0,4.69,4.14,0.0,4.95,3.9,5.25
5,24,10,87.83,5.49,8.58,0.0,8.58,8.39,2.2,5.99,5.67,5.38,2.74,4.89,6.62,0.0,8.55,8.27,0.0,8.4,3.6,8.55
5,24,11,127.08,7.94,11.85,0.0,11.58,11.38,2.6,6.19,9.1,8.9,4.7,8.41,9.93,0.0,11.31,11.03,0.0,10.95,9.15,11.85
5,24,12,161.92,10.12,13.78,0.0,13.78,13.18,10.78,8.19,11.84,11.64,9.29,9.49,12.13,0.0,13.24,12.96,0.0,12.45,9.6,13.35
5,24,13,180.41,11.28,15.0,0.0,14.77,14.37,13.38,10.38,13.99,13.21,8.9,8.71,13.24,3.31,13.51,13.79,0.0,13.2,15.0,10.65
5,24,14,188.44,11.78,14.97,0.0,14.97,14.17,12.38,10.78,14.77,13.6,8.71,11.05,13.51,13.24,10.75,14.06,0.0,13.2,11.85,11.4
5,24,15,192.13,12.01,15.07,0.0,14.77,13.58,12.58,11.58,15.07,13.7,10.57,11.05,13.24,12.96,13.79,13.24,0.0,12.45,12.0,11.55
5,24,16,176.97,11.06,13.99,0.0,13.38,12.18,10.58,8.19,13.99,13.11,13.6,8.61,12.41,12.13,13.51,12.13,0.0,10.8,12.75,9.6
5,24,17,140.9,8.81,12.33,0.0,10.78,10.38,8.98,4.59,12.33,11.74,10.17,6.95,9.65,10.2,11.03,9.65,0.0,8.7,9.6,6.15
5,24,18,109.4,6.84,9.2,0.0,7.59,7.39,6.99,7.59,8.9,9.2,8.71,7.53,7.17,7.72,7.72,5.79,0.0,5.4,6.15,5.55
5,24,19,60.43,3.78,6.07,0.0,4.79,3.99,4.59,3.19,6.07,5.48,5.87,3.91,3.86,4.14,3.58,3.31,0.0,2.25,2.4,3.0
5,24,20,17.47,1.09,2.05,0.0,1.0,0.8,1.0,1.0,1.57,1.17,1.47,2.05,1.38,0.83,1.1,1.1,0.0,0.6,0.9,1.5
5,24,21,3.11,0.19,0.39,0.0,0.0,0.2,0.2,0.0,0.2,0.2,0.2,0.39,0.28,0.28,0.28,0.28,0.0,0.15,0.15,0.3
5,25,7,1.25,0.08,0.2,0.0,0.2,0.0,0.0,0.2,0.1,0.1,0.1,0.1,0.0,0.0,0.0,0.0,0.0,0.15,0.15,0.15
5,25,8,14.81,0.93,1.8,0.0,0.8,0.8,0.8,1.8,0.49,0.49,0.49,0.78,1.1,0.0,1.38,1.38,0.0,1.5,1.65,1.35
5,25,9,48.63,3.04,5.4,0.0,4.59,3.79,4.39,3.79,1.66,1.76,1.86,1.86,3.31,0.0,4.69,3.58,0.0,4.95,5.4,3.0
5,25,10,98.72,6.17,9.0,0.0,8.58,7.79,8.78,7.19,5.58,5.48,5.77,4.21,6.62,0.0,8.55,6.62,0.0,8.4,9.0,6.15
5,25,11,138.32,8.64,11.98,0.0,11.98,10.78,11.98,10.38,9.2,9.0,9.39,6.85,9.38,0.0,11.03,9.1,0.0,10.8,11.85,6.6
5,25,12,174.39,10.9,14.37,0.0,14.37,12.78,14.37,13.18,11.93,11.54,12.13,10.76,11.86,0.0,12.96,11.31,0.0,12.6,13.8,10.8
5,25,13,189.51,11.84,15.77,0.0,15.77,13.58,15.77,15.17,13.6,13.3,13.7,12.13,12.68,0.0,13.51,9.65,0.0,13.35,14.4,12.9
5,25,14,197.9,12.37,15.97,0.0,15.97,14.77,15.97,15.37,14.28,13.99,14.38,13.89,13.79,0.0,13.79,10.75,0.0,13.2,14.4,13.35
5,25,15,188.08,11.75,15.17,0.0,15.17,11.38,14.97,14.57,13.89,13.99,14.28,13.4,13.79,0.0,14.06,10.48,0.0,12.45,13.2,12.45
5,25,16,174.61,10.91,13.6,0.0,13.58,10.38,13.18,12.98,13.4,13.3,13.6,12.52,12.96,0.0,12.68,12.13,0.0,11.1,12.0,10.8
5,25,17,146.75,9.17,12.13,0.0,11.38,7.39,11.18,10.98,11.93,11.93,12.13,12.13,10.75,0.0,10.75,9.65,0.0,8.7,9.15,8.7
5,25,18,104.02,6.5,9.39,0.0,8.39,4.79,7.99,7.99,9.39,9.39,8.32,9.2,8.0,0.0,7.44,6.62,0.0,5.55,5.4,5.55
5,25,19,56.47,3.53,5.67,0.0,4.39,3.79,3.99,3.99,5.58,5.48,4.5,5.67,4.41,0.0,3.86,3.31,0.0,2.25,2.85,2.4
5,25,20,15.0,0.94,1.76,0.0,1.0,0.8,1.4,0.8,1.27,1.27,1.76,1.27,1.1,0.0,1.1,0.83,0.0,0.6,1.2,0.6
5,25,21,2.13,0.13,0.28,0.0,0.0,0.2,0.2,0.2,0.2,0.2,0.2,0.2,0.0,0.0,0.0,0.28,0.0,0.15,0.15,0.15
5,26,7,1.63,0.1,0.28,0.0,0.2,0.0,0.2,0.0,0.1,0.1,0.2,0.1,0.28,0.0,0.0,0.0,0.0,0.15,0.15,0.15
5,26,8,13.19,0.82,1.65,0.0,0.8,0.6,0.8,0.8,0.49,0.49,0.59,0.39,1.1,0.0,1.38,1.1,0.0,1.5,1.65,1.5
5,26,9,51.03,3.19,5.25,0.0,4.39,3.99,4.19,4.19,1.66,1.76,1.96,1.76,3.58,0.0,4.41,4.14,0.0,4.8,5.25,4.95
5,26,10,103.21,6.45,8.85,0.0,8.39,8.19,8.39,7.99,5.48,5.18,5.58,5.48,6.89,0.0,8.27,7.72,0.0,8.25,8.85,8.55
5,26,11,145.78,9.11,11.78,0.0,11.78,11.38,11.38,11.58,8.8,8.51,8.9,9.0,9.65,0.0,10.75,10.75,0.0,10.65,11.4,11.25
5,26,12,178.0,11.12,13.98,0.0,13.98,13.58,13.38,13.78,11.54,11.05,11.74,11.54,12.13,2.21,12.41,12.41,0.0,12.45,13.05,12.75
5,26,13,202.58,12.66,15.17,0.0,14.77,14.97,14.17,15.17,12.82,12.23,12.33,12.82,13.24,12.68,13.79,13.24,0.0,13.05,13.95,13.35
5,26,14,207.77,12.99,15.37,0.0,15.17,15.17,14.77,15.37,13.11,12.52,13.4,13.21,14.06,13.24,14.06,13.79,0.0,12.75,13.8,13.35
5,26,15,200.59,12.54,14.37,0.0,14.37,14.37,14.17,14.37,13.5,11.64,13.89,13.01,14.06,13.24,13.79,12.68,0.0,12.0,12.75,12.75
5,26,16,185.69,11.61,13.3,0.0,13.18,12.98,12.78,12.98,13.3,11.93,13.11,12.52,12.96,12.41,12.68,11.86,0.0,10.5,11.4,11.1
5,26,17,157.43,9.84,12.13,0.0,11.18,10.58,10.58,10.78,12.13,11.25,11.84,11.35,11.31,10.2,10.75,9.38,0.0,8.25,9.15,8.7
5,26,18,114.22,7.14,9.59,0.0,7.99,7.99,7.79,7.99,9.59,8.51,8.51,9.0,8.27,7.72,7.72,6.34,0.0,5.55,5.85,5.4
5,26,19,59.55,3.72,5.67,0.0,4.19,3.99,4.19,3.99,5.67,4.99,4.5,5.38,4.14,4.14,3.86,3.31,0.0,2.55,2.4,2.25
5,26,20,16.42,1.03,1.38,0.0,1.0,1.0,1.2,1.0,1.27,1.27,1.17,1.27,1.38,1.1,1.38,0.83,0.0,1.05,0.75,0.75
5,26,21,1.89,0.12,0.28,0.0,0.0,0.0,0.0,0.0,0.1,0.2,0.2,0.1,0.0,0.28,0.28,0.28,0.0,0.15,0.15,0.15
5,27,7,2.23,0.14,0.28,0.0,0.2,0.2,0.2,0.2,0.2,0.1,0.2,0.2,0.28,0.0,0.0,0.0,0.0,0.15,0.15,0.15
5,27,8,13.58,0.85,1.8,0.0,0.8,0.6,1.2,0.8,0.68,0.59,1.17,0.49,1.1,0.0,0.55,1.1,0.0,1.35,1.8,1.35
5,27,9,45.64,2.85,4.95,0.0,4.19,3.99,3.39,4.39,1.76,1.76,2.35,1.66,3.58,0.0,1.38,4.14,0.0,4.65,3.45,4.95
5,27,10,92.0,5.75,8.39,0.0,7.99,7.99,6.19,8.39,5.48,5.09,4.7,5.48,6.89,0.0,3.58,7.72,0.0,8.1,6.15,8.25
5,27,11,135.09,8.44,11.38,0.0,10.98,10.98,10.58,11.38,9.1,8.41,7.92,8.8,9.65,0.0,4.41,10.48,0.0,10.5,10.8,11.1
5,27,12,162.32,10.14,13.58,0.0,13.38,13.18,11.98,13.58,11.93,10.86,10.76,11.25,12.13,0.0,4.41,12.41,0.0,12.15,11.85,12.45
5,27,13,176.22,11.01,14.77,0.0,14.77,14.57,12.98,14.57,13.7,12.23,10.47,12.62,13.51,0.0,5.79,13.51,0.0,12.9,11.4,13.2
5,27,14,183.0,11.44,14.77,0.0,14.37,14.57,13.38,14.77,14.48,12.62,13.5,12.82,14.06,0.0,6.07,13.51,0.0,12.75,12.9,13.2
5,27,15,171.56,10.72,14.67,0.0,13.58,14.17,9.98,14.37,14.67,12.33,12.72,12.33,13.79,0.0,5.51,12.41,0.0,12.0,11.4,12.3
5,27,16,154.02,9.63,13.7,0.0,10.98,8.78,9.98,12.78,13.7,12.03,11.45,11.84,11.58,0.0,6.62,11.58,0.0,10.5,11.55,10.65
5,27,17,128.78,8.05,12.03,0.0,10.98,8.78,8.58,10.38,12.03,11.15,7.53,11.05,9.93,0.0,6.34,9.38,0.0,8.25,6.0,8.4
5,27,18,89.51,5.59,9.1,0.0,6.99,2.4,4.99,7.79,7.34,8.71,8.71,9.1,8.0,0.0,4.14,6.34,0.0,5.1,4.65,5.25
5,27,19,55.28,3.45,6.46,0.0,4.39,1.4,3.99,4.19,4.3,5.09,6.46,5.48,4.41,0.0,3.86,3.31,0.0,2.25,3.9,2.25
5,27,20,17.42,1.09,2.25,0.0,1.0,0.8,1.6,0.8,1.47,1.27,2.25,1.47,1.1,0.0,1.38,0.83,0.0,0.75,1.95,0.75
5,27,21,3.05,0.19,0.45,0.0,0.0,0.0,0.4,0.2,0.2,0.2,0.39,0.2,0.0,0.0,0.28,0.28,0.0,0.3,0.45,0.15
5,28,7,1.83,0.11,0.28,0.0,0.2,0.2,0.0,0.0,0.2,0.2,0.1,0.2,0.28,0.0,0.0,0.0,0.0,0.15,0.15,0.15
5,28,8,13.16,0.82,1.65,0.0,0.8,0.8,0.8,0.8,0.39,0.59,0.49,0.59,1.1,0.0,1.65,1.1,0.0,1.35,1.5,1.2
5,28,9,48.92,3.06,5.1,0.0,4.19,3.79,4.19,3.99,1.86,1.76,1.96,1.66,3.58,0.0,4.41,3.58,0.0,4.65,5.1,4.2
5,28,10,100.97,6.31,8.85,0.0,8.58,7.79,7.99,7.79,5.67,5.18,5.58,5.28,6.62,0.0,8.0,7.44,0.0,8.1,8.85,8.1
5,28,11,144.04,9.0,11.98,0.0,11.98,10.58,10.98,10.98,9.2,8.41,9.2,9.1,9.65,0.0,10.48,10.48,0.0,10.65,11.4,10.95
5,28,12,173.25,10.83,14.17,0.0,14.17,12.58,13.18,12.38,11.93,10.76,11.84,11.64,11.58,0.0,12.68,12.41,0.0,12.3,13.05,12.75
5,28,13,190.33,11.9,15.37,0.0,15.37,13.78,14.37,13.58,13.6,12.23,13.21,13.3,13.24,0.0,13.79,13.51,0.0,12.75,13.8,13.8
5,28,14,195.08,12.19,15.77,0.0,15.77,14.37,14.77,13.98,14.38,12.42,13.7,13.7,13.51,0.0,14.34,13.79,0.0,12.75,13.5,14.1
5,28,15,188.04,11.75,14.77,0.0,14.77,13.78,14.17,13.58,14.48,12.42,12.52,13.89,13.51,0.0,14.06,13.51,0.0,12.0,12.15,13.2
5,28,16,171.33,10.71,13.7,0.0,13.58,11.98,12.78,12.18,13.7,11.93,12.03,13.3,12.96,0.0,11.03,12.41,0.0,10.5,11.25,11.7
5,28,17,145.66,9.1,12.13,0.0,11.38,9.78,10.78,10.38,12.03,10.86,11.84,12.13,10.75,0.0,9.1,9.93,0.0,8.25,9.0,9.45
5,28,18,105.76,6.61,9.49,0.0,8.39,7.19,7.79,6.79,9.49,8.71,9.49,9.2,8.0,0.0,7.44,6.62,0.0,5.25,6.0,5.4
5,28,19,54.72,3.42,5.77,0.0,4.39,2.99,4.79,1.8,5.67,5.18,5.77,5.48,4.41,0.0,3.58,3.31,0.0,2.1,2.4,2.85
5,28,20,16.29,1.02,1.47,0.0,1.0,1.4,1.4,1.0,1.37,1.27,1.47,1.27,1.38,0.0,1.38,1.1,0.0,0.75,0.75,0.75
5,28,21,1.94,0.12,0.29,0.0,0.2,0.2,0.2,0.0,0.2,0.2,0.2,0.29,0.0,0.0,0.0,0.0,0.0,0.15,0.15,0.15
5,29,7,1.58,0.1,0.28,0.0,0.0,0.2,0.2,0.2,0.1,0.1,0.2,0.0,0.0,0.0,0.28,0.0,0.0,0.15,0.15,0.0
5,29,8,11.92,0.74,1.65,0.0,0.8,0.8,0.8,0.8,0.39,0.59,0.59,0.39,1.1,0.0,1.38,0.83,0.0,1.5,1.65,0.3
5,29,9,43.14,2.7,5.25,0.0,4.39,3.79,4.19,3.59,1.76,1.76,1.96,0.98,3.58,0.0,4.41,1.93,0.0,4.65,5.25,0.9
5,29,10,82.71,5.17,8.78,0.0,8.78,7.39,7.99,4.39,5.48,5.09,5.58,1.76,6.89,0.0,8.0,2.76,0.0,7.95,8.7,1.95
5,29,11,115.18,7.2,12.18,0.0,12.18,10.18,10.78,4.39,9.1,8.22,9.0,2.54,9.38,0.0,10.75,4.96,0.0,10.35,11.4,1.95
5,29,12,147.23,9.2,14.37,0.0,14.37,12.18,12.98,8.98,11.74,10.66,12.03,4.11,11.58,0.0,12.13,8.27,0.0,12.15,13.05,3.0
5,29,13,173.7,10.86,15.77,0.0,15.77,13.58,13.98,13.98,13.3,11.93,13.89,6.65,12.68,0.0,13.51,11.58,0.0,12.9,13.95,6.0
5,29,14,181.16,11.32,15.97,0.0,15.97,14.37,14.57,14.37,13.89,12.13,14.67,7.53,13.51,0.0,13.51,13.79,0.0,13.05,13.8,6.0
5,29,15,169.19,10.57,15.17,0.0,15.17,2.99,13.98,14.17,13.7,12.03,14.48,9.88,13.24,0.0,13.51,13.79,0.0,12.45,13.2,6.6
5,29,16,148.86,9.3,13.78,0.0,13.78,0.4,12.78,12.78,13.01,11.84,13.6,6.75,12.41,0.0,12.13,11.03,0.0,10.95,11.7,5.7
5,29,17,126.81,7.93,12.03,0.0,11.38,0.6,10.58,10.78,11.54,10.86,12.03,4.79,10.75,0.0,10.48,8.27,0.0,8.55,9.15,7.05
5,29,18,91.52,5.72,9.59,0.0,8.39,4.39,7.79,7.39,9.1,8.61,9.59,1.86,8.0,0.0,7.44,4.41,0.0,5.25,6.0,3.3
5,29,19,54.5,3.41,5.77,0.0,4.59,5.59,4.19,3.79,5.38,4.89,5.77,2.25,4.41,0.0,3.58,3.31,0.0,2.25,2.4,2.1
5,29,20,15.4,0.96,1.6,0.0,0.8,1.6,1.2,1.4,1.37,1.08,1.37,0.88,1.1,0.0,1.1,1.1,0.0,0.75,0.75,0.9
5,29,21,2.45,0.15,0.3,0.0,0.2,0.2,0.0,0.2,0.1,0.29,0.2,0.1,0.28,0.0,0.28,0.0,0.0,0.15,0.3,0.15
5,30,7,1.83,0.11,0.3,0.0,0.2,0.0,0.2,0.0,0.2,0.2,0.2,0.1,0.0,0.0,0.0,0.28,0.0,0.3,0.15,0.0
5,30,8,12.95,0.81,1.65,0.0,0.8,0.6,0.8,0.4,0.39,0.78,0.88,0.39,1.1,0.0,1.38,1.38,0.0,1.5,1.65,0.9
5,30,9,43.9,2.74,5.1,0.0,4.19,3.99,4.19,1.2,1.66,1.96,1.86,1.27,3.86,0.0,4.41,3.31,0.0,4.95,5.1,1.95
5,30,10,82.04,5.13,8.58,0.0,8.58,7.59,8.19,1.8,5.48,5.18,5.48,2.84,6.89,0.0,8.0,3.86,0.0,6.0,8.55,3.6
5,30,11,119.72,7.48,11.78,0.0,11.78,10.38,11.18,3.79,8.9,7.24,9.0,4.99,9.65,0.0,10.48,9.38,0.0,6.9,11.1,4.95
5,30,12,141.82,8.86,14.17,0.0,14.17,12.58,12.98,4.59,11.45,10.17,11.64,3.72,12.13,0.0,9.38,11.86,0.0,10.65,13.2,3.3
5,30,13,155.95,9.75,15.37,0.0,15.37,12.78,13.98,3.79,12.91,12.03,13.11,5.38,12.96,0.0,9.93,12.96,0.0,13.05,13.8,3.9
5,30,14,173.02,10.81,15.77,0.0,15.77,12.98,14.37,8.19,13.6,11.64,13.89,10.57,13.51,0.0,13.51,13.79,0.0,12.75,13.95,4.5
5,30,15,172.91,10.81,14.97,0.0,14.97,9.58,14.17,7.99,13.6,13.4,14.09,12.52,13.24,0.0,13.24,12.96,0.0,11.55,13.2,8.4
5,30,16,149.87,9.37,13.5,0.0,13.38,9.18,12.58,4.99,12.82,12.82,13.5,7.43,12.41,0.0,12.13,11.03,0.0,11.1,11.55,4.95
5,30,17,117.21,7.33,11.84,0.0,11.18,6.99,10.38,3.99,11.25,10.37,11.84,3.91,10.75,0.0,10.48,7.17,0.0,8.1,8.55,2.25
5,30,18,82.04,5.13,9.39,0.0,8.39,2.4,7.79,2.8,9.0,7.14,9.39,2.93,8.0,0.0,7.44,3.86,0.0,5.4,6.15,1.35
5,30,19,45.39,2.84,5.77,0.0,4.39,0.6,4.19,2.0,5.48,2.64,5.77,1.86,4.96,0.0,4.14,2.76,0.0,2.1,2.7,1.8
5,30,20,16.27,1.02,1.86,0.0,1.0,0.6,1.2,1.2,1.17,1.17,1.76,1.86,1.38,0.0,1.1,0.83,0.0,1.2,0.9,0.9
5,30,21,2.3,0.14,0.39,0.0,0.0,0.2,0.2,0.0,0.2,0.29,0.29,0.39,0.0,0.0,0.28,0.0,0.0,0.15,0.15,0.15
5,31,7,2.35,0.15,0.3,0.0,0.2,0.2,0.0,0.2,0.1,0.1,0.29,0.1,0.28,0.0,0.0,0.28,0.0,0.15,0.3,0.15
5,31,8,13.92,0.87,1.95,0.0,0.8,0.8,1.0,1.0,0.49,0.88,0.78,0.78,0.83,0.0,0.83,1.38,0.0,1.5,1.95,0.9
5,31,9,46.8,2.92,5.1,0.0,4.19,3.99,3.99,4.59,1.66,1.96,2.54,2.15,3.86,0.0,2.21,4.41,0.0,4.5,5.1,1.65
5,31,10,86.54,5.41,8.19,0.0,8.19,7.79,7.79,4.59,5.38,5.28,5.58,2.54,7.17,0.0,4.96,7.17,0.0,7.95,8.1,4.05
5,31,11,124.83,7.8,11.38,0.0,11.38,10.18,10.58,6.39,8.71,8.41,8.61,4.11,9.93,0.0,8.0,10.48,0.0,10.5,10.95,6.6
5,31,12,151.06,9.44,12.98,0.0,12.98,12.38,11.18,8.39,11.25,10.76,11.45,5.48,11.86,0.0,10.2,12.13,0.0,12.0,12.75,8.25
5,31,13,160.72,10.04,14.37,0.0,14.37,13.58,13.78,9.58,12.72,12.23,11.45,4.21,12.96,0.0,9.93,13.51,0.0,12.6,13.65,6.15
5,31,14,154.12,9.63,14.57,0.0,14.57,6.99,14.37,10.78,12.91,12.03,8.61,6.26,13.51,0.0,8.55,14.34,0.0,12.9,12.45,5.85
5,31,15,148.38,9.27,14.17,0.0,14.17,0.6,13.78,8.58,13.11,11.93,10.96,7.04,13.24,0.0,9.93,13.24,0.0,11.25,13.05,7.5
5,31,16,144.92,9.06,13.24,0.0,12.58,0.2,12.78,7.39,13.01,12.42,11.45,7.43,12.41,0.0,13.24,11.86,0.0,10.95,11.7,7.5
5,31,17,117.52,7.35,11.64,0.0,10.58,0.0,10.58,6.59,11.64,6.36,11.25,6.46,10.75,0.0,11.03,9.93,0.0,6.3,9.3,6.75
5,31,18,91.27,5.7,9.2,0.0,7.99,0.2,8.39,5.19,9.2,7.43,9.1,6.36,8.0,0.0,7.44,6.07,0.0,4.95,5.85,5.1
5,31,19,50.6,3.16,5.48,0.0,4.19,0.0,4.39,2.2,5.48,5.09,5.38,4.21,4.96,0.0,4.14,2.76,0.0,2.4,2.7,2.7
5,31,20,16.18,1.01,1.66,0.0,1.0,0.0,1.4,1.4,1.37,1.66,1.47,0.88,1.1,0.0,1.65,1.1,0.0,1.2,0.9,1.05
5,31,21,2.45,0.15,0.39,0.0,0.2,0.0,0.0,0.2,0.2,0.1,0.2,0.39,0.28,0.0,0.28,0.0,0.0,0.15,0.15,0.3
6,1,7,1.35,0.08,0.2,0.0,0.0,0.2,0.0,0.2,0.1,0.2,0.0,0.2,0.0,0.0,0.0,0.0,0.0,0.15,0.15,0.15
6,1,8,13.87,0.87,1.86,0.0,0.8,1.0,0.6,0.6,0.49,1.17,0.59,1.86,1.1,0.0,1.38,0.83,0.0,1.5,0.45,1.5
6,1,9,39.04,2.44,5.55,0.0,4.19,3.99,0.8,1.2,1.66,3.13,0.98,3.52,3.86,0.0,2.48,3.03,0.0,3.45,1.2,5.55
6,1,10,63.06,3.94,7.99,0.0,7.99,7.59,2.6,2.4,5.28,4.3,1.57,4.89,6.62,0.0,2.76,3.86,0.0,5.55,2.25,5.4
6,1,11,89.27,5.58,10.98,0.0,10.78,10.98,2.0,6.39,8.61,6.16,2.54,5.77,9.93,0.0,4.14,6.07,0.0,5.7,2.85,7.35
6,1,12,107.09,6.69,12.38,0.0,12.38,9.38,3.59,11.38,10.86,8.02,2.84,5.97,11.86,0.0,5.51,9.1,0.0,5.4,3.15,7.65
6,1,13,112.07,7.0,13.38,0.0,13.38,7.59,5.99,12.58,12.23,3.82,4.79,6.75,13.24,0.0,7.17,11.03,0.0,6.15,2.25,5.1
6,1,14,124.54,7.78,15.57,0.0,13.98,10.38,4.39,15.57,12.82,4.5,3.33,7.04,13.51,0.0,12.41,11.31,0.0,6.6,3.6,5.1
6,1,15,128.33,8.02,14.61,0.0,14.17,9.98,4.59,10.18,12.42,7.14,3.91,10.17,13.24,0.0,14.61,6.62,0.0,11.25,2.1,7.95
6,1,16,112.1,7.01,13.51,0.0,12.38,4.39,1.8,5.99,12.03,3.62,6.07,11.84,12.68,0.0,13.51,6.34,0.0,6.45,4.05,10.95
6,1,17,99.1,6.19,11.15,0.0,10.78,7.39,2.2,4.59,11.15,3.72,4.11,10.66,10.75,0.0,11.03,6.07,0.0,6.0,3.15,7.5
6,1,18,84.03,5.25,9.98,0.0,7.99,4.79,2.0,2.8,8.71,7.63,4.6,9.98,6.62,0.0,7.72,6.34,0.0,5.85,4.95,4.05
6,1,19,45.38,2.84,5.28,0.0,4.39,2.4,1.6,2.4,5.28,2.45,4.79,3.82,3.58,0.0,4.14,3.03,0.0,2.55,2.25,2.7
6,1,20,15.69,0.98,1.86,0.0,1.0,1.0,0.6,0.8,1.27,1.37,1.86,1.66,1.38,0.0,1.1,1.1,0.0,0.9,0.6,1.05
6,1,21,1.73,0.11,0.28,0.0,0.0,0.0,0.0,0.2,0.2,0.2,0.2,0.2,0.0,0.0,0.28,0.0,0.0,0.15,0.15,0.15
6,2,7,2.31,0.14,0.4,0.0,0.2,0.4,0.2,0.0,0.1,0.1,0.2,0.1,0.28,0.0,0.0,0.28,0.0,0.15,0.15,0.15
6,2,8,15.75,0.98,2.25,0.0,0.8,1.2,0.8,1.4,0.49,0.98,0.39,0.88,0.83,0.0,1.38,1.65,0.0,1.05,1.65,2.25
6,2,9,47.07,2.94,5.25,0.0,3.99,2.99,2.6,3.59,1.66,2.45,2.05,2.64,3.03,0.0,4.69,3.58,0.0,3.3,5.25,5.25
6,2,10,89.24,5.58,8.7,0.0,7.79,5.99,5.79,3.19,5.28,6.07,4.79,6.26,6.62,0.0,8.27,7.44,0.0,4.65,8.7,8.4
6,2,11,112.1,7.01,10.98,0.0,10.98,9.18,6.79,4.99,8.51,6.85,4.01,6.16,9.38,0.0,10.75,10.2,0.0,6.6,7.5,10.2
6,2,12,136.46,8.53,12.98,0.0,12.98,11.18,9.98,4.99,11.15,7.34,5.67,8.32,11.58,0.0,12.96,12.41,0.0,8.85,10.35,8.7
6,2,13,146.42,9.15,14.61,0.0,13.98,8.39,13.58,8.58,12.62,9.39,3.13,8.9,12.68,0.0,14.61,11.31,0.0,10.35,7.5,11.4
6,2,14,151.78,9.49,15.17,0.0,12.38,12.18,15.17,10.98,12.82,11.25,3.33,7.43,13.24,0.0,14.61,13.79,0.0,8.25,8.85,7.5
6,2,15,159.42,9.96,14.37,0.0,14.37,9.98,14.37,7.39,13.11,12.62,8.41,12.23,13.24,0.0,14.34,12.96,0.0,12.6,8.1,5.7
6,2,16,139.36,8.71,13.24,0.0,11.78,8.58,11.18,4.19,11.64,12.23,7.63,10.27,12.41,0.0,13.24,11.31,0.0,9.3,5.7,9.9
6,2,17,124.22,7.76,11.54,0.0,9.18,6.79,7.59,8.39,9.68,11.54,5.97,9.2,10.75,0.0,10.75,9.93,0.0,8.85,6.15,9.45
6,2,18,85.17,5.32,8.0,0.0,6.99,7.19,3.39,5.79,7.34,7.73,4.3,4.21,8.0,0.0,7.44,6.89,0.0,5.55,4.95,5.4
6,2,19,46.64,2.92,4.96,0.0,3.59,1.8,1.8,3.79,4.79,3.91,3.42,3.33,4.96,0.0,4.14,3.31,0.0,2.4,2.7,2.7
6,2,20,15.89,0.99,1.8,0.0,1.6,0.4,1.2,1.8,1.47,1.47,1.27,0.98,1.1,0.0,1.1,1.1,0.0,0.6,0.75,1.05
6,2,21,3.39,0.21,0.49,0.0,0.2,0.2,0.0,0.2,0.29,0.2,0.49,0.2,0.28,0.0,0.0,0.28,0.0,0.3,0.3,0.45
6,3,7,2.84,0.18,0.3,0.0,0.2,0.0,0.2,0.2,0.2,0.2,0.2,0.2,0.28,0.0,0.28,0.28,0.0,0.15,0.15,0.3
6,3,8,13.73,0.86,2.1,0.0,0.8,0.2,0.6,0.8,0.78,0.39,0.49,0.98,0.83,0.0,1.38,1.38,0.0,1.35,1.65,2.1
6,3,9,43.97,2.75,5.25,0.0,4.19,0.4,2.6,2.99,1.86,1.76,1.96,1.96,3.58,0.0,4.69,3.58,0.0,4.8,5.25,4.35
6,3,10,86.29,5.39,9.15,0.0,7.79,1.6,4.59,7.19,5.48,5.18,5.87,4.01,6.34,0.0,8.27,7.17,0.0,8.25,9.15,5.4
6,3,11,113.49,7.09,12.0,0.0,10.58,1.2,6.19,6.99,8.8,5.67,9.59,7.34,9.38,0.0,10.75,10.75,0.0,10.95,12.0,3.3
6,3,12,138.27,8.64,13.5,0.0,12.98,1.6,7.99,10.38,11.35,6.85,12.42,8.12,11.31,0.0,13.24,11.58,0.0,12.0,13.5,4.95
6,3,13,158.32,9.9,14.37,0.0,14.37,2.2,13.18,11.58,12.13,7.34,13.79,9.39,12.96,0.0,14.34,14.34,0.0,13.8,14.25,4.65
6,3,14,177.14,11.07,15.37,0.0,14.97,3.59,15.37,14.37,13.89,9.2,15.07,10.17,13.79,0.0,14.61,14.61,0.0,13.8,13.95,9.75
6,3,15,163.88,10.24,14.97,0.0,14.17,1.4,14.97,10.58,13.99,9.0,14.58,6.85,13.79,0.0,14.34,14.06,0.0,13.2,13.65,9.3
6,3,16,151.73,9.48,14.58,0.0,13.18,1.0,13.18,7.19,13.4,8.41,14.58,11.84,12.68,0.0,12.96,12.41,0.0,11.55,12.0,7.35
6,3,17,123.02,7.69,12.91,0.0,11.18,0.8,10.18,5.39,11.84,5.38,12.91,9.88,10.48,0.0,10.75,9.93,0.0,9.0,9.9,5.4
6,3,18,93.31,5.83,10.17,0.0,8.19,3.19,6.39,3.99,9.29,6.85,10.17,7.34,7.72,0.0,7.72,5.51,0.0,5.7,6.45,4.8
6,3,19,51.16,3.2,6.16,0.0,4.19,2.8,3.39,2.2,5.58,5.58,6.16,3.03,4.41,0.0,3.86,2.76,0.0,2.25,2.55,2.4
6,3,20,16.68,1.04,1.66,0.0,1.6,1.2,1.0,1.0,1.47,1.37,1.66,1.27,1.38,0.0,1.1,1.38,0.0,0.6,0.75,0.9
6,3,21,2.71,0.17,0.4,0.0,0.0,0.0,0.4,0.2,0.2,0.2,0.2,0.2,0.28,0.0,0.0,0.28,0.0,0.3,0.3,0.15
6,4,7,3.03,0.19,0.6,0.0,0.2,0.2,0.0,0.0,0.2,0.2,0.2,0.29,0.28,0.0,0.28,0.28,0.0,0.15,0.15,0.6
6,4,8,14.35,0.9,1.5,0.0,0.8,1.0,1.0,1.4,0.98,0.88,0.49,0.49,1.1,0.0,1.38,1.38,0.0,1.05,1.5,0.9
6,4,9,46.81,2.93,5.4,0.0,2.99,3.39,4.39,4.39,2.25,2.35,1.86,1.86,3.58,0.0,4.96,4.14,0.0,3.6,5.4,1.65
6,4,10,84.86,5.3,9.15,0.0,4.19,6.99,8.58,5.99,4.21,4.4,5.77,3.52,6.62,0.55,8.55,5.24,0.0,7.65,9.15,3.45
6,4,11,125.79,7.86,11.85,0.0,3.79,9.58,11.58,8.19,6.36,6.65,9.59,7.24,9.38,4.96,11.03,7.44,0.0,8.85,11.85,9.3
6,4,12,140.21,8.76,13.65,0.0,2.4,13.38,13.58,8.19,3.62,5.67,12.23,11.54,11.86,5.24,12.96,7.44,0.0,4.95,13.5,13.65
6,4,13,152.98,9.56,14.77,0.0,3.39,11.38,14.77,7.19,3.52,7.04,14.18,13.7,13.79,7.72,14.06,7.44,0.0,6.9,14.25,13.65
6,4,14,171.03,10.69,15.17,0.0,6.79,10.78,15.17,11.18,4.7,10.37,14.97,13.01,14.06,11.03,14.61,12.41,0.0,4.05,14.4,13.5
6,4,15,178.11,11.13,15.16,0.0,4.39,9.38,14.37,12.38,8.51,12.13,15.16,14.58,12.68,12.96,14.06,12.41,0.0,8.1,13.65,13.35
6,4,16,166.51,10.41,14.28,0.0,5.59,10.38,13.18,6.59,13.7,12.13,14.28,13.4,5.51,12.96,12.68,11.31,0.0,10.95,12.0,11.85
6,4,17,146.52,9.16,12.62,0.0,5.59,6.59,11.18,9.58,12.03,10.47,12.62,10.57,8.0,11.31,10.75,9.93,0.0,9.0,9.6,9.3
6,4,18,110.98,6.94,9.78,0.0,6.19,4.59,8.19,7.79,8.8,9.1,9.78,8.22,7.44,8.55,7.44,6.89,0.0,5.55,6.45,6.0
6,4,19,62.18,3.89,6.16,0.0,4.99,3.39,4.19,4.59,4.79,5.58,6.16,5.28,3.86,4.41,3.86,3.58,0.0,2.4,2.7,2.4
6,4,20,20.32,1.27,2.05,0.0,1.6,1.4,1.2,1.0,1.37,1.47,2.05,1.57,1.65,1.38,1.38,1.1,0.0,0.75,1.65,0.75
6,4,21,2.89,0.18,0.39,0.0,0.2,0.2,0.0,0.0,0.39,0.2,0.39,0.2,0.28,0.28,0.0,0.0,0.0,0.15,0.3,0.3
6,5,7,2.31,0.14,0.28,0.0,0.2,0.2,0.2,0.2,0.1,0.2,0.2,0.0,0.0,0.0,0.28,0.28,0.0,0.15,0.15,0.15
6,5,8,15.1,0.94,1.65,0.0,1.0,0.6,0.6,1.2,0.68,0.49,0.49,0.0,1.38,1.1,1.38,1.38,0.0,1.5,1.65,1.65
6,5,9,49.93,3.12,5.25,0.0,2.99,4.19,4.39,1.0,2.15,1.86,1.96,0.0,3.86,3.86,4.41,4.41,0.0,4.95,5.25,4.65
6,5,10,88.5,5.53,8.7,0.0,3.19,7.99,8.19,2.4,4.4,5.38,5.67,0.0,6.89,6.62,8.0,7.72,0.0,8.4,8.7,4.95
6,5,11,129.99,8.12,11.55,0.0,7.39,10.18,11.38,4.99,7.92,7.63,9.2,0.0,9.1,9.65,10.75,10.75,0.0,11.25,11.55,8.25
6,5,12,156.68,9.79,13.78,0.0,10.58,13.18,13.78,6.19,9.0,11.15,12.03,0.0,10.75,11.86,10.48,12.13,0.0,11.85,12.9,10.8
6,5,13,173.65,10.85,14.57,0.0,10.18,14.37,14.57,12.58,9.68,11.93,13.7,0.0,11.58,13.24,13.51,13.51,0.0,8.1,13.8,12.9
6,5,14,184.33,11.52,14.77,0.0,9.58,14.77,14.57,13.78,12.62,13.01,14.38,0.0,13.51,14.61,14.34,14.06,0.0,7.5,13.8,13.8
6,5,15,184.64,11.54,14.61,0.0,13.18,13.98,13.98,13.18,14.58,10.66,14.38,0.0,13.24,14.61,13.79,13.51,0.0,9.45,13.05,13.05
6,5,16,174.94,10.93,13.78,0.0,13.78,12.98,12.98,12.78,12.42,13.4,13.7,0.0,10.2,13.24,12.68,12.13,0.0,11.7,11.55,11.4
6,5,17,151.62,9.48,12.23,0.0,10.98,10.78,8.78,10.78,11.74,12.03,12.23,0.0,10.48,11.31,10.48,9.93,4.95,8.85,9.45,8.85
6,5,18,113.48,7.09,9.78,0.0,6.99,7.79,8.39,7.99,9.78,9.49,9.68,0.0,8.27,8.27,7.44,6.89,4.95,5.85,6.0,5.7
6,5,19,60.39,3.77,5.87,0.0,3.59,4.19,4.59,4.19,5.48,5.77,5.87,0.0,4.96,4.41,3.86,3.58,2.55,2.25,2.55,2.55
6,5,20,18.49,1.16,2.0,0.0,2.0,1.6,1.0,1.0,1.27,1.57,1.66,0.0,1.38,1.38,1.38,1.1,1.05,0.75,0.6,0.75
6,5,21,2.75,0.17,0.3,0.0,0.2,0.2,0.0,0.2,0.29,0.2,0.2,0.0,0.28,0.0,0.28,0.0,0.15,0.3,0.3,0.15
6,6,7,2.33,0.15,0.3,0.0,0.2,0.0,0.2,0.2,0.1,0.2,0.2,0.2,0.0,0.0,0.0,0.28,0.15,0.15,0.15,0.3
6,6,8,16.49,1.03,1.65,0.0,1.2,0.8,0.8,0.8,0.59,0.98,0.49,0.98,1.1,0.0,1.65,1.1,1.65,1.5,1.65,1.2
6,6,9,50.3,3.14,5.25,0.0,2.6,2.6,4.19,2.8,1.86,2.45,1.76,1.96,3.86,0.0,4.41,4.41,4.8,5.25,5.25,2.1
6,6,10,100.11,6.26,9.0,0.0,6.59,6.59,7.99,4.19,4.5,5.28,5.58,5.58,6.89,0.0,8.0,7.72,9.0,7.05,8.7,6.45
6,6,11,145.35,9.08,11.25,4.69,5.59,10.98,10.98,7.59,6.55,8.71,9.1,8.9,9.93,4.69,10.75,10.48,8.25,10.8,11.25,10.8
6,6,12,180.69,11.29,13.18,7.19,7.19,11.98,13.18,11.38,7.24,10.08,11.84,11.54,12.41,11.58,12.41,11.86,10.5,12.15,12.9,12.45
6,6,13,186.99,11.69,14.17,4.6,6.79,10.58,14.17,13.58,4.6,10.08,13.4,12.42,13.79,13.24,13.51,11.03,9.75,13.05,13.8,13.2
6,6,14,192.58,12.04,14.89,5.59,5.59,9.98,14.57,13.38,7.43,11.35,14.18,13.5,14.89,14.34,14.06,11.31,7.05,13.8,13.65,13.5
6,6,15,188.87,11.8,14.34,2.4,2.4,12.78,14.17,9.98,9.68,13.3,14.28,13.21,14.34,14.06,13.51,13.51,7.95,12.3,13.05,10.35
6,6,16,162.59,10.16,13.6,2.0,2.0,11.98,12.98,7.59,5.28,7.83,13.6,10.57,13.24,13.51,12.13,12.13,8.25,9.75,11.55,10.2
6,6,17,131.42,8.21,12.13,1.8,1.8,6.99,10.78,10.18,3.13,8.02,12.13,9.39,11.31,11.31,10.48,9.65,3.3,6.6,9.3,7.05
6,6,18,95.07,5.94,9.78,1.2,1.4,4.39,8.19,5.19,2.15,6.07,9.78,9.0,8.55,7.72,7.44,6.89,1.2,5.55,6.0,5.55
6,6,19,51.75,3.23,5.97,0.6,0.6,2.6,4.19,4.19,1.27,2.54,5.97,5.87,4.41,4.69,3.86,3.31,0.6,2.55,2.4,2.7
6,6,20,18.64,1.16,1.65,0.2,0.2,1.4,1.2,1.4,1.47,0.98,1.57,1.47,1.65,1.65,1.1,1.1,0.75,1.2,0.75,0.75
6,6,21,2.88,0.18,0.39,0.0,0.0,0.2,0.2,0.2,0.39,0.2,0.2,0.2,0.0,0.28,0.28,0.28,0.0,0.15,0.15,0.15
6,7,7,2.13,0.13,0.3,0.0,0.2,0.0,0.0,0.2,0.2,0.1,0.2,0.2,0.28,0.0,0.0,0.0,0.3,0.0,0.3,0.15
6,7,8,14.71,0.92,1.65,0.0,1.2,0.4,0.8,0.8,0.49,0.88,0.39,0.49,1.1,0.0,1.38,1.38,1.65,0.75,1.5,1.5
6,7,9,50.44,3.15,5.25,0.0,3.39,1.0,4.19,3.99,1.86,2.25,1.86,1.66,3.86,0.0,4.69,4.14,5.1,2.4,5.25,4.8
6,7,10,86.74,5.42,8.7,0.0,3.99,2.2,7.99,7.79,4.21,2.05,5.67,5.48,6.89,0.0,8.0,7.72,4.5,3.15,8.7,8.4
6,7,11,128.53,8.03,11.55,0.0,4.59,1.8,10.98,10.58,8.51,6.36,9.2,8.9,10.2,0.0,10.48,10.48,8.85,5.25,11.55,10.8
6,7,12,153.1,9.57,13.05,0.0,10.38,3.99,12.98,12.78,6.75,5.28,11.93,11.54,12.41,0.0,12.13,12.13,10.8,4.35,13.05,12.6
6,7,13,183.1,11.44,13.98,0.0,13.38,9.78,13.98,13.98,13.6,7.04,13.6,13.21,13.51,0.0,12.96,13.51,11.4,6.0,13.8,13.35
6,7,14,183.88,11.49,14.77,0.0,14.57,7.79,14.77,14.37,12.03,5.97,14.48,14.09,14.06,0.0,13.24,13.51,11.55,6.3,13.8,13.35
6,7,15,185.38,11.59,14.38,0.0,10.98,11.78,14.17,13.78,12.23,9.2,14.38,14.09,14.34,0.0,13.24,13.24,13.2,4.8,13.2,12.75
6,7,16,176.77,11.05,13.6,0.0,10.38,10.58,12.98,12.58,13.5,10.27,13.6,13.5,13.24,0.0,12.13,11.86,9.6,9.45,11.7,11.4
6,7,17,149.55,9.35,12.82,0.0,5.39,10.18,10.78,10.58,12.82,7.63,12.33,11.93,11.31,0.0,10.2,9.65,9.3,9.3,9.3,8.85
6,7,18,109.96,6.87,9.98,0.0,3.99,8.58,7.99,7.99,9.98,6.95,9.88,9.49,8.55,0.0,7.44,6.62,6.15,4.65,6.0,5.7
6,7,19,64.4,4.03,6.16,0.0,4.99,4.59,4.39,3.79,6.16,5.97,6.16,5.87,4.96,0.0,3.86,3.31,2.7,2.7,2.55,2.4
6,7,20,18.39,1.15,1.8,0.0,1.2,1.8,1.2,1.4,1.66,1.66,1.57,1.47,1.38,0.0,1.1,1.1,0.75,0.75,0.75,0.6
6,7,21,2.95,0.18,0.3,0.0,0.2,0.2,0.0,0.2,0.2,0.2,0.29,0.2,0.28,0.0,0.28,0.0,0.3,0.15,0.3,0.15
6,8,7,2.33,0.15,0.3,0.0,0.2,0.2,0.2,0.2,0.2,0.2,0.1,0.0,0.0,0.0,0.0,0.28,0.15,0.3,0.15,0.15
6,8,8,16.63,1.04,1.95,0.0,0.8,0.6,0.8,0.6,0.49,0.68,0.49,0.98,1.38,0.0,1.38,1.38,1.65,1.95,1.65,1.8
6,8,9,53.18,3.32,5.55,0.0,4.19,4.19,4.39,2.2,1.96,1.76,1.86,2.25,3.58,0.0,4.69,4.41,5.55,4.65,5.25,2.25
6,8,10,100.46,6.28,9.15,0.0,8.58,8.39,8.19,3.99,5.77,4.89,5.77,3.72,7.17,0.0,7.72,7.17,7.8,7.05,9.15,5.1
6,8,11,146.11,9.13,11.78,0.0,11.78,11.58,10.98,5.19,9.49,8.71,9.2,6.55,9.65,0.0,10.48,10.2,11.7,8.85,11.7,10.05
6,8,12,173.67,10.85,13.78,0.0,13.58,13.78,13.18,5.39,12.03,8.61,12.13,11.15,11.58,0.0,12.13,12.41,12.45,10.5,13.05,11.7
6,8,13,182.8,11.43,14.97,0.0,14.97,10.98,14.37,5.79,13.79,10.37,13.79,13.11,13.51,0.0,12.96,12.96,9.9,12.6,13.8,9.9
6,8,14,197.73,12.36,15.07,0.0,14.57,12.18,14.77,5.99,15.07,14.87,14.28,11.64,14.06,0.0,13.51,13.24,14.55,12.75,13.8,12.45
6,8,15,192.38,12.02,14.77,0.0,12.78,14.77,14.37,5.59,14.28,14.67,14.38,10.96,13.51,0.0,13.24,12.68,13.65,13.2,13.2,11.1
6,8,16,175.65,10.98,13.89,0.0,12.78,12.98,12.98,5.99,11.54,13.89,13.79,13.3,13.24,0.0,12.13,11.03,8.4,11.7,11.7,10.2
6,8,17,153.33,9.58,12.33,0.0,8.78,11.58,11.18,5.59,12.03,12.13,12.33,11.93,11.58,0.0,10.48,8.82,9.0,9.15,9.45,9.3
6,8,18,111.32,6.96,9.78,0.0,8.19,8.19,7.99,3.19,9.39,9.59,9.78,9.49,8.27,0.0,7.17,6.07,6.6,5.7,6.0,5.7
6,8,19,61.65,3.85,6.16,0.0,3.39,5.19,4.39,2.8,5.87,5.77,6.16,5.77,4.96,0.0,3.31,4.14,2.4,2.4,2.7,2.4
6,8,20,18.56,1.16,1.66,0.0,1.2,1.2,1.2,0.8,1.66,1.66,1.57,1.47,1.65,0.0,1.65,1.65,0.75,0.75,0.6,0.75
6,8,21,3.58,0.22,0.6,0.0,0.6,0.2,0.0,0.0,0.29,0.2,0.2,0.2,0.28,0.0,0.28,0.28,0.3,0.3,0.3,0.15
6,9,7,2.31,0.14,0.3,0.0,0.2,0.0,0.2,0.0,0.1,0.2,0.2,0.1,0.0,0.0,0.28,0.28,0.15,0.15,0.3,0.15
6,9,8,16.09,1.01,1.65,0.0,1.0,0.8,0.8,0.8,0.49,0.88,0.59,0.88,1.1,0.0,1.65,1.1,1.65,1.5,1.35,1.5
6,9,9,55.52,3.47,5.25,0.0,3.59,4.19,4.19,3.79,1.96,2.35,2.15,1.86,4.14,0.0,4.14,4.41,5.25,4.8,4.05,4.65
6,9,10,108.16,6.76,9.0,0.0,8.58,7.99,7.99,7.79,5.67,5.67,5.67,5.58,6.89,0.0,4.69,7.44,9.0,8.4,8.55,8.25
6,9,11,154.98,9.69,11.85,0.0,11.38,11.18,10.98,10.78,9.59,8.8,9.29,8.9,9.93,0.0,8.82,10.48,11.25,10.95,11.85,10.8
6,9,12,184.83,11.55,13.78,0.0,13.78,12.98,13.18,12.78,11.74,11.74,11.54,11.64,11.86,0.0,12.41,12.13,11.55,12.6,12.6,12.3
6,9,13,195.99,12.25,14.57,0.0,14.57,13.98,14.17,13.98,13.5,12.82,9.29,13.3,13.51,0.0,13.51,12.96,13.65,13.35,10.2,13.2
6,9,14,204.5,12.78,14.97,0.0,10.98,14.97,14.37,14.17,14.48,13.7,13.7,13.99,14.34,0.0,13.79,13.51,13.5,12.9,12.75,13.35
6,9,15,200.49,12.53,14.87,0.0,10.18,13.58,13.78,13.78,14.87,14.48,13.4,13.99,14.34,0.0,13.51,12.68,13.8,12.9,12.6,12.6
6,9,16,180.18,11.26,13.89,0.0,8.19,10.78,12.58,12.18,13.89,13.7,13.21,13.4,12.96,0.0,12.41,11.58,11.55,11.4,11.4,10.95
6,9,17,152.74,9.55,12.23,0.0,6.59,10.38,10.78,10.38,12.23,12.13,11.84,11.84,11.31,0.0,10.48,9.38,8.25,9.15,9.15,8.85
6,9,18,113.93,7.12,9.88,0.0,8.58,7.79,7.99,7.59,9.88,9.49,9.59,9.39,8.27,0.0,7.44,6.62,3.9,5.85,5.85,5.7
6,9,19,59.6,3.72,6.07,0.0,3.59,2.8,3.99,4.19,5.09,5.97,6.07,5.87,4.96,0.0,3.86,3.31,2.4,2.55,2.55,2.4
6,9,20,18.25,1.14,1.86,0.0,1.2,1.8,1.0,0.8,1.17,1.86,1.57,1.57,1.65,0.0,1.1,1.38,0.9,0.9,0.75,0.6
6,9,21,3.29,0.21,0.3,0.0,0.2,0.2,0.2,0.2,0.2,0.1,0.29,0.29,0.28,0.0,0.28,0.0,0.3,0.15,0.3,0.3
6,10,7,2.21,0.14,0.3,0.0,0.2,0.0,0.0,0.0,0.2,0.2,0.2,0.1,0.0,0.0,0.28,0.28,0.15,0.15,0.3,0.15
6,10,8,15.18,0.95,1.5,0.0,0.8,1.0,0.8,0.8,0.59,0.68,0.59,0.49,1.1,0.0,1.38,1.1,1.5,1.5,1.5,1.35
6,10,9,54.49,3.41,4.95,0.0,4.19,3.99,3.99,3.79,1.76,2.15,2.05,1.66,3.86,0.0,4.14,3.86,4.65,4.95,4.8,4.65
6,10,10,107.92,6.74,8.85,0.0,7.99,7.79,7.79,7.59,5.67,5.58,5.38,5.18,6.89,0.0,7.72,6.89,8.85,8.55,8.1,7.95
6,10,11,148.8,9.3,11.7,0.0,11.58,10.78,10.18,10.18,9.29,9.39,8.41,8.61,8.55,0.0,10.2,9.93,11.7,9.45,10.2,10.35
6,10,12,182.94,11.43,13.78,0.0,13.78,12.98,12.58,12.18,12.33,11.25,11.45,11.15,11.58,0.0,12.13,11.58,13.35,12.3,12.45,11.85
6,10,13,198.99,12.44,15.37,0.0,15.37,13.98,13.78,13.18,13.6,10.86,13.01,12.82,13.79,0.0,13.24,12.41,14.25,12.75,13.35,12.6
6,10,14,200.78,12.55,15.57,0.0,15.57,13.98,13.78,13.58,14.77,11.54,13.7,13.4,14.61,0.0,13.79,12.41,14.25,9.6,13.35,12.45
6,10,15,200.92,12.56,14.77,0.0,14.57,14.37,13.58,12.98,14.77,12.72,13.6,13.5,14.61,0.0,13.24,12.13,13.5,12.75,12.6,12.0
6,10,16,185.06,11.57,14.18,0.0,13.58,12.98,12.38,12.38,14.18,11.45,13.4,12.91,13.24,0.0,12.68,11.03,12.0,10.95,11.25,10.65
6,10,17,154.48,9.66,12.52,0.0,11.18,10.58,8.58,10.38,12.52,12.23,12.03,11.45,11.58,0.0,10.48,8.82,9.6,9.0,7.5,8.55
6,10,18,112.39,7.02,9.88,0.0,7.59,8.19,4.79,7.59,9.88,9.68,9.39,9.1,8.55,0.0,7.44,6.34,6.3,5.85,6.15,5.55
6,10,19,60.56,3.78,6.26,0.0,4.79,4.39,3.39,3.99,6.26,5.87,4.11,5.58,4.96,0.0,3.86,3.31,2.55,2.55,2.7,2.25
6,10,20,18.31,1.14,1.76,0.0,1.2,1.2,1.2,1.0,1.76,1.66,1.66,1.47,1.38,0.0,1.38,1.1,0.75,0.75,1.05,0.75
6,10,21,3.13,0.2,0.3,0.0,0.0,0.2,0.2,0.2,0.2,0.29,0.29,0.29,0.28,0.0,0.28,0.0,0.3,0.15,0.15,0.3
6,11,7,2.23,0.14,0.3,0.0,0.2,0.0,0.2,0.2,0.1,0.2,0.2,0.1,0.0,0.0,0.0,0.28,0.15,0.15,0.3,0.15
6,11,8,16.11,1.01,1.65,0.0,1.0,0.6,1.2,1.0,0.39,0.98,0.88,0.68,1.1,0.0,1.65,1.38,1.05,1.05,1.65,1.5
6,11,9,50.88,3.18,4.8,0.0,4.39,2.2,4.19,3.79,1.57,2.64,1.66,1.86,3.86,0.0,4.41,4.41,4.5,2.25,4.8,4.35
6,11,10,89.35,5.58,8.58,0.0,8.58,3.59,7.39,7.39,6.36,2.93,2.64,5.09,6.89,0.0,8.27,6.07,8.4,3.6,4.5,7.65
6,11,11,130.2,8.14,12.18,0.0,12.18,3.79,10.58,10.18,9.59,5.09,5.67,8.41,9.93,0.0,10.48,9.65,10.5,6.0,7.95,10.2
6,11,12,162.13,10.13,13.58,0.0,13.58,3.39,12.78,11.78,12.23,5.18,11.54,11.15,11.86,0.0,12.96,11.58,13.35,6.6,12.3,11.85
6,11,13,175.08,10.94,14.4,0.55,13.98,3.19,13.98,10.18,14.09,5.97,13.01,12.72,13.24,0.55,14.06,12.41,14.4,7.5,13.05,12.75
6,11,14,199.69,12.48,16.17,5.19,16.17,5.19,14.17,13.38,15.36,8.41,13.99,13.21,13.79,10.2,14.61,11.86,14.55,9.3,12.9,12.6
6,11,15,184.36,11.52,15.36,4.4,14.77,6.79,12.58,12.58,15.36,4.4,9.78,13.11,13.79,11.03,14.06,11.86,13.95,6.6,11.7,12.0
6,11,16,171.89,10.74,14.48,5.67,13.98,7.59,5.99,11.58,14.48,5.67,13.01,12.62,12.68,8.55,12.96,10.48,12.45,8.25,11.1,10.5
6,11,17,143.29,8.96,12.91,1.6,11.98,5.39,1.6,9.98,12.91,6.07,11.54,11.25,11.03,7.44,10.75,8.55,9.9,8.4,8.1,8.4
6,11,18,106.47,6.65,10.27,2.6,8.98,3.99,2.6,7.19,10.27,5.87,9.1,8.8,8.0,5.79,7.44,5.79,6.3,5.4,5.55,5.4
6,11,19,61.57,3.85,6.16,1.8,4.79,4.39,1.8,3.79,6.16,2.64,5.38,5.38,5.24,3.58,4.14,3.03,2.7,3.45,2.55,2.55
6,11,20,19.94,1.25,1.86,0.0,1.2,1.2,0.0,1.2,1.76,1.47,1.66,1.86,1.38,1.38,1.1,1.38,0.75,1.35,1.05,1.2
6,11,21,3.7,0.23,0.39,0.0,0.2,0.2,0.0,0.2,0.29,0.29,0.39,0.39,0.28,0.28,0.28,0.0,0.3,0.15,0.15,0.3
6,12,7,2.11,0.13,0.3,0.0,0.0,0.0,0.2,0.2,0.1,0.1,0.1,0.1,0.28,0.0,0.0,0.28,0.15,0.15,0.3,0.15
6,12,8,15.99,1.0,1.65,0.4,0.8,0.4,1.4,0.8,0.49,0.78,0.68,0.68,1.1,1.1,0.83,1.38,1.65,0.9,1.65,1.35
6,12,9,48.64,3.04,5.25,1.5,4.39,2.4,2.6,3.59,1.86,2.15,1.86,1.96,3.86,3.03,2.21,3.58,5.25,1.5,4.05,4.35
6,12,10,91.35,5.71,9.15,2.2,8.78,2.2,5.19,6.79,5.77,4.4,4.99,4.99,6.62,3.86,4.14,6.62,9.15,4.5,6.0,7.35
6,12,11,132.79,8.3,11.98,4.5,11.98,5.19,5.59,9.58,9.39,4.6,7.92,8.12,9.65,6.07,8.0,9.65,11.85,4.5,10.65,10.05
6,12,12,154.63,9.66,13.98,4.05,13.98,5.99,4.19,11.78,12.42,7.43,10.17,10.47,11.58,6.89,8.82,11.31,13.5,4.05,10.2,11.85
6,12,13,175.61,10.98,15.37,2.8,15.37,2.8,12.58,12.58,14.09,7.24,12.52,11.84,12.68,7.17,9.93,12.41,14.4,7.2,10.35,12.45
6,12,14,188.85,11.8,15.57,3.59,15.57,3.59,12.78,13.18,15.07,8.41,11.93,12.62,14.06,9.1,12.13,12.41,14.55,10.35,10.65,12.45
6,12,15,195.7,12.23,15.16,7.35,14.97,9.78,14.17,12.78,15.16,9.59,12.72,12.82,13.79,12.96,9.65,11.86,13.95,7.35,12.3,11.85
6,12,16,179.57,11.22,14.67,5.51,13.58,10.98,12.38,11.38,14.67,9.0,12.33,11.84,12.68,13.79,5.51,10.48,12.3,7.35,11.1,10.2
6,12,17,152.06,9.5,12.82,3.0,11.78,7.79,10.58,9.78,12.82,7.04,9.29,10.86,11.03,11.31,10.48,8.55,10.05,3.0,9.6,8.1
6,12,18,110.51,6.91,10.17,3.62,8.19,4.79,7.99,6.99,10.17,9.2,3.62,8.61,8.27,8.82,6.34,6.07,6.3,6.0,3.75,5.4
6,12,19,59.85,3.74,6.26,2.2,4.79,2.2,2.8,3.79,6.26,4.01,4.11,5.28,4.96,4.41,3.86,3.03,2.7,2.25,2.85,2.55
6,12,20,22.26,1.39,2.64,0.2,1.4,1.6,0.2,1.2,1.86,1.66,2.64,1.66,1.38,1.1,1.38,1.38,0.9,0.9,1.95,1.05
6,12,21,4.04,0.25,0.49,0.0,0.2,0.2,0.0,0.2,0.2,0.29,0.49,0.29,0.28,0.28,0.28,0.28,0.15,0.15,0.45,0.3
6,13,7,2.46,0.15,0.3,0.0,0.0,0.0,0.2,0.2,0.2,0.1,0.1,0.2,0.0,0.0,0.28,0.28,0.3,0.3,0.15,0.15
6,13,8,15.63,0.98,1.5,0.4,0.4,0.8,0.6,1.0,0.49,0.59,0.68,0.68,1.1,1.38,0.83,1.38,1.35,1.5,1.5,1.35
6,13,9,54.02,3.38,5.1,1.96,2.2,2.8,4.19,3.79,1.96,2.25,2.05,1.96,4.14,3.31,3.31,3.31,5.1,4.95,4.35,4.35
6,13,10,94.98,5.94,8.1,3.19,4.19,3.19,4.99,6.99,4.99,6.07,5.18,4.99,6.89,5.79,5.79,6.07,6.45,7.8,8.1,7.5
6,13,11,140.72,8.8,10.8,5.59,8.19,6.99,5.59,9.18,7.63,8.71,8.41,8.22,10.2,8.55,10.2,9.1,8.1,10.8,10.8,10.05
6,13,12,165.21,10.33,12.98,3.79,12.98,3.79,8.98,11.38,10.17,5.28,10.96,10.47,11.86,10.75,12.41,11.03,12.0,9.0,12.6,11.55
6,13,13,193.83,12.11,15.17,4.6,15.17,4.79,14.37,12.98,11.93,4.6,12.62,11.93,13.79,12.13,13.24,12.13,13.8,14.4,13.5,12.45
6,13,14,194.37,12.15,15.77,4.01,15.77,6.59,12.38,12.78,10.66,4.01,13.3,12.62,14.89,12.68,14.06,12.13,12.9,13.2,13.65,12.75
6,13,15,182.65,11.42,15.17,4.7,15.17,6.79,6.19,12.38,13.99,4.7,10.17,12.62,10.48,14.34,13.24,11.58,13.95,11.7,13.2,12.15
6,13,16,184.73,11.55,13.78,3.52,13.78,8.98,12.78,11.18,13.3,3.52,12.82,11.74,12.96,13.51,12.41,10.2,12.6,12.6,11.55,10.8
6,13,17,153.89,9.62,12.42,4.79,11.38,6.19,8.98,9.38,12.42,4.79,11.35,10.57,11.58,11.58,10.2,8.27,9.75,9.75,9.15,8.55
6,13,18,112.34,7.02,9.49,1.6,8.98,5.99,1.6,6.99,8.9,9.49,9.0,8.32,8.55,7.44,7.72,5.51,6.15,6.15,6.0,5.55
6,13,19,61.78,3.86,6.55,0.4,4.79,2.99,0.4,3.99,6.55,5.77,5.48,4.89,4.69,4.69,3.86,3.03,2.7,2.55,2.55,2.85
6,13,20,22.18,1.39,1.96,0.75,1.2,1.4,0.8,1.6,1.96,1.66,1.66,1.66,1.65,1.93,1.38,1.38,0.75,0.9,1.05,1.2
6,13,21,5.29,0.33,0.55,0.15,0.2,0.4,0.4,0.4,0.2,0.2,0.29,0.49,0.55,0.55,0.28,0.28,0.3,0.3,0.15,0.3
6,14,7,1.97,0.12,0.3,0.0,0.0,0.2,0.0,0.2,0.29,0.2,0.2,0.0,0.0,0.0,0.0,0.28,0.15,0.15,0.3,0.0
6,14,8,15.48,0.97,1.65,0.0,0.8,0.8,0.8,1.2,0.49,0.59,0.59,0.98,1.1,0.0,1.65,1.38,1.65,1.35,1.5,0.6
6,14,9,53.81,3.36,4.95,1.66,4.59,4.19,3.99,3.39,1.66,1.76,1.86,2.54,3.86,2.48,4.41,3.03,4.35,4.95,4.65,2.1
6,14,10,99.61,6.23,8.4,3.6,7.19,6.59,7.79,6.39,4.7,5.58,4.6,5.38,6.34,5.51,8.0,6.34,5.1,8.4,8.1,3.6
6,14,11,134.56,8.41,10.78,5.1,10.78,7.79,10.38,8.19,5.28,8.71,8.32,8.02,7.17,8.55,10.75,8.82,5.1,10.2,10.65,5.85
6,14,12,161.96,10.12,12.68,5.48,9.18,10.38,12.58,11.18,5.48,8.61,10.37,10.57,8.27,10.48,12.68,10.48,6.75,10.5,12.45,12.0
6,14,13,167.21,10.45,13.79,1.65,9.58,10.78,13.78,11.58,5.18,6.36,12.13,12.42,7.72,12.41,13.79,11.58,1.65,11.7,13.35,13.2
6,14,14,180.87,11.3,14.34,4.59,4.59,11.98,13.78,13.58,9.1,6.16,13.4,12.82,10.75,13.51,14.34,11.86,5.7,12.45,13.65,13.2
6,14,15,190.43,11.9,14.34,5.59,5.59,10.78,13.58,12.98,13.6,12.52,13.4,12.13,7.72,14.34,14.06,11.58,10.65,12.6,12.9,12.0
6,14,16,175.54,10.97,13.51,3.19,7.59,3.19,12.58,11.38,9.78,13.01,12.82,12.13,13.51,13.51,12.96,10.48,8.55,11.85,11.4,10.8
6,14,17,144.61,9.04,12.03,2.99,3.39,2.99,10.58,10.38,11.25,12.03,11.54,10.76,11.31,11.31,10.75,7.72,6.15,6.9,8.85,8.7
6,14,18,108.37,6.77,9.68,1.8,3.59,1.8,7.99,6.99,8.71,9.68,9.2,8.51,8.82,8.82,7.72,5.24,3.75,6.15,5.85,5.55
6,14,19,64.54,4.03,6.75,1.8,3.99,1.8,4.39,4.19,6.75,6.07,5.77,4.99,4.96,4.69,3.86,3.03,2.25,2.55,2.55,2.7
6,14,20,20.84,1.3,1.86,0.75,1.6,1.0,0.8,1.2,1.76,1.66,1.57,1.86,1.65,1.38,1.38,1.38,0.75,0.75,0.75,1.35
6,14,21,4.48,0.28,0.49,0.2,0.2,0.2,0.2,0.2,0.29,0.29,0.29,0.49,0.28,0.28,0.28,0.28,0.3,0.3,0.3,0.3
6,15,7,2.56,0.16,0.28,0.0,0.2,0.2,0.2,0.2,0.2,0.1,0.2,0.1,0.28,0.0,0.0,0.28,0.15,0.15,0.15,0.15
6,15,8,15.51,0.97,1.65,0.0,1.0,1.4,0.8,0.6,0.49,0.49,0.59,0.98,1.1,0.0,0.83,1.38,1.65,1.5,1.5,1.2
6,15,9,49.27,3.08,5.1,0.0,4.19,4.19,3.99,2.0,1.96,1.66,1.86,2.45,3.86,0.0,1.93,3.03,5.1,4.8,4.65,3.6
6,15,10,87.8,5.49,8.25,0.0,6.39,7.99,7.79,5.79,5.18,5.09,5.18,3.33,6.89,0.0,2.76,4.41,6.3,8.25,7.95,4.5
6,15,11,123.14,7.7,10.98,0.0,10.58,9.18,10.98,7.39,8.41,7.73,8.51,5.97,9.65,0.0,6.07,7.17,10.05,4.5,10.5,6.45
6,15,12,154.8,9.67,14.37,0.0,14.37,6.99,12.98,10.18,7.14,8.12,10.27,9.2,12.13,0.0,7.44,9.93,13.95,9.9,12.6,9.6
6,15,13,158.98,9.94,14.55,0.0,10.38,9.98,13.78,11.18,7.92,6.75,11.84,11.15,13.79,0.0,8.0,11.31,14.55,5.4,11.7,11.25
6,15,14,160.68,10.04,14.37,0.0,11.18,6.59,14.37,11.98,5.97,10.17,11.15,9.39,14.34,0.0,12.41,11.58,14.1,5.85,12.15,9.45
6,15,15,156.4,9.78,15.17,0.0,15.17,4.79,11.18,11.58,5.09,9.2,12.42,12.52,14.34,0.0,11.86,9.1,10.2,7.8,10.05,11.1
6,15,16,146.52,9.16,13.24,0.0,10.58,8.58,11.78,9.78,11.74,11.93,12.82,4.3,13.24,0.0,12.41,2.76,11.55,11.1,10.05,3.9
6,15,17,114.23,7.14,12.42,0.0,11.58,6.79,2.0,5.99,12.42,12.13,8.51,1.47,11.31,0.0,10.75,2.48,9.75,9.9,7.95,1.2
6,15,18,76.47,4.78,9.88,0.0,8.58,3.19,0.0,0.8,9.88,7.73,8.32,1.17,8.55,0.0,7.44,2.21,6.3,5.4,5.7,1.2
6,15,19,47.09,2.94,6.26,0.0,4.39,2.0,0.4,0.6,6.26,3.82,3.52,2.74,4.69,0.0,4.14,3.58,2.7,2.85,3.0,2.4
6,15,20,20.47,1.28,2.05,0.0,1.2,1.2,1.0,0.4,1.66,2.05,1.37,1.66,1.65,0.0,1.38,1.65,0.9,1.65,1.35,1.35
6,15,21,4.7,0.29,0.45,0.0,0.2,0.4,0.4,0.0,0.29,0.39,0.29,0.39,0.28,0.0,0.28,0.28,0.3,0.45,0.3,0.45
6,16,7,2.06,0.13,0.28,0.0,0.2,0.0,0.2,0.2,0.2,0.1,0.1,0.2,0.28,0.0,0.0,0.28,0.15,0.0,0.0,0.15
6,16,8,12.85,0.8,1.5,0.0,0.8,0.8,0.8,0.2,1.17,0.78,0.49,0.88,1.1,0.0,1.1,0.83,1.5,1.05,0.3,1.05
6,16,9,37.2,2.32,4.2,0.0,4.19,3.39,3.99,1.2,2.74,1.96,0.98,1.37,2.21,0.0,2.76,2.21,4.2,3.15,1.8,1.05
6,16,10,70.97,4.44,7.59,0.0,7.39,7.59,7.59,3.39,5.38,4.01,1.57,2.93,4.41,0.0,6.89,6.62,6.15,2.85,2.25,1.95
6,16,11,100.4,6.28,10.58,0.0,7.99,10.38,10.58,4.39,9.2,5.77,4.4,4.21,5.79,0.0,3.86,9.38,9.75,4.5,6.45,3.75
6,16,12,118.92,7.43,11.93,0.0,10.78,6.39,11.58,3.59,11.93,8.9,5.67,3.23,11.03,0.0,4.96,11.31,10.2,8.85,7.35,3.15
6,16,13,135.96,8.5,13.51,0.75,11.98,3.79,10.98,2.4,13.11,13.3,4.7,1.37,13.51,0.83,11.58,12.41,12.15,12.9,10.2,0.75
6,16,14,169.49,10.59,14.34,2.99,11.98,6.99,13.38,2.99,14.18,13.4,9.1,8.22,14.34,8.0,9.38,12.68,13.95,13.35,10.35,7.2
6,16,15,174.0,10.88,14.77,5.99,8.98,9.58,10.58,5.99,14.77,10.66,10.27,10.27,13.51,10.2,11.31,12.13,13.5,12.9,8.25,11.1
6,16,16,182.34,11.4,13.99,9.3,9.38,12.98,9.58,11.18,13.99,13.5,13.11,10.37,12.96,11.86,11.03,9.65,11.55,11.25,9.3,10.65
6,16,17,152.65,9.54,12.42,5.18,10.78,10.58,9.98,9.58,12.42,12.13,11.84,5.18,11.31,9.38,8.0,7.72,9.45,9.0,9.6,5.7
6,16,18,107.2,6.7,9.98,2.76,8.58,4.79,6.39,6.79,9.98,9.59,9.49,3.72,8.55,8.27,2.76,5.79,6.15,5.85,6.3,4.2
6,16,19,62.84,3.93,6.16,1.95,4.59,4.99,3.79,3.59,6.16,6.16,5.87,2.35,4.69,4.69,3.03,3.03,2.7,2.55,2.7,1.95
6,16,20,21.91,1.37,2.54,0.55,1.2,1.2,1.8,1.4,1.76,1.37,1.66,2.54,1.65,1.38,0.55,1.65,0.9,0.6,0.75,1.5
6,16,21,4.35,0.27,0.59,0.0,0.2,0.2,0.4,0.2,0.29,0.29,0.29,0.59,0.0,0.28,0.28,0.28,0.15,0.3,0.3,0.3
6,17,7,2.12,0.13,0.45,0.0,0.2,0.0,0.0,0.2,0.29,0.1,0.2,0.1,0.28,0.0,0.0,0.0,0.45,0.0,0.15,0.15
6,17,8,15.95,1.0,2.1,0.15,1.2,0.8,0.2,1.2,0.39,0.88,0.2,1.47,1.1,0.83,1.38,1.65,1.5,0.9,0.15,2.1
6,17,9,45.43,2.84,5.4,0.6,4.19,3.79,1.0,2.0,2.25,2.35,0.78,2.93,3.86,3.31,2.76,3.31,5.4,1.65,0.6,5.25
6,17,10,78.69,4.92,9.15,0.6,8.19,5.59,1.2,3.99,4.99,4.21,1.37,5.48,6.89,5.51,3.86,5.51,9.15,5.1,0.6,7.05
6,17,11,106.55,6.66,10.95,2.35,10.38,5.79,4.19,2.8,9.2,6.07,2.35,6.46,9.65,8.0,5.51,8.55,10.95,4.2,2.7,9.75
6,17,12,131.91,8.24,11.58,4.11,8.39,10.58,4.39,8.98,9.29,8.61,4.11,6.26,11.58,9.65,8.27,10.75,9.3,8.55,4.35,8.85
6,17,13,167.17,10.45,14.17,3.82,8.58,14.17,8.19,12.98,10.86,11.35,3.82,9.0,13.51,11.86,8.27,12.13,12.3,13.65,5.1,11.4
6,17,14,171.99,10.75,14.97,4.35,7.19,14.97,4.39,13.18,11.74,13.89,4.6,11.84,13.79,13.24,9.38,12.68,11.1,12.75,4.35,12.9
6,17,15,173.53,10.85,14.18,4.01,6.19,12.78,4.59,12.58,13.21,14.18,4.01,9.88,13.51,14.06,12.41,11.58,12.45,13.2,6.45,12.45
6,17,16,160.18,10.01,13.51,3.33,4.99,9.98,6.59,11.58,9.1,13.5,3.33,12.82,13.24,13.51,12.41,9.38,9.45,11.55,7.8,10.95
6,17,17,126.88,7.93,12.13,4.01,4.39,6.19,4.39,9.58,5.48,12.13,4.01,10.86,11.31,11.31,11.03,8.0,6.3,9.15,4.2,8.55
6,17,18,91.18,5.7,9.68,1.4,1.4,4.19,2.99,7.19,7.24,9.68,2.05,7.14,8.82,7.17,7.72,5.79,5.55,5.85,3.6,4.8
6,17,19,57.05,3.57,6.16,0.8,0.8,3.99,2.0,3.79,4.6,6.16,2.15,5.09,5.24,4.96,4.14,3.03,3.3,2.55,2.25,3.0
6,17,20,22.33,1.4,2.0,0.4,2.0,1.6,0.4,1.4,1.76,1.66,1.76,1.66,1.65,1.38,1.93,1.38,0.9,0.75,1.05,1.05
6,17,21,3.02,0.19,0.39,0.0,0.2,0.2,0.2,0.2,0.29,0.2,0.29,0.39,0.0,0.0,0.0,0.0,0.15,0.3,0.3,0.3
6,18,7,1.99,0.12,0.28,0.0,0.2,0.0,0.0,0.0,0.1,0.2,0.1,0.1,0.28,0.0,0.28,0.28,0.15,0.0,0.15,0.15
6,18,8,15.54,0.97,2.25,0.0,0.8,1.0,0.2,0.4,0.49,0.68,1.17,0.49,1.1,0.0,1.38,1.38,1.2,1.5,2.25,1.5
6,18,9,37.07,2.32,4.65,0.0,1.2,3.79,0.2,1.4,1.57,2.25,1.66,1.66,1.65,0.0,3.03,2.76,2.85,3.9,4.5,4.65
6,18,10,65.72,4.11,7.95,0.0,1.8,7.39,0.8,2.6,3.42,3.13,3.13,4.7,1.93,0.0,5.51,5.51,6.3,7.05,4.5,7.95
6,18,11,104.81,6.55,10.8,0.0,4.59,8.58,4.39,5.19,5.48,8.8,5.38,3.91,3.86,0.0,9.38,9.1,7.8,10.5,7.05,10.8
6,18,12,134.36,8.4,12.75,0.0,6.99,10.98,6.59,10.38,7.04,11.74,5.67,6.65,4.96,0.0,11.58,11.58,8.25,12.15,7.05,12.75
6,18,13,162.62,10.16,14.37,0.0,5.19,14.37,10.38,13.18,11.25,13.7,8.12,11.35,4.96,0.0,11.86,12.96,9.3,13.05,9.45,13.5
6,18,14,169.0,10.56,14.89,0.0,3.79,11.78,8.78,14.37,11.15,14.48,10.27,14.09,3.86,0.0,14.89,13.24,11.85,13.65,9.15,13.65
6,18,15,166.5,10.41,14.37,0.0,3.19,13.78,6.79,14.37,5.77,13.79,10.37,13.01,11.03,0.0,14.34,12.96,11.4,13.2,10.5,12.0
6,18,16,143.18,8.95,13.79,0.0,4.59,11.38,7.99,11.38,5.28,13.79,5.67,6.95,12.68,0.0,13.51,11.86,10.8,11.55,7.8,7.95
6,18,17,120.05,7.5,12.23,0.0,2.4,9.78,7.59,9.98,3.03,12.23,7.53,9.1,9.1,0.0,11.31,9.65,6.9,9.3,5.1,7.05
6,18,18,91.01,5.69,9.98,0.0,3.39,8.98,3.59,6.19,2.93,9.98,9.29,5.09,5.51,0.0,7.72,6.89,5.25,6.0,5.7,4.5
6,18,19,47.1,2.94,6.36,0.0,1.8,4.79,1.0,2.4,1.27,6.36,3.72,4.21,3.03,0.0,4.14,3.58,1.65,2.55,3.75,2.85
6,18,20,15.15,0.95,1.86,0.0,0.6,1.2,0.0,1.0,0.59,1.86,1.08,1.37,1.1,0.0,1.65,1.1,0.6,0.75,1.05,1.2
6,18,21,2.71,0.17,0.3,0.0,0.0,0.2,0.2,0.2,0.2,0.2,0.2,0.2,0.28,0.0,0.0,0.28,0.3,0.15,0.15,0.15
6,19,7,2.06,0.13,0.3,0.0,0.0,0.2,0.0,0.2,0.1,0.2,0.0,0.2,0.0,0.0,0.28,0.28,0.0,0.3,0.15,0.15
6,19,8,13.2,0.82,1.65,0.0,0.4,0.8,0.6,1.0,0.98,0.49,0.2,0.68,1.1,0.0,1.65,1.1,1.05,1.35,0.3,1.5
6,19,9,41.4,2.59,4.41,0.0,1.4,3.99,2.99,2.0,2.35,2.74,1.17,1.86,2.76,0.0,4.41,3.58,3.3,3.6,1.05,4.2
6,19,10,83.54,5.22,7.79,0.0,3.19,7.79,5.79,5.39,3.91,4.4,5.18,4.79,5.79,0.0,7.72,6.34,4.2,7.65,4.8,6.6
6,19,11,119.31,7.46,11.1,0.0,4.59,10.78,9.78,6.39,5.48,8.8,5.77,7.63,5.51,0.0,9.65,9.38,6.75,11.1,8.85,8.85
6,19,12,125.77,7.86,12.98,0.0,6.99,12.98,7.99,8.39,5.09,11.84,6.55,7.83,2.21,0.0,4.14,11.86,9.45,12.75,9.6,8.1
6,19,13,147.26,9.2,14.17,0.0,5.19,14.17,8.78,6.99,6.46,13.5,8.32,10.37,12.13,0.0,5.24,13.51,10.5,13.5,7.35,11.25
6,19,14,158.54,9.91,14.57,0.0,7.19,14.57,12.18,5.59,12.03,14.28,9.78,5.87,14.34,0.0,8.27,13.79,11.7,13.65,10.05,5.25
6,19,15,152.4,9.52,14.55,0.0,4.99,14.17,5.19,9.38,10.66,14.28,10.96,6.75,12.41,0.0,7.17,13.24,14.55,12.9,11.55,4.2
6,19,16,145.95,9.12,13.7,0.0,5.19,12.78,11.78,6.59,6.85,13.7,13.7,6.36,12.96,0.0,3.86,12.13,10.95,11.55,11.7,5.85
6,19,17,131.55,8.22,12.33,0.0,7.19,10.78,7.99,10.18,6.26,12.33,11.64,7.34,11.03,0.0,3.86,9.65,6.75,9.15,10.2,7.2
6,19,18,92.39,5.77,9.78,0.0,3.79,8.19,8.58,6.19,7.14,9.78,7.53,4.99,8.55,0.0,1.38,6.62,2.85,6.0,6.0,4.8
6,19,19,57.6,3.6,6.16,0.0,4.59,4.39,4.99,3.99,4.11,6.16,4.11,4.89,4.69,0.0,0.55,3.58,2.4,2.55,3.15,3.45
6,19,20,20.53,1.28,1.96,0.0,1.6,1.0,1.6,1.2,1.86,1.76,1.17,1.96,1.65,0.0,0.83,1.1,1.65,0.75,1.35,1.05
6,19,21,4.08,0.26,0.6,0.0,0.2,0.2,0.2,0.4,0.39,0.29,0.29,0.2,0.28,0.0,0.0,0.28,0.6,0.3,0.3,0.15
6,20,7,1.48,0.09,0.28,0.0,0.2,0.2,0.0,0.0,0.1,0.1,0.1,0.2,0.0,0.0,0.28,0.0,0.0,0.15,0.0,0.15
6,20,8,14.1,0.88,1.65,0.0,0.4,0.6,0.6,1.0,0.98,0.98,0.59,0.59,1.1,0.0,1.38,1.38,0.9,1.5,0.45,1.65
6,20,9,38.9,2.43,4.8,0.0,1.8,3.79,0.6,2.6,1.76,1.86,2.25,1.86,2.76,0.0,3.03,4.14,1.95,4.8,1.65,4.05
6,20,10,79.55,4.97,8.85,0.0,1.8,7.79,1.8,6.19,3.23,5.09,3.42,4.11,6.89,0.0,5.24,7.44,3.15,8.25,8.85,6.3
6,20,11,106.87,6.68,10.75,0.0,2.8,10.58,5.19,7.99,2.25,8.8,9.59,5.09,6.34,0.0,6.89,10.75,3.0,10.05,9.75,7.8
6,20,12,139.2,8.7,12.58,0.0,6.79,12.38,12.58,8.98,4.89,11.35,11.45,9.49,9.93,0.0,3.03,11.58,3.9,12.45,10.95,9.45
6,20,13,148.07,9.25,14.17,0.0,4.19,14.17,7.19,8.19,7.24,13.21,12.72,11.54,14.06,0.0,2.48,12.13,7.05,13.05,10.05,10.8
6,20,14,172.1,10.76,14.89,0.0,7.19,14.57,8.58,7.19,11.54,13.89,14.77,11.25,14.89,0.0,6.07,12.96,9.0,13.35,14.4,12.45
6,20,15,162.72,10.17,14.18,0.0,4.39,13.98,7.59,8.39,12.42,14.18,12.91,12.23,12.41,0.0,6.34,12.13,9.15,12.75,12.9,10.95
6,20,16,135.43,8.46,13.7,0.0,4.99,11.98,8.98,4.79,10.17,13.7,9.68,8.02,12.41,0.0,2.76,10.75,6.9,11.4,11.1,7.8
6,20,17,122.25,7.64,12.03,0.0,7.59,10.18,7.99,2.4,9.2,12.03,6.65,7.04,10.75,0.0,6.07,9.65,6.75,9.15,6.9,9.9
6,20,18,89.84,5.62,9.78,0.0,4.39,8.19,3.59,3.99,4.89,9.78,5.58,7.43,8.27,0.0,3.86,6.62,6.45,5.85,5.55,5.4
6,20,19,50.57,3.16,6.07,0.0,1.4,4.39,2.6,2.2,1.96,6.07,3.42,5.58,4.96,0.0,3.31,3.58,3.0,2.55,3.0,2.55
6,20,20,19.79,1.24,1.93,0.0,0.4,1.0,0.8,1.6,1.66,1.86,1.57,1.76,1.93,0.0,1.93,1.38,0.75,0.75,1.65,0.75
6,20,21,2.83,0.18,0.45,0.0,0.0,0.2,0.0,0.2,0.29,0.2,0.39,0.2,0.0,0.0,0.0,0.0,0.3,0.3,0.45,0.3
6,21,7,2.09,0.13,0.28,0.0,0.0,0.2,0.0,0.0,0.1,0.2,0.2,0.1,0.28,0.0,0.28,0.28,0.15,0.15,0.0,0.15
6,21,8,15.3,0.96,1.8,0.0,0.6,0.8,0.8,1.4,1.17,0.68,0.78,0.49,0.83,0.0,1.1,1.1,1.8,1.35,1.05,1.35
6,21,9,44.92,2.81,4.8,0.0,2.0,3.79,0.8,3.99,1.86,1.96,2.54,2.15,3.86,0.0,2.21,3.86,4.5,3.75,2.85,4.8
6,21,10,83.81,5.24,8.7,0.0,3.19,7.79,2.0,3.79,5.48,4.5,4.4,4.79,6.89,0.0,5.79,7.44,8.7,7.95,6.15,4.95
6,21,11,115.45,7.22,11.4,0.0,7.39,10.78,2.99,3.99,9.0,8.32,7.04,6.85,9.65,0.0,5.51,10.48,11.4,9.45,9.0,3.6
6,21,12,142.39,8.9,13.2,0.0,12.98,12.78,3.39,5.19,12.03,11.64,8.8,6.16,12.13,0.0,4.41,12.68,13.2,12.6,10.05,4.35
6,21,13,160.96,10.06,14.37,0.0,14.37,13.78,4.39,6.99,13.79,13.4,9.1,10.57,14.06,0.0,6.07,13.79,13.95,13.5,9.75,3.45
6,21,14,161.65,10.1,15.17,0.0,15.17,14.17,3.99,5.79,14.67,14.09,12.13,7.34,14.61,0.0,3.03,14.06,14.1,13.5,10.65,4.35
6,21,15,175.61,10.98,14.34,4.59,13.98,13.58,5.19,4.59,13.6,13.99,11.54,10.08,14.34,11.31,6.07,13.24,13.65,12.75,8.4,9.3
6,21,16,175.06,10.94,14.18,5.79,12.98,12.38,5.79,7.79,14.18,13.4,11.74,11.25,13.24,12.41,6.07,12.13,12.0,11.25,7.8,10.65
6,21,17,154.55,9.66,12.62,1.8,10.38,10.78,1.8,6.19,12.62,11.74,11.84,11.74,10.75,11.03,10.2,9.93,9.6,9.0,6.9,10.05
6,21,18,111.65,6.98,10.17,3.19,7.79,7.79,3.59,3.19,10.17,9.29,7.83,8.9,8.55,8.27,5.24,6.89,6.6,5.7,6.0,5.85
6,21,19,61.37,3.84,6.36,1.4,3.59,4.39,3.79,1.4,6.36,5.87,4.11,4.5,4.96,4.41,3.03,3.86,2.7,2.55,3.6,2.25
6,21,20,18.96,1.18,1.86,0.6,1.2,1.0,1.4,0.6,1.86,1.66,1.57,0.98,1.38,1.38,1.38,1.1,0.9,0.75,0.9,0.9
6,21,21,4.25,0.27,0.4,0.0,0.4,0.2,0.4,0.2,0.29,0.29,0.29,0.29,0.28,0.28,0.28,0.0,0.3,0.3,0.15,0.3
6,22,7,2.44,0.15,0.28,0.0,0.0,0.2,0.2,0.0,0.2,0.2,0.1,0.1,0.28,0.0,0.28,0.28,0.15,0.15,0.15,0.15
6,22,8,15.34,0.96,1.8,0.0,0.8,0.8,1.0,0.4,0.68,0.59,0.98,0.68,1.1,0.0,1.38,1.38,1.8,1.35,1.8,0.6
6,22,9,49.99,3.12,5.85,0.0,3.99,3.79,3.99,0.8,1.86,1.57,2.15,1.86,3.58,0.0,4.69,3.86,4.95,4.65,5.85,2.4
6,22,10,88.08,5.5,7.95,0.0,7.79,7.79,7.39,2.2,5.38,5.18,2.84,3.33,6.07,0.0,7.44,7.17,7.95,7.95,6.9,2.7
6,22,11,122.27,7.64,11.58,1.93,10.18,10.78,10.18,4.19,6.55,8.41,4.11,2.93,9.38,1.93,11.58,8.0,9.3,10.5,9.75,4.5
6,22,12,151.27,9.45,12.98,3.59,12.18,12.98,10.18,3.59,9.39,11.15,7.63,4.01,11.31,9.1,12.96,6.89,10.8,12.15,12.75,4.2
6,22,13,173.57,10.85,14.37,5.24,14.37,14.37,12.38,6.39,11.15,12.52,9.1,5.87,12.96,10.48,14.34,5.24,12.0,13.2,12.45,6.75
6,22,14,192.78,12.05,14.61,7.19,14.57,14.37,9.98,7.19,11.84,12.82,7.63,9.2,13.51,12.13,14.61,12.13,13.35,13.2,13.2,13.05
6,22,15,185.36,11.58,14.61,4.99,12.98,13.58,11.98,11.18,13.11,12.82,4.99,9.88,13.51,6.89,14.61,10.48,11.7,12.3,12.0,13.35
6,22,16,172.84,10.8,13.38,0.0,12.78,12.18,13.38,6.99,12.82,12.52,5.97,11.05,12.68,0.0,13.24,12.13,12.0,10.95,12.3,11.85
6,22,17,148.44,9.28,11.54,0.0,11.18,10.38,8.19,9.58,11.54,11.35,10.08,7.73,11.03,0.0,9.65,9.93,9.75,8.55,10.05,9.45
6,22,18,122.27,7.64,9.98,5.55,8.58,7.59,8.98,5.59,9.78,9.2,9.98,9.0,8.27,6.89,6.62,6.89,6.75,5.55,6.45,6.15
6,22,19,68.99,4.31,6.36,2.55,3.59,4.19,4.99,3.19,6.07,5.87,6.36,5.48,5.24,4.69,4.41,4.41,2.7,2.55,2.7,2.55
6,22,20,22.4,1.4,2.6,0.75,2.6,1.0,1.4,1.0,1.66,1.76,1.86,1.76,1.93,1.65,1.38,1.1,0.9,0.75,0.9,0.75
6,22,21,3.41,0.21,0.4,0.0,0.4,0.2,0.2,0.2,0.2,0.29,0.39,0.2,0.0,0.0,0.28,0.0,0.15,0.3,0.3,0.3
6,23,7,2.19,0.14,0.28,0.0,0.0,0.2,0.2,0.0,0.0,0.1,0.2,0.2,0.28,0.28,0.0,0.28,0.0,0.15,0.15,0.15
6,23,8,15.36,0.96,1.5,0.3,0.8,0.8,0.8,1.2,0.49,0.59,0.49,0.88,1.38,1.1,1.38,1.1,0.3,1.35,1.5,1.2
6,23,9,49.11,3.07,5.1,0.75,2.6,3.79,3.99,2.8,1.66,1.66,1.66,2.45,3.31,3.31,4.69,4.14,0.75,4.5,5.1,2.7
6,23,10,86.92,5.43,8.55,0.45,2.0,7.39,8.19,4.59,2.64,5.09,5.38,4.11,6.62,5.79,8.0,7.17,0.45,7.8,8.55,3.15
6,23,11,126.4,7.9,11.58,1.05,4.79,10.18,11.58,3.79,4.01,8.41,9.0,4.7,9.38,8.55,11.03,9.93,1.05,10.35,11.25,8.4
6,23,12,147.98,9.25,13.78,1.35,7.99,11.98,13.78,3.79,4.6,11.05,11.64,1.96,11.58,10.48,12.68,9.1,1.35,12.0,13.05,10.95
6,23,13,162.23,10.14,14.77,1.65,4.59,13.18,14.77,2.99,8.02,12.91,13.3,2.35,13.24,12.13,14.34,11.86,1.65,12.75,13.65,10.5
6,23,14,161.74,10.11,14.61,1.65,5.19,13.38,14.57,3.59,7.53,13.89,13.89,5.97,12.68,11.58,14.61,11.86,1.65,12.9,13.8,4.65
6,23,15,167.22,10.45,14.77,2.7,5.19,13.38,14.77,3.99,11.25,13.79,14.18,8.22,14.06,7.44,13.79,11.31,2.7,12.15,13.2,7.8
6,23,16,161.23,10.08,13.4,2.6,2.6,12.18,12.78,3.79,11.54,13.3,13.3,13.4,10.48,7.17,12.96,11.58,4.95,10.95,11.55,8.7
6,23,17,141.48,8.84,12.23,3.59,3.59,10.18,11.18,4.59,7.34,11.84,12.23,11.93,7.72,9.38,11.03,8.82,6.15,8.7,9.45,7.35
6,23,18,105.81,6.61,9.78,3.19,3.59,7.79,8.58,3.19,4.3,9.39,9.78,9.59,5.24,7.72,8.0,6.89,4.05,5.7,6.45,5.55
6,23,19,57.12,3.57,6.07,1.0,1.0,4.59,4.59,2.2,2.54,5.77,4.4,6.07,3.03,4.41,4.14,3.58,2.85,2.7,2.7,2.55
6,23,20,20.58,1.29,1.96,0.4,0.4,1.6,1.2,1.4,1.27,1.76,1.96,1.86,1.1,1.65,1.38,1.1,1.35,0.75,1.05,0.75
6,23,21,4.04,0.25,0.39,0.0,0.0,0.2,0.2,0.2,0.39,0.39,0.29,0.2,0.28,0.28,0.28,0.28,0.3,0.3,0.3,0.15
6,24,7,1.53,0.1,0.28,0.0,0.2,0.0,0.0,0.2,0.0,0.1,0.1,0.2,0.28,0.0,0.0,0.0,0.0,0.15,0.15,0.15
6,24,8,16.04,1.0,1.5,0.4,0.4,0.4,0.8,1.2,0.59,1.17,0.49,0.78,1.1,1.1,1.38,1.38,1.2,1.5,1.5,1.05
6,24,9,44.87,2.8,4.95,0.68,2.2,1.2,3.99,2.8,0.68,2.84,1.57,2.25,3.31,3.31,4.41,3.86,1.2,4.35,4.95,1.95
6,24,10,82.96,5.18,8.55,1.0,1.0,2.6,8.19,5.39,2.05,4.99,5.18,3.03,6.62,5.79,8.0,7.17,2.4,7.8,8.55,4.2
6,24,11,110.2,6.89,11.58,0.6,0.6,3.19,11.58,6.59,2.35,8.51,8.51,3.72,7.72,8.55,10.75,9.93,3.15,10.35,11.25,3.45
6,24,12,133.16,8.32,13.58,2.7,3.79,4.39,13.58,4.79,3.13,11.15,11.15,3.13,11.58,10.48,12.68,12.41,2.7,11.85,12.9,3.45
6,24,13,148.45,9.28,14.97,2.25,2.8,4.99,14.97,6.39,2.93,12.91,12.62,6.46,12.68,12.13,13.51,13.51,2.25,12.9,13.65,3.75
6,24,14,167.72,10.48,15.17,4.05,4.19,6.59,15.17,6.79,4.79,13.7,13.3,12.52,13.51,12.41,13.79,14.06,4.05,12.9,13.35,6.6
6,24,15,169.77,10.61,14.17,2.2,2.2,12.18,14.17,6.59,5.09,13.7,13.01,8.41,13.79,12.68,13.51,13.79,5.4,12.45,12.9,9.9
6,24,16,167.75,10.48,13.18,4.8,5.19,12.58,13.18,9.58,6.55,12.91,12.33,10.47,12.13,11.86,12.41,12.41,4.8,10.95,11.55,8.85
6,24,17,140.62,8.79,11.54,3.39,3.39,10.58,10.98,5.79,5.97,11.54,11.54,8.32,11.03,9.93,10.75,10.2,7.5,8.7,9.45,4.95
6,24,18,112.94,7.06,9.98,3.59,3.59,7.79,8.19,6.39,5.67,9.2,9.2,9.98,8.27,7.72,8.0,6.89,5.85,5.7,6.0,4.5
6,24,19,64.67,4.04,5.97,2.55,3.39,4.19,4.59,4.19,3.33,5.67,5.87,5.97,4.69,4.41,4.14,3.58,2.55,2.55,2.7,2.85
6,24,20,21.7,1.36,1.93,0.75,1.0,1.4,1.2,1.6,1.66,1.76,1.66,1.76,1.93,1.65,1.38,1.1,1.35,0.75,0.75,0.75
6,24,21,4.55,0.28,0.49,0.0,0.2,0.4,0.2,0.2,0.49,0.29,0.29,0.29,0.0,0.28,0.28,0.28,0.45,0.3,0.3,0.3
6,25,7,1.91,0.12,0.28,0.0,0.2,0.0,0.0,0.2,0.1,0.1,0.2,0.1,0.28,0.0,0.28,0.0,0.15,0.15,0.15,0.0
6,25,8,14.54,0.91,1.5,0.39,0.6,0.4,0.8,0.8,0.78,0.88,0.39,0.68,0.83,1.1,1.1,1.38,0.9,1.5,1.35,1.05
6,25,9,45.59,2.85,4.8,1.0,1.6,1.0,3.99,3.39,2.25,1.66,1.57,1.57,3.58,3.31,4.41,3.31,2.7,3.75,4.8,2.7
6,25,10,91.12,5.69,8.1,1.8,3.39,1.8,7.99,6.19,3.62,3.72,4.89,4.99,6.34,6.62,8.0,7.17,5.1,7.95,8.1,5.25
6,25,11,132.98,8.31,10.98,2.2,3.59,2.2,10.98,9.58,5.87,7.63,8.22,9.29,9.1,6.89,10.75,10.48,8.25,10.95,10.8,8.4
6,25,12,162.02,10.13,12.6,2.6,4.59,2.6,12.58,9.18,7.63,11.74,10.57,11.45,11.31,9.65,12.41,12.41,9.45,12.6,12.6,11.25
6,25,13,180.48,11.28,13.79,2.99,5.39,2.99,13.58,11.38,7.04,13.11,11.74,12.33,13.24,12.13,13.51,13.79,10.95,13.05,13.35,12.9
6,25,14,196.23,12.26,15.37,4.99,12.38,4.99,14.17,15.37,7.14,13.89,12.23,14.09,14.06,12.68,14.34,13.79,7.65,13.35,13.65,12.45
6,25,15,190.52,11.91,14.48,6.79,8.39,6.79,13.98,13.98,8.41,12.91,13.11,14.48,13.51,12.96,13.51,13.79,7.2,11.7,13.05,12.75
6,25,16,176.26,11.02,13.99,4.2,9.78,9.18,12.78,11.58,6.55,12.33,12.82,13.99,12.68,12.13,12.96,12.13,4.2,10.05,11.4,11.7
6,25,17,146.61,9.16,12.42,3.13,6.79,10.58,10.98,9.38,3.13,9.98,11.74,12.42,10.75,10.48,10.75,9.93,4.05,7.2,9.15,9.3
6,25,18,113.34,7.08,9.88,4.2,4.99,8.19,7.99,6.99,5.67,7.53,9.29,9.88,8.27,8.0,8.0,6.34,4.2,6.0,6.0,6.0
6,25,19,65.33,4.08,5.97,2.55,2.99,4.39,4.59,4.99,3.72,5.28,5.97,5.77,4.69,4.69,4.14,3.31,2.85,2.55,2.7,2.7
6,25,20,21.11,1.32,1.96,0.75,1.4,1.6,1.2,1.2,1.27,1.76,1.76,1.96,1.38,1.65,1.38,1.1,0.9,0.9,0.75,0.9
6,25,21,4.25,0.27,0.4,0.0,0.2,0.4,0.2,0.2,0.29,0.39,0.29,0.39,0.28,0.0,0.28,0.28,0.15,0.3,0.3,0.3
6,25,22,0.15,0.01,0.15,0.0,0.0,0.0,0.0,0.0,0.0,0.0,0.0,0.0,0.0,0.0,0.0,0.0,0.0,0.15,0.0,0.0
6,26,7,2.59,0.16,0.28,0.0,0.2,0.2,0.2,0.2,0.1,0.1,0.1,0.2,0.28,0.28,0.28,0.0,0.15,0.15,0.15,0.0
6,26,8,14.68,0.92,1.8,0.15,1.8,0.4,0.8,0.6,0.39,0.78,0.49,0.98,0.83,1.1,1.38,1.38,0.15,0.75,1.35,1.5
6,26,9,43.49,2.72,4.95,0.78,2.0,1.4,3.79,3.79,0.78,1.86,1.66,2.25,1.65,3.58,4.14,4.14,1.2,2.4,4.95,3.9
6,26,10,85.96,5.37,8.4,1.35,2.99,3.39,7.79,7.99,1.66,3.82,5.28,4.6,3.86,6.34,7.72,7.72,1.35,5.4,8.4,7.65
6,26,11,123.89,7.74,11.25,2.54,7.59,4.39,10.78,10.58,2.54,6.55,8.8,7.34,4.69,9.1,10.48,10.75,2.7,8.1,11.25,8.25
6,26,12,154.06,9.63,13.18,3.13,7.79,6.79,13.18,11.58,3.13,8.8,11.64,9.88,8.0,11.31,12.68,12.68,3.45,9.6,13.05,10.5
6,26,13,177.91,11.12,14.37,2.93,5.39,13.38,14.37,13.18,2.93,12.62,13.6,11.45,10.48,12.96,13.24,13.51,5.1,13.2,14.1,8.4
6,26,14,195.67,12.23,15.37,6.07,8.98,14.37,15.37,13.58,6.07,13.99,14.48,10.76,11.86,13.79,14.06,13.51,8.55,13.2,14.1,9.0
6,26,15,206.76,12.92,14.57,9.58,9.58,12.58,14.57,14.17,13.01,13.99,14.28,13.7,13.24,13.79,13.51,13.24,9.6,12.6,13.35,11.55
6,26,16,188.82,11.8,13.79,9.0,9.18,11.78,13.38,10.98,13.21,13.21,13.79,12.42,12.13,10.75,12.96,12.13,9.0,11.25,11.7,10.95
6,26,17,157.41,9.84,12.33,7.44,8.78,8.98,10.78,9.18,11.15,11.84,12.33,12.03,10.75,7.44,10.75,9.65,7.95,8.85,9.45,7.5
6,26,18,120.66,7.54,9.98,4.59,8.19,4.59,8.58,7.99,8.8,9.59,9.98,7.53,8.55,8.55,7.72,6.89,6.3,6.0,6.3,5.1
6,26,19,67.34,4.21,6.36,2.2,3.79,2.2,4.79,4.39,6.26,4.99,6.26,6.36,5.24,4.69,4.14,3.58,2.85,2.55,2.85,2.4
6,26,20,22.55,1.41,2.05,0.75,1.4,2.0,1.4,1.6,2.05,1.57,1.86,1.86,1.38,1.65,1.38,1.1,0.9,0.9,0.75,0.75
6,26,21,3.82,0.24,0.3,0.0,0.2,0.2,0.2,0.2,0.29,0.2,0.29,0.2,0.28,0.0,0.28,0.28,0.3,0.3,0.3,0.3
6,27,7,2.21,0.14,0.3,0.0,0.2,0.2,0.0,0.2,0.2,0.1,0.1,0.2,0.0,0.28,0.28,0.0,0.3,0.0,0.0,0.15
6,27,8,14.6,0.91,1.5,0.49,0.8,0.6,0.6,0.6,0.49,1.17,0.59,0.59,1.1,1.1,1.38,1.38,1.5,0.75,0.6,1.35
6,27,9,46.16,2.88,5.1,1.4,1.4,2.6,1.6,3.99,1.96,2.25,1.76,1.96,3.58,3.31,4.41,4.14,5.1,1.65,1.5,4.95
6,27,10,90.79,5.67,8.7,2.2,2.2,5.79,3.39,7.79,6.26,3.13,3.23,5.38,6.34,6.07,8.27,7.44,8.7,5.4,3.0,8.4
6,27,11,122.32,7.64,11.25,2.8,2.8,8.98,4.19,10.98,8.02,4.01,4.21,9.0,9.38,8.82,11.03,10.75,11.25,3.15,4.5,11.25
6,27,12,153.61,9.6,13.24,4.99,5.39,8.19,4.99,12.58,9.88,5.48,6.46,12.03,11.86,10.75,13.24,12.41,13.2,7.65,6.6,12.9
6,27,13,182.15,11.38,14.34,3.59,10.58,3.59,9.18,13.98,13.6,7.83,8.51,13.89,13.51,12.68,14.34,13.51,14.1,6.9,12.15,13.8
6,27,14,196.43,12.28,14.89,3.59,8.19,3.59,10.78,14.57,14.18,13.01,10.86,14.77,14.34,13.51,14.89,13.79,14.4,8.25,13.2,14.1
6,27,15,197.31,12.33,14.87,4.79,5.39,4.79,14.57,14.37,14.48,13.3,10.17,14.87,14.06,13.51,14.61,13.24,13.8,9.45,13.35,13.35
6,27,16,187.81,11.74,14.18,6.19,8.19,6.19,13.38,12.98,13.89,11.93,13.11,14.18,12.68,12.41,13.24,12.13,12.3,7.65,11.7,11.85
6,27,17,156.9,9.81,12.72,5.77,6.59,7.59,11.78,10.98,12.13,9.68,5.77,12.72,10.75,10.75,11.03,9.93,9.9,9.3,8.55,9.45
6,27,18,122.35,7.65,10.17,3.19,7.39,3.19,8.19,8.39,9.88,9.39,9.49,10.17,8.27,8.0,7.72,6.62,6.6,5.85,7.05,6.15
6,27,19,70.9,4.43,6.55,2.55,3.79,4.59,4.59,4.59,6.36,5.67,6.16,6.55,4.69,4.69,4.41,3.86,2.85,2.55,2.85,2.7
6,27,20,21.1,1.32,1.96,0.6,1.4,1.2,1.6,1.2,1.86,1.66,1.96,1.86,1.65,1.38,1.38,1.1,0.75,0.6,0.75,0.75
6,27,21,3.97,0.25,0.45,0.0,0.4,0.0,0.2,0.2,0.29,0.29,0.39,0.29,0.0,0.28,0.0,0.28,0.45,0.3,0.3,0.3
6,28,7,2.51,0.16,0.28,0.0,0.2,0.2,0.2,0.2,0.2,0.2,0.1,0.2,0.28,0.0,0.28,0.0,0.0,0.15,0.15,0.15
6,28,8,15.26,0.95,1.5,0.39,0.8,0.6,0.6,0.6,0.59,0.68,0.49,0.39,1.1,1.1,1.38,1.38,1.5,1.2,1.5,1.35
6,28,9,55.81,3.49,5.1,1.66,3.79,3.79,3.99,3.79,1.66,1.66,1.66,1.66,3.03,3.31,4.41,3.86,4.8,4.5,5.1,4.8
6,28,10,110.47,6.9,8.85,4.5,7.59,7.19,7.79,7.59,5.09,4.99,4.5,5.28,5.79,6.07,8.27,7.17,7.95,8.1,8.85,8.25
6,28,11,156.22,9.76,11.55,7.04,10.18,10.38,10.98,10.58,7.04,8.61,7.34,8.9,8.55,8.82,11.31,10.48,9.9,10.8,11.55,10.8
6,28,12,189.66,11.85,13.78,6.65,12.38,12.58,13.78,12.58,11.35,11.25,6.65,11.64,10.48,11.03,12.68,12.41,12.45,12.45,13.35,12.6
6,28,13,213.96,13.37,14.97,12.13,13.58,12.78,14.97,13.98,12.91,13.01,12.82,13.5,12.13,12.41,14.06,13.51,13.35,13.2,14.4,13.35
6,28,14,218.32,13.65,15.17,9.98,13.98,9.98,15.17,14.37,13.89,13.7,14.58,14.28,12.96,12.96,14.61,13.24,13.5,13.35,14.25,13.5
6,28,15,212.55,13.28,14.77,10.58,13.78,11.78,10.58,14.17,13.99,13.7,14.77,14.38,12.68,13.24,14.34,13.24,12.75,12.75,13.5,12.9
6,28,16,196.97,12.31,13.89,10.58,12.58,10.58,11.58,12.98,13.21,13.3,13.7,13.89,11.58,12.13,12.96,12.13,11.4,11.25,12.15,11.55
6,28,17,169.26,10.58,12.42,9.0,10.78,9.38,11.58,10.98,11.64,11.74,12.42,12.33,10.2,10.48,10.75,9.93,9.0,9.0,9.9,9.15
6,28,18,124.87,7.8,9.98,5.85,7.99,7.59,8.19,7.99,9.39,9.49,9.59,9.98,7.72,7.72,8.0,6.62,6.15,5.85,6.45,6.15
6,28,19,67.86,4.24,6.46,2.55,4.39,4.19,4.79,4.39,5.87,5.87,4.01,6.46,4.41,4.69,4.41,3.58,2.7,2.55,2.85,2.7
6,28,20,21.28,1.33,1.96,0.75,1.4,1.2,1.2,1.2,1.86,1.66,1.96,1.86,1.65,1.38,1.38,1.38,0.9,0.75,0.75,0.75
6,28,21,3.57,0.22,0.39,0.0,0.2,0.0,0.2,0.2,0.39,0.39,0.29,0.29,0.28,0.0,0.28,0.0,0.3,0.3,0.3,0.15
6,29,7,2.74,0.17,0.28,0.0,0.2,0.2,0.2,0.2,0.1,0.1,0.2,0.1,0.0,0.28,0.28,0.28,0.15,0.15,0.15,0.15
6,29,8,16.05,1.0,1.6,0.49,0.8,0.6,1.0,1.6,0.59,0.68,0.49,0.78,1.1,0.83,1.38,1.1,1.5,1.2,1.5,0.9
6,29,9,50.82,3.18,4.95,1.76,3.59,3.59,2.0,3.19,1.86,1.86,1.76,1.86,3.03,3.31,4.41,3.86,4.8,4.8,4.95,1.95
6,29,10,95.01,5.94,8.55,2.74,7.59,7.39,3.99,3.59,4.7,4.4,5.38,2.74,5.79,6.07,8.0,7.17,8.25,8.1,8.55,3.3
6,29,11,142.54,8.91,11.4,4.5,9.98,10.38,7.39,7.79,7.83,8.71,8.9,6.46,8.27,8.55,11.03,10.2,10.5,10.65,11.4,4.5
6,29,12,184.96,11.56,13.58,5.79,12.58,12.38,13.58,5.79,11.05,11.54,11.84,10.86,10.75,11.03,12.68,12.13,12.6,12.45,13.05,10.65
6,29,13,206.38,12.9,14.37,5.39,13.98,13.78,14.37,5.39,13.21,13.3,13.7,13.11,12.13,12.41,14.06,13.24,13.2,13.35,14.1,13.05
6,29,14,216.51,13.53,15.17,8.98,14.37,13.98,15.17,8.98,14.09,14.18,14.58,12.82,12.96,12.96,14.61,13.51,13.5,13.2,14.1,13.5
6,29,15,214.59,13.41,14.67,11.58,13.38,13.38,14.37,11.58,14.18,14.09,14.67,13.7,12.68,13.24,14.06,13.51,12.75,12.6,13.35,13.05
6,29,16,198.71,12.42,14.09,11.05,12.78,12.38,13.18,12.98,13.4,13.4,14.09,11.05,11.58,12.13,12.96,12.13,11.55,11.4,12.15,11.55
6,29,17,170.8,10.68,12.52,9.0,10.78,10.38,11.38,11.18,11.93,11.93,12.52,12.13,9.93,10.48,11.03,9.93,9.3,9.0,9.75,9.15
6,29,18,123.65,7.73,9.98,5.85,7.99,7.99,8.39,8.19,9.49,9.59,9.98,7.24,7.72,8.0,8.0,6.62,6.15,5.85,6.45,6.0
6,29,19,66.93,4.18,6.36,2.55,4.39,4.19,4.79,4.39,5.97,6.16,6.36,3.03,4.69,4.14,4.14,3.58,2.7,2.55,2.85,3.0
6,29,20,21.41,1.34,1.96,0.75,1.4,1.2,1.4,1.4,1.76,1.76,1.96,0.88,1.65,1.65,1.65,1.1,0.9,0.75,0.75,1.2
6,29,21,3.7,0.23,0.4,0.0,0.4,0.2,0.2,0.4,0.39,0.2,0.29,0.29,0.0,0.0,0.0,0.28,0.3,0.3,0.3,0.15
6,30,7,2.69,0.17,0.3,0.0,0.0,0.0,0.2,0.2,0.2,0.2,0.1,0.2,0.28,0.28,0.28,0.0,0.15,0.15,0.15,0.3
6,30,8,16.31,1.02,1.5,0.49,0.6,0.6,0.8,0.8,1.17,0.49,0.88,0.59,1.1,1.1,1.38,1.1,1.35,1.35,1.5,1.5
6,30,9,54.57,3.41,4.95,1.4,1.4,3.59,3.99,3.19,3.23,1.66,2.15,1.57,3.31,3.03,4.41,4.14,4.8,4.5,4.95,4.65
6,30,10,106.94,6.68,8.55,2.2,2.2,7.59,7.99,7.59,5.09,5.09,5.48,5.18,6.07,6.07,8.0,7.44,8.25,8.1,8.55,8.25
6,30,11,151.32,9.46,11.4,3.39,3.39,10.18,10.78,9.78,9.49,8.61,8.9,8.51,8.55,8.55,11.03,10.2,11.1,10.5,11.4,10.35
6,30,12,183.36,11.46,13.24,3.59,3.59,12.38,12.98,11.78,11.25,11.45,11.84,10.96,11.03,10.75,13.24,11.86,12.75,12.15,13.05,12.3
6,30,13,203.33,12.71,14.17,3.59,3.59,13.38,14.17,12.98,12.52,13.11,13.7,13.89,12.41,11.86,14.06,13.51,13.65,13.05,13.95,13.5
6,30,14,209.79,13.11,14.89,3.19,3.19,14.17,14.77,14.57,14.38,13.89,14.48,13.7,12.96,12.68,14.89,14.06,13.8,13.05,13.95,11.25
6,30,15,208.12,13.01,14.48,4.39,4.39,13.78,14.37,12.78,14.38,14.09,14.38,14.48,11.86,12.68,14.34,13.79,13.35,12.6,13.2,13.65
6,30,16,192.84,12.05,13.79,5.59,5.59,12.58,12.98,12.98,13.79,13.5,13.7,13.21,11.86,11.86,13.51,12.13,12.0,11.1,11.85,10.2
6,30,17,168.74,10.55,12.33,7.59,7.59,10.78,11.18,10.98,12.33,12.03,12.23,12.33,10.48,10.2,11.03,9.93,9.6,9.15,9.45,9.45
6,30,18,127.48,7.97,9.98,5.85,8.39,8.19,8.39,8.19,9.98,9.59,9.98,9.98,8.0,8.27,8.0,6.07,6.3,5.85,6.3,6.0
6,30,19,69.71,4.36,6.36,2.55,4.59,4.39,4.59,4.59,6.26,4.79,5.97,6.36,4.96,4.69,4.41,3.31,2.7,2.55,2.85,2.7
6,30,20,22.68,1.42,2.0,0.75,2.0,1.2,1.2,1.0,1.96,1.96,1.86,1.86,1.38,1.65,1.38,1.93,0.9,0.75,0.75,0.9
6,30,21,4.42,0.28,0.6,0.0,0.6,0.2,0.6,0.2,0.29,0.39,0.2,0.2,0.28,0.0,0.28,0.28,0.3,0.15,0.3,0.15
7,1,7,2.19,0.14,0.28,0.0,0.0,0.0,0.0,0.2,0.2,0.1,0.2,0.2,0.28,0.28,0.0,0.28,0.0,0.15,0.15,0.15
7,1,8,14.74,0.92,1.38,0.39,0.8,0.6,1.0,0.4,1.08,1.17,0.39,0.39,0.83,1.1,1.38,1.1,0.9,1.05,1.35,1.2
7,1,9,49.27,3.08,4.8,1.47,2.0,1.8,3.99,3.79,2.35,2.84,1.47,1.47,3.58,3.31,4.41,3.86,1.95,3.15,4.8,4.5
7,1,10,97.26,6.08,8.4,3.19,3.19,3.79,7.79,7.79,4.99,5.09,5.18,5.09,6.07,6.07,7.72,6.89,3.75,7.35,8.4,8.1
7,1,11,140.6,8.79,11.1,6.16,6.19,7.99,10.98,10.78,6.26,6.16,8.71,8.61,9.1,8.82,10.75,9.65,7.5,7.35,11.1,10.65
7,1,12,182.56,11.41,13.18,6.85,12.38,12.38,13.18,12.78,7.04,6.85,11.25,11.35,11.31,11.03,12.68,11.58,11.1,12.45,12.9,12.3
7,1,13,208.04,13.0,14.17,8.8,13.98,14.17,14.17,13.58,8.8,10.37,12.82,13.21,13.24,12.68,14.06,12.96,13.65,13.2,13.95,13.2
7,1,14,216.94,13.56,14.77,9.1,14.77,14.37,14.57,14.17,9.1,13.79,13.11,13.99,14.34,13.51,14.61,13.51,12.75,13.35,13.8,13.2
7,1,15,212.37,13.27,14.37,8.71,14.37,12.98,14.17,13.58,8.71,13.99,13.79,14.28,13.79,13.51,14.06,13.24,13.35,12.75,13.2,12.6
7,1,16,197.75,12.36,13.5,10.47,12.98,12.38,12.78,12.58,10.47,13.3,13.11,13.5,12.68,12.68,12.96,12.13,12.0,11.25,11.7,11.25
7,1,17,165.38,10.34,12.03,7.59,11.18,7.59,10.58,10.38,10.57,11.93,12.03,12.03,11.03,10.48,11.03,9.65,9.6,9.0,9.3,9.0
7,1,18,122.41,7.65,9.68,5.85,8.58,6.19,8.39,7.99,7.83,9.59,9.68,9.68,8.27,7.72,7.72,6.62,6.3,6.0,6.0,5.85
7,1,19,70.09,4.38,6.26,2.55,4.59,4.59,4.79,4.39,4.5,6.26,6.26,6.26,4.69,4.69,4.41,3.86,2.85,2.55,2.85,2.55
7,1,20,21.27,1.33,1.86,0.6,1.4,1.2,1.4,1.2,1.76,1.76,1.86,1.76,1.65,1.65,1.38,1.1,0.9,0.6,0.75,0.9
7,1,21,3.32,0.21,0.3,0.0,0.2,0.2,0.0,0.2,0.2,0.2,0.29,0.29,0.28,0.28,0.28,0.0,0.3,0.3,0.15,0.15
7,1,22,0.1,0.01,0.1,0.0,0.0,0.0,0.0,0.0,0.0,0.0,0.0,0.1,0.0,0.0,0.0,0.0,0.0,0.0,0.0,0.0
7,2,7,1.88,0.12,0.28,0.0,0.2,0.0,0.2,0.2,0.1,0.1,0.1,0.1,0.0,0.0,0.0,0.28,0.15,0.15,0.15,0.15
7,2,8,14.86,0.93,1.8,0.39,0.8,0.8,0.6,0.6,1.08,0.39,0.39,0.39,1.1,0.83,1.38,1.1,1.8,1.2,1.35,1.05
7,2,9,54.97,3.44,5.85,1.37,3.79,3.59,3.59,3.19,2.45,1.76,1.37,1.57,3.31,3.58,4.41,3.31,5.85,4.35,4.5,4.35
7,2,10,101.91,6.37,8.1,4.3,7.59,7.59,7.59,4.59,4.3,4.99,4.89,4.89,6.07,6.07,8.0,5.79,5.85,7.95,8.1,7.65
7,2,11,150.93,9.43,11.03,7.43,10.98,10.78,10.58,8.19,7.43,8.8,8.32,8.32,9.38,8.55,11.03,8.82,7.8,10.8,10.95,10.2
7,2,12,174.93,10.93,12.96,6.39,12.78,12.78,12.58,6.39,7.83,10.86,11.05,10.86,11.58,11.03,12.96,9.38,8.55,11.7,12.6,12.0
7,2,13,191.17,11.95,14.37,5.24,14.17,14.37,13.98,11.38,7.04,12.82,12.72,12.52,13.51,12.41,14.06,5.24,6.75,13.5,13.65,13.05
7,2,14,202.55,12.66,14.77,6.85,14.57,14.77,14.37,13.58,6.85,13.89,13.4,13.21,14.06,13.24,14.61,8.0,7.8,13.35,13.8,13.05
7,2,15,206.26,12.89,14.37,6.16,14.17,14.37,14.17,13.38,6.16,14.18,13.7,12.91,14.34,13.51,14.06,12.41,10.2,12.9,13.35,12.45
7,2,16,188.18,11.76,13.7,5.67,12.98,13.38,13.18,11.98,5.67,13.7,13.11,12.52,12.96,12.13,12.96,11.31,7.95,11.4,11.85,11.1
7,2,17,165.05,10.32,12.23,6.95,11.18,11.18,11.18,10.38,6.95,12.23,11.93,11.35,11.31,10.2,11.03,9.38,9.45,9.15,9.45,8.7
7,2,18,120.15,7.51,9.88,4.6,8.19,8.39,8.39,7.59,4.6,9.88,9.68,9.1,8.27,7.72,8.0,6.34,6.15,6.15,6.15,5.55
7,2,19,68.73,4.3,6.26,2.55,4.59,4.59,4.59,4.19,3.62,6.26,6.07,5.77,5.24,4.69,4.14,3.58,3.6,2.55,2.7,2.55
7,2,20,20.96,1.31,1.86,0.75,1.4,1.2,1.2,1.2,1.17,1.86,1.86,1.66,1.38,1.65,1.38,1.1,1.5,0.75,0.75,0.9
7,2,21,4.6,0.29,0.49,0.0,0.2,0.2,0.2,0.2,0.29,0.29,0.49,0.39,0.28,0.0,0.28,0.28,0.45,0.3,0.45,0.3
7,3,7,1.73,0.11,0.28,0.0,0.2,0.2,0.0,0.2,0.2,0.1,0.0,0.1,0.0,0.0,0.28,0.0,0.15,0.15,0.0,0.15
7,3,8,14.6,0.91,1.5,0.3,1.4,0.6,0.8,0.8,0.88,0.39,0.59,1.08,0.83,1.1,1.1,0.83,1.5,1.2,0.3,1.2
7,3,9,45.78,2.86,4.8,1.1,3.59,3.79,2.99,2.8,2.84,1.57,1.57,1.86,1.1,3.58,4.41,2.48,3.0,4.8,1.2,4.2
7,3,10,89.87,5.62,8.1,2.48,7.59,7.79,5.19,6.59,3.23,5.09,3.82,4.79,2.48,6.07,7.72,3.86,6.6,8.1,4.05,6.9
7,3,11,118.77,7.42,10.98,3.3,9.58,10.98,6.39,7.99,3.62,8.8,4.21,8.22,5.79,9.1,10.75,4.69,7.8,10.95,3.3,6.6
7,3,12,155.82,9.74,13.38,4.21,11.98,13.38,7.99,7.79,4.21,11.74,5.77,10.76,11.31,11.31,12.41,6.07,11.85,12.75,4.8,11.7
7,3,13,177.6,11.1,14.37,3.91,13.18,14.37,10.78,11.38,4.89,13.6,3.91,12.62,12.68,12.96,13.51,8.27,14.25,13.5,4.95,12.75
7,3,14,191.04,11.94,14.77,5.1,12.18,14.77,11.58,13.58,5.97,14.58,8.12,13.01,12.96,13.79,14.06,13.24,11.25,13.8,5.1,13.05
7,3,15,190.45,11.9,14.58,6.65,9.78,13.98,13.78,13.58,6.65,14.58,11.15,10.27,12.41,13.79,13.79,13.79,10.35,13.05,6.75,12.75
7,3,16,175.92,11.0,14.09,5.7,11.38,12.78,10.98,6.79,7.63,14.09,11.64,13.11,10.75,12.41,12.68,12.68,10.35,11.7,5.7,11.25
7,3,17,160.09,10.01,12.33,5.55,8.78,10.98,10.78,10.38,8.32,12.33,11.35,11.64,9.93,10.75,10.75,10.2,9.9,9.45,5.55,9.0
7,3,18,119.57,7.47,9.98,3.75,5.99,7.99,8.19,6.79,9.2,9.98,9.49,9.29,8.27,8.0,7.44,6.89,6.15,6.15,3.75,6.0
7,3,19,69.25,4.33,6.36,1.95,3.19,4.59,4.99,4.59,6.36,6.26,6.26,5.87,4.96,4.69,3.86,3.58,2.85,2.55,1.95,2.7
7,3,20,22.47,1.4,2.25,0.45,2.2,1.0,1.4,1.4,2.25,1.96,1.86,1.76,1.38,1.65,1.38,1.38,0.9,0.75,0.45,0.75
7,3,21,4.0,0.25,0.4,0.0,0.4,0.2,0.2,0.2,0.29,0.29,0.29,0.39,0.28,0.28,0.28,0.0,0.15,0.3,0.15,0.3
7,4,7,1.38,0.09,0.3,0.0,0.0,0.2,0.0,0.0,0.1,0.1,0.1,0.0,0.0,0.0,0.0,0.28,0.3,0.15,0.15,0.0
7,4,8,14.3,0.89,1.38,0.39,0.8,0.6,1.0,0.6,0.98,0.39,0.98,0.49,1.1,0.83,1.38,1.1,1.05,1.2,1.35,0.45
7,4,9,46.17,2.89,4.65,0.88,3.79,3.59,2.8,3.59,2.25,1.47,1.96,0.88,1.93,3.31,4.14,3.86,3.15,4.65,3.9,0.9
7,4,10,94.3,5.89,8.0,1.66,7.19,7.39,4.99,6.99,4.99,4.99,5.67,1.66,4.69,6.07,8.0,6.62,7.2,7.95,7.95,1.95
7,4,11,133.2,8.33,10.78,2.93,9.78,10.78,6.59,9.78,7.34,8.61,7.63,2.93,9.93,8.55,10.75,9.93,6.9,10.65,9.75,3.3
7,4,12,170.44,10.65,12.96,6.6,12.18,12.78,7.79,12.18,7.34,11.25,11.25,8.02,11.58,10.75,12.96,11.86,9.0,12.3,12.6,6.6
7,4,13,196.81,12.3,14.17,8.7,11.78,14.17,10.78,12.98,10.47,12.82,12.72,12.33,12.96,12.13,14.06,12.96,8.7,13.05,13.8,11.1
7,4,14,210.95,13.18,14.77,9.45,14.37,14.37,14.77,11.18,11.84,13.5,13.4,13.01,14.06,12.68,14.61,13.51,9.45,13.05,13.8,13.35
7,4,15,206.1,12.88,15.17,7.35,11.78,13.98,15.17,13.38,11.64,13.21,13.6,13.01,14.34,13.24,14.06,13.24,7.35,12.45,13.05,12.6
7,4,16,179.82,11.24,13.3,6.75,10.58,12.78,7.19,12.18,7.43,12.91,13.3,12.62,12.96,12.41,12.68,12.13,6.75,11.1,11.55,11.25
7,4,17,151.32,9.46,11.84,4.79,9.38,10.58,4.79,10.38,5.58,11.64,11.84,11.64,11.03,10.48,10.75,9.93,6.0,8.85,9.3,9.15
7,4,18,112.7,7.04,9.59,2.2,5.99,7.99,2.2,7.79,6.65,9.59,9.59,9.49,8.27,8.0,7.72,6.62,4.8,5.85,6.3,5.85
7,4,19,64.18,4.01,6.36,1.2,2.4,4.19,1.2,4.19,6.36,6.16,6.16,6.07,4.69,4.69,4.14,3.58,2.25,2.7,2.7,2.7
7,4,20,21.05,1.32,1.86,0.75,1.4,1.2,1.2,1.2,1.86,1.86,1.76,1.76,1.65,1.38,1.38,1.1,0.9,0.75,0.9,0.75
7,4,21,3.83,0.24,0.4,0.0,0.4,0.2,0.2,0.2,0.29,0.2,0.29,0.29,0.0,0.28,0.0,0.28,0.3,0.3,0.3,0.3
7,5,7,1.91,0.12,0.28,0.0,0.2,0.2,0.0,0.2,0.1,0.1,0.0,0.1,0.28,0.0,0.28,0.0,0.15,0.15,0.0,0.15
7,5,8,14.0,0.88,1.4,0.3,1.0,0.4,1.4,0.6,1.17,0.49,0.49,0.59,0.83,1.1,1.1,1.38,0.9,1.2,0.3,1.05
7,5,9,42.75,2.67,4.35,1.05,2.4,3.59,2.4,3.39,1.66,1.47,1.17,1.66,3.31,3.03,4.14,3.58,3.9,4.35,1.05,1.65
7,5,10,86.05,5.38,8.25,1.35,5.99,7.19,4.79,7.39,3.72,4.79,2.15,3.13,6.07,5.79,7.72,6.62,8.25,7.8,1.35,3.3
7,5,11,123.06,7.69,10.48,3.15,8.58,10.38,4.79,10.18,4.11,8.02,3.23,5.87,9.1,8.27,10.48,10.2,9.0,10.35,3.15,7.35
7,5,12,161.83,10.11,12.68,4.35,11.78,12.18,5.39,12.38,8.12,10.27,4.4,10.96,11.31,10.48,12.68,12.13,10.95,12.15,4.35,12.3
7,5,13,183.63,11.48,13.79,5.55,13.18,13.18,5.59,12.98,12.72,11.35,6.26,12.72,13.24,11.58,13.79,13.24,12.3,12.75,5.55,13.2
7,5,14,200.52,12.53,14.38,5.59,13.58,13.58,5.59,13.98,14.38,12.42,9.1,13.21,14.34,12.41,14.34,13.79,14.1,12.75,9.6,13.35
7,5,15,201.84,12.62,14.77,8.9,13.18,13.18,8.98,10.58,14.77,13.01,8.9,13.6,14.06,12.68,13.79,13.51,13.65,12.15,13.05,12.75
7,5,16,180.43,11.28,13.99,6.39,13.38,11.98,9.38,6.39,13.99,12.72,6.55,13.21,12.96,11.86,12.68,12.13,12.15,10.65,9.15,11.25
7,5,17,153.27,9.58,12.23,3.39,11.18,10.18,10.78,3.39,12.23,11.45,7.14,12.03,11.31,10.2,10.48,10.2,9.75,8.7,5.4,8.85
7,5,18,111.98,7.0,9.78,0.8,8.58,7.79,7.79,0.8,9.78,9.29,3.82,9.68,8.27,7.72,7.72,6.89,6.3,5.7,6.0,5.85
7,5,19,63.73,3.98,6.16,1.8,4.59,4.39,3.99,1.8,6.16,5.97,2.93,6.16,5.24,4.41,3.86,3.58,2.85,2.55,2.55,2.7
7,5,20,21.16,1.32,1.86,0.75,1.2,1.0,1.8,1.4,1.86,1.66,1.57,1.86,1.38,1.65,1.38,1.1,0.75,0.75,1.05,0.75
7,5,21,4.17,0.26,0.45,0.0,0.2,0.2,0.4,0.2,0.29,0.29,0.39,0.29,0.28,0.0,0.0,0.28,0.3,0.3,0.45,0.3
7,6,7,1.06,0.07,0.28,0.0,0.0,0.0,0.0,0.0,0.1,0.1,0.0,0.0,0.0,0.28,0.28,0.0,0.15,0.15,0.0,0.0
7,6,8,14.15,0.88,1.65,0.2,1.0,0.6,0.2,0.6,1.08,0.49,0.68,0.59,1.1,0.83,1.38,1.1,1.65,1.2,0.9,0.75
7,6,9,45.64,2.85,4.35,1.35,2.6,3.39,1.8,3.59,1.96,1.47,2.25,2.05,3.03,3.31,3.86,3.58,3.0,4.35,4.05,1.35
7,6,10,85.66,5.35,7.8,2.2,3.39,6.99,2.2,7.19,3.03,4.99,4.11,4.89,6.07,5.51,7.72,6.62,4.2,7.8,4.95,6.0
7,6,11,139.68,8.73,11.1,4.19,9.58,10.18,4.19,10.58,8.02,8.32,5.67,8.41,8.55,8.55,10.2,9.93,11.1,10.5,6.0,9.9
7,6,12,174.44,10.9,12.78,7.04,12.78,12.38,8.19,12.78,8.32,10.96,7.04,10.96,11.31,10.75,12.41,11.86,12.3,12.15,7.95,12.3
7,6,13,197.38,12.34,14.77,8.22,14.77,12.98,8.39,13.98,10.17,12.62,8.22,12.23,13.24,12.13,13.79,12.96,13.65,13.05,11.85,13.35
7,6,14,195.05,12.19,14.97,4.5,14.97,13.38,9.38,14.37,8.9,13.5,4.5,13.3,14.06,12.96,14.34,13.24,14.1,12.75,8.1,13.2
7,6,15,190.96,11.94,14.06,3.75,13.98,13.18,10.58,13.98,11.35,13.6,4.3,13.79,13.51,13.24,14.06,13.24,13.5,12.15,3.75,12.75
7,6,16,177.86,11.12,13.21,2.85,12.38,11.98,12.38,12.38,13.21,13.01,3.42,13.11,12.41,11.86,12.96,11.86,12.0,10.8,2.85,11.25
7,6,17,153.58,9.6,12.42,4.8,8.98,10.18,10.38,10.58,12.42,11.84,5.18,11.74,10.48,10.2,10.75,9.65,8.7,8.7,4.8,9.0
7,6,18,116.11,7.26,9.78,4.99,4.99,7.79,5.99,7.99,9.2,9.59,9.78,9.68,8.27,7.17,5.79,6.62,6.3,5.85,5.25,5.85
7,6,19,66.74,4.17,6.46,1.8,1.8,4.39,2.99,4.39,6.26,6.07,6.46,6.16,4.69,4.41,4.41,3.31,2.85,2.55,3.45,2.55
7,6,20,21.18,1.32,1.86,0.6,0.6,1.2,1.8,1.2,1.86,1.76,1.86,1.66,1.65,1.38,1.38,1.38,0.9,0.9,0.75,0.9
7,6,21,3.35,0.21,0.3,0.0,0.0,0.2,0.2,0.2,0.29,0.29,0.29,0.29,0.28,0.28,0.28,0.0,0.15,0.15,0.3,0.15
7,7,7,2.06,0.13,0.28,0.0,0.2,0.0,0.2,0.0,0.1,0.2,0.1,0.1,0.0,0.28,0.0,0.28,0.15,0.15,0.15,0.15
7,7,8,14.02,0.88,1.35,0.4,0.4,0.6,0.8,0.6,0.78,0.78,0.88,0.49,0.83,0.83,1.1,0.83,1.2,1.35,1.35,1.2
7,7,9,51.39,3.21,4.8,1.47,1.8,3.59,4.39,3.59,1.86,1.86,2.15,1.47,3.31,3.03,4.41,3.58,4.8,3.9,3.45,4.2
7,7,10,98.44,6.15,8.39,2.74,3.79,7.39,8.39,7.59,5.77,4.6,2.74,4.6,6.07,4.96,8.0,6.34,7.05,6.9,6.75,7.5
7,7,11,142.31,8.89,11.1,5.48,8.39,10.38,9.18,10.58,5.48,7.63,5.97,8.02,9.1,7.72,11.03,9.38,11.1,9.75,8.4,10.2
7,7,12,169.37,10.59,13.18,6.36,12.18,11.58,7.59,13.18,6.36,9.98,7.63,10.37,11.58,9.65,12.96,11.31,12.9,11.25,9.15,11.7
7,7,13,197.19,12.32,14.37,10.98,13.18,13.18,10.98,14.37,11.25,11.35,12.03,11.54,13.24,11.03,14.06,12.68,12.6,12.15,11.1,12.45
7,7,14,196.17,12.26,14.57,7.99,11.18,13.58,7.99,14.57,13.6,11.74,9.39,12.03,14.06,10.48,14.06,13.24,14.25,12.3,11.1,12.6
7,7,15,194.39,12.15,14.17,9.38,9.38,13.38,10.38,14.17,13.11,12.03,10.17,12.03,13.79,11.58,13.51,12.41,13.8,11.85,10.8,12.0
7,7,16,179.32,11.21,13.4,6.19,6.19,11.98,11.78,12.78,13.4,12.03,7.83,11.84,12.68,10.75,12.68,11.58,11.1,10.5,11.7,10.5
7,7,17,150.93,9.43,12.42,5.79,5.79,9.78,8.19,10.98,12.42,10.57,9.88,10.86,10.48,9.1,10.2,9.38,6.9,8.4,9.75,8.25
7,7,18,112.21,7.01,9.88,2.4,2.4,7.39,8.98,8.19,9.88,8.32,7.63,8.8,8.27,5.51,7.72,6.62,4.95,5.55,6.45,5.55
7,7,19,66.81,4.18,6.75,2.55,3.39,3.99,4.79,4.39,5.87,4.89,6.75,5.77,4.69,3.58,4.14,3.31,3.0,2.85,2.85,2.55
7,7,20,23.27,1.45,2.15,0.9,1.4,1.6,1.6,1.2,1.66,2.15,1.96,1.57,1.65,1.38,1.65,1.1,0.9,1.65,0.9,0.9
7,7,21,4.44,0.28,0.6,0.0,0.4,0.4,0.2,0.2,0.29,0.59,0.29,0.29,0.0,0.0,0.0,0.28,0.3,0.6,0.3,0.3
7,8,7,1.99,0.12,0.28,0.0,0.0,0.0,0.0,0.2,0.2,0.1,0.1,0.1,0.28,0.28,0.28,0.0,0.15,0.15,0.15,0.0
7,8,8,14.74,0.92,1.5,0.2,0.2,0.6,0.8,0.6,1.47,0.98,0.49,0.49,0.83,0.83,1.1,1.1,1.5,1.2,1.35,1.2
7,8,9,47.37,2.96,4.65,1.0,1.0,3.19,3.79,3.59,2.05,2.15,1.57,1.37,3.03,3.03,4.14,3.31,2.7,3.6,4.65,4.2
7,8,10,88.46,5.53,8.25,2.2,2.2,3.99,7.79,7.59,3.52,3.91,5.09,4.6,4.69,5.79,7.72,6.07,4.65,5.1,8.25,7.5
7,8,11,141.04,8.81,11.18,4.39,4.39,9.18,11.18,10.58,5.38,6.85,8.71,7.92,8.0,8.82,10.75,9.38,8.85,9.75,11.1,10.2
7,8,12,180.11,11.26,13.38,7.95,10.98,12.58,13.38,12.98,9.78,11.05,11.45,10.17,8.0,10.75,12.68,11.31,7.95,12.45,12.75,11.85
7,8,13,210.92,13.18,14.97,11.35,14.57,13.58,14.97,13.98,12.82,13.4,13.21,11.35,13.24,12.41,13.51,12.13,12.45,13.2,13.65,12.45
7,8,14,207.9,12.99,14.97,5.4,12.38,13.98,14.97,14.17,14.18,14.09,14.38,11.93,13.79,12.96,13.51,12.41,5.4,13.35,13.8,12.6
7,8,15,214.53,13.41,14.67,11.45,14.17,13.78,14.17,13.58,14.67,14.28,14.58,11.45,13.79,13.24,13.24,12.13,13.2,12.9,13.35,12.0
7,8,16,198.2,12.39,14.09,10.65,13.38,12.38,13.18,12.38,14.09,13.6,13.79,11.15,12.96,12.13,12.68,11.03,11.4,11.4,12.0,10.65
7,8,17,162.26,10.14,12.33,6.19,6.19,10.38,10.98,10.38,11.64,12.23,12.33,10.47,10.75,10.48,10.75,9.38,9.45,9.15,9.45,8.25
7,8,18,118.3,7.39,9.78,2.6,2.6,7.99,8.39,7.99,8.71,9.68,9.78,8.8,8.27,8.0,7.72,6.07,6.3,6.0,6.45,5.55
7,8,19,66.86,4.18,6.26,2.4,3.19,4.39,4.79,4.39,4.5,6.07,6.26,5.67,4.96,4.69,4.14,3.31,2.55,2.7,2.85,2.4
7,8,20,20.65,1.29,1.96,0.75,1.0,1.2,1.2,1.2,1.27,1.86,1.96,1.57,1.38,1.65,1.38,1.38,1.05,0.75,0.9,0.9
7,8,21,3.88,0.24,0.6,0.0,0.6,0.2,0.2,0.2,0.2,0.29,0.29,0.29,0.28,0.0,0.28,0.0,0.15,0.3,0.3,0.3
7,9,7,1.66,0.1,0.28,0.0,0.0,0.0,0.2,0.2,0.1,0.1,0.1,0.1,0.0,0.28,0.0,0.28,0.15,0.0,0.15,0.0
7,9,8,13.15,0.82,1.5,0.39,0.6,0.8,0.4,0.6,1.17,0.49,0.39,0.49,1.1,0.83,1.1,0.83,1.5,0.45,1.2,1.2
7,9,9,47.54,2.97,4.65,1.05,3.59,3.59,3.59,3.39,1.76,1.27,1.57,1.47,3.03,3.31,3.86,3.31,4.2,1.05,4.65,3.9
7,9,10,93.95,5.87,8.25,1.95,7.59,6.99,7.59,7.59,4.01,2.45,4.89,4.5,6.07,5.51,7.17,6.34,5.7,1.95,8.25,7.35
7,9,11,135.01,8.44,10.8,3.45,10.78,10.18,10.38,10.58,6.16,3.52,8.51,7.73,8.82,8.27,9.93,9.1,7.05,3.45,10.8,9.75
7,9,12,175.23,10.95,12.78,5.77,11.38,12.18,12.58,12.78,9.49,5.77,11.25,10.17,11.58,10.48,11.86,11.31,12.15,8.1,12.6,11.55
7,9,13,206.71,12.92,13.8,11.35,13.38,13.38,13.78,13.78,12.82,12.13,13.11,11.35,13.24,12.13,12.68,12.13,13.8,13.05,13.5,12.45
7,9,14,207.94,13.0,13.98,11.18,11.18,13.58,13.98,13.98,12.82,13.3,13.7,11.93,13.24,12.96,12.96,12.41,13.2,12.9,13.35,12.45
7,9,15,203.24,12.7,13.98,9.58,9.58,13.38,13.98,13.18,13.4,13.3,13.79,12.62,12.68,13.51,12.96,12.41,11.55,12.0,12.75,12.15
7,9,16,187.26,11.7,13.3,9.2,11.38,11.98,12.78,12.18,9.2,13.21,13.3,12.42,12.41,11.86,11.86,11.03,10.65,10.95,11.4,10.65
7,9,17,159.7,9.98,11.93,7.99,7.99,10.18,10.78,10.18,10.66,11.54,11.93,11.25,10.75,10.48,9.93,9.38,8.1,8.55,9.45,8.55
7,9,18,121.04,7.56,9.68,5.55,8.58,7.39,7.99,7.79,9.49,9.1,9.68,9.1,7.44,8.0,6.89,6.34,5.85,5.7,6.15,5.55
7,9,19,66.17,4.14,6.16,2.55,4.99,4.19,4.59,4.39,4.5,5.67,6.16,5.87,3.58,4.41,3.86,3.31,2.7,2.55,2.85,2.55
7,9,20,21.42,1.34,1.86,0.9,1.4,1.2,1.2,1.2,1.86,1.76,1.86,1.66,1.1,1.65,1.38,1.1,1.35,0.9,0.9,0.9
7,9,21,4.54,0.28,0.49,0.15,0.2,0.4,0.2,0.2,0.49,0.39,0.2,0.29,0.28,0.28,0.28,0.28,0.3,0.3,0.15,0.3
7,10,7,1.56,0.1,0.28,0.0,0.0,0.0,0.0,0.0,0.1,0.1,0.1,0.1,0.28,0.0,0.28,0.0,0.15,0.15,0.15,0.15
7,10,8,14.35,0.9,1.65,0.49,0.8,0.6,0.6,0.6,0.68,0.49,0.59,0.49,1.1,1.1,1.1,1.1,1.65,1.05,1.35,1.05
7,10,9,46.61,2.91,4.5,1.27,3.59,3.39,3.79,3.39,1.27,1.47,1.57,1.57,2.48,3.03,3.03,3.03,2.1,4.35,4.5,4.05
7,10,10,95.41,5.96,7.65,3.03,7.59,6.99,7.59,6.99,3.91,4.79,4.7,4.6,3.03,5.51,6.34,6.07,4.8,7.65,7.65,7.2
7,10,11,145.36,9.08,10.98,5.18,10.78,10.18,10.98,10.18,5.18,8.32,8.02,8.02,8.27,8.55,9.38,9.1,7.95,10.35,10.35,9.75
7,10,12,180.81,11.3,13.18,8.82,13.18,11.98,12.78,11.98,10.86,11.05,10.47,10.66,8.82,10.48,9.65,10.75,12.45,12.0,12.15,11.55
7,10,13,199.27,12.45,14.37,10.27,14.37,13.38,13.98,12.98,10.27,12.82,11.74,12.13,11.86,12.13,10.48,12.13,12.9,12.9,12.9,12.3
7,10,14,206.76,12.92,14.77,11.4,14.77,13.98,14.17,13.18,12.13,13.7,11.93,12.91,12.41,12.96,12.41,12.41,11.4,13.05,12.9,12.45
7,10,15,196.93,12.31,14.17,9.59,14.17,13.18,13.78,12.78,9.59,13.6,12.13,12.82,12.41,12.68,11.31,12.13,9.9,12.3,12.45,11.7
7,10,16,187.01,11.69,13.5,10.05,12.78,11.98,12.58,11.78,13.5,13.11,11.54,12.72,10.2,12.13,10.48,11.31,11.1,10.95,10.8,10.05
7,10,17,158.26,9.89,11.84,8.27,10.98,10.18,10.78,9.98,11.64,11.84,10.47,11.45,8.27,10.2,8.27,9.1,9.0,8.85,8.7,8.55
7,10,18,117.6,7.35,9.49,5.55,7.99,7.59,7.99,7.59,9.29,9.49,8.41,9.2,6.62,7.72,5.79,6.07,6.75,5.85,5.7,5.55
7,10,19,68.34,4.27,6.07,2.55,4.79,3.99,4.59,4.19,6.07,6.07,5.18,5.77,4.69,4.41,3.31,3.58,3.45,2.55,3.0,2.7
7,10,20,22.68,1.42,1.93,0.75,1.4,1.2,1.6,1.4,1.86,1.76,1.86,1.76,1.93,1.38,1.38,1.1,1.2,0.75,1.2,0.9
7,10,21,4.16,0.26,0.45,0.0,0.0,0.2,0.2,0.2,0.39,0.2,0.39,0.39,0.28,0.28,0.28,0.0,0.3,0.3,0.45,0.3
7,11,7,1.63,0.1,0.28,0.0,0.2,0.2,0.0,0.0,0.1,0.1,0.1,0.2,0.0,0.0,0.0,0.28,0.15,0.15,0.0,0.15
7,11,8,15.39,0.96,1.8,0.49,0.6,0.6,1.0,0.8,0.49,0.49,0.98,1.17,1.1,1.1,0.83,0.83,1.2,1.05,1.35,1.8
7,11,9,47.1,2.94,4.35,1.47,3.59,3.19,3.39,3.39,1.47,1.57,2.54,2.25,2.76,2.76,2.48,3.31,4.35,3.45,3.75,2.85
7,11,10,90.69,5.67,7.8,3.82,7.39,7.19,5.99,6.99,4.7,4.4,3.82,4.21,5.51,5.51,5.51,6.07,7.8,7.2,4.5,3.9
7,11,11,132.88,8.3,10.58,5.58,10.58,10.18,7.79,9.58,8.02,7.83,5.58,6.36,8.27,8.27,7.72,9.1,10.35,10.05,6.3,6.9
7,11,12,166.84,10.43,12.58,4.59,12.58,12.38,4.59,11.78,10.57,10.47,9.78,9.1,10.75,10.2,9.38,11.31,12.3,11.7,10.05,9.9
7,11,13,187.4,11.71,13.78,9.0,13.78,13.78,9.58,12.18,12.03,11.93,11.54,9.88,11.86,11.58,10.48,12.13,12.9,12.6,12.15,9.0
7,11,14,195.59,12.22,14.17,7.95,14.17,13.98,13.58,13.38,12.62,12.33,12.52,8.71,12.68,12.41,10.48,12.68,13.05,12.75,12.3,7.95
7,11,15,190.81,11.93,13.78,7.5,13.78,13.18,13.38,11.98,12.72,12.42,12.82,9.49,12.68,12.13,10.75,12.13,12.6,11.25,12.0,7.5
7,11,16,170.01,10.63,12.52,4.19,12.38,4.19,12.38,10.38,12.42,12.23,12.52,9.39,12.13,11.58,9.65,11.31,11.1,10.35,10.8,7.2
7,11,17,140.76,8.8,11.15,4.95,10.58,5.99,10.78,9.98,11.05,11.15,11.15,4.99,10.2,9.38,7.17,7.44,8.85,8.1,9.0,4.95
7,11,18,101.96,6.37,9.29,0.2,7.99,0.2,8.39,6.79,9.0,8.61,9.29,5.28,7.72,7.44,5.51,4.14,5.7,5.55,6.15,4.2
7,11,19,58.01,3.63,6.16,0.0,4.39,0.0,4.79,3.59,5.97,5.58,6.16,2.54,4.69,4.41,2.76,2.48,2.4,2.55,3.15,2.55
7,11,20,18.92,1.18,1.86,0.0,1.4,0.0,1.4,0.8,1.76,1.27,1.86,1.57,1.38,1.38,1.1,1.1,0.9,0.75,0.9,1.35
7,11,21,4.08,0.26,0.45,0.0,0.2,0.0,0.0,0.2,0.39,0.39,0.29,0.29,0.28,0.28,0.28,0.28,0.45,0.15,0.3,0.3
7,12,7,1.15,0.07,0.2,0.0,0.2,0.0,0.2,0.2,0.1,0.1,0.1,0.1,0.0,0.0,0.0,0.0,0.0,0.15,0.0,0.0
7,12,8,12.83,0.8,1.65,0.0,0.8,0.0,0.6,0.6,1.08,0.49,0.49,1.08,0.28,0.83,1.1,0.83,1.2,0.6,1.2,1.65
7,12,9,41.06,2.57,3.86,0.83,3.59,2.0,3.19,2.99,2.25,1.47,2.15,2.54,0.83,2.76,3.86,2.48,2.85,2.4,2.55,3.15
7,12,10,78.5,4.91,8.19,2.74,4.99,6.19,8.19,6.99,2.74,4.6,3.82,3.33,3.86,5.51,7.44,5.24,2.85,4.2,4.8,3.75
7,12,11,112.87,7.05,10.48,2.4,6.39,9.78,7.99,8.19,2.54,7.92,8.12,5.58,6.89,8.27,10.48,7.17,2.4,5.55,9.6,6.0
7,12,12,138.5,8.66,12.6,3.82,4.79,11.58,6.99,11.58,3.82,10.47,11.25,7.04,6.62,10.2,12.41,8.0,5.25,6.45,12.6,9.45
7,12,13,157.56,9.85,13.51,3.99,3.99,12.98,10.38,11.98,6.46,11.84,13.01,8.12,9.1,11.86,13.51,12.68,5.55,7.05,11.55,7.5
7,12,14,169.71,10.61,13.98,5.59,5.59,13.98,8.19,11.18,11.15,12.03,10.27,6.36,10.48,12.68,13.79,13.51,12.3,7.2,13.95,7.05
7,12,15,173.43,10.84,14.37,5.99,5.99,13.38,14.37,11.98,11.54,12.72,8.71,7.63,12.68,12.68,12.96,13.24,10.35,7.05,11.55,6.6
7,12,16,156.14,9.76,13.38,6.15,9.38,11.78,13.38,8.98,8.9,12.23,8.8,6.85,11.58,11.58,12.41,7.72,7.35,6.15,11.4,7.65
7,12,17,125.67,7.85,11.25,3.79,3.79,10.38,8.39,7.79,6.07,11.25,9.29,6.46,9.65,9.93,10.2,6.07,6.0,5.1,8.55,6.75
7,12,18,101.24,6.33,9.1,3.6,5.39,7.39,6.39,5.99,6.75,9.1,6.36,5.58,7.44,7.44,7.72,4.69,5.4,3.6,6.6,5.4
7,12,19,55.32,3.46,5.67,1.0,1.0,4.59,4.59,3.19,4.7,5.67,3.13,2.54,4.41,4.41,3.86,3.03,3.15,1.65,3.15,2.25
7,12,20,21.19,1.32,1.96,0.45,1.6,1.2,1.2,1.4,1.86,1.76,1.96,1.37,1.38,1.38,1.38,1.1,1.35,0.45,0.9,0.9
7,12,21,3.92,0.24,0.4,0.0,0.4,0.2,0.2,0.4,0.29,0.29,0.2,0.2,0.28,0.28,0.28,0.0,0.15,0.15,0.3,0.3
7,13,7,1.13,0.07,0.28,0.0,0.0,0.0,0.2,0.0,0.0,0.0,0.2,0.0,0.0,0.0,0.0,0.28,0.15,0.15,0.15,0.0
7,13,8,12.32,0.77,1.35,0.0,0.8,0.4,0.6,0.8,0.0,0.49,0.39,0.88,0.55,0.83,1.1,0.83,1.35,1.05,1.2,1.05
7,13,9,38.72,2.42,4.5,0.0,1.4,3.39,3.59,3.39,0.0,1.27,1.37,0.98,1.1,2.76,4.14,3.03,2.85,3.9,4.5,1.05
7,13,10,81.98,5.12,8.4,0.0,1.2,7.39,7.59,6.59,0.0,4.5,4.99,3.82,1.65,5.24,7.72,5.79,4.05,7.35,8.4,5.7
7,13,11,123.42,7.71,11.25,0.0,2.6,10.38,10.98,8.39,0.0,7.53,8.71,6.75,6.34,8.27,10.75,8.82,6.75,9.9,11.25,6.0
7,13,12,161.09,10.07,13.2,0.0,8.58,12.78,13.18,10.58,0.0,9.98,11.54,6.85,7.17,10.2,12.68,10.75,11.7,11.55,13.2,10.35
7,13,13,183.5,11.47,14.37,0.0,11.78,13.98,14.37,10.98,0.0,11.45,13.5,10.76,7.72,11.86,13.79,11.86,13.5,12.3,13.8,11.85
7,13,14,186.42,11.65,14.77,0.0,8.78,14.57,14.77,10.58,0.0,12.03,14.58,9.39,11.86,12.96,13.79,12.41,13.8,12.3,14.1,10.5
7,13,15,184.86,11.55,14.58,0.0,10.58,13.58,14.17,10.78,0.0,12.82,14.58,9.98,13.24,12.68,13.79,11.86,13.2,11.85,13.35,8.4
7,13,16,166.14,10.38,13.79,0.0,9.38,12.38,12.98,6.59,0.0,12.33,13.79,7.34,12.41,12.13,12.68,10.48,11.55,10.65,12.0,9.45
7,13,17,141.28,8.83,12.13,0.0,10.78,10.38,11.18,6.19,0.0,11.25,12.13,6.85,10.75,9.93,10.75,6.89,9.3,8.4,9.6,6.9
7,13,18,106.92,6.68,9.78,0.0,8.39,7.99,8.19,7.79,0.0,9.1,9.78,4.79,7.72,7.44,7.72,5.51,6.15,5.55,6.3,4.5
7,13,19,56.77,3.55,6.26,0.0,4.39,4.39,4.79,2.4,0.0,5.77,6.26,2.45,4.69,4.41,3.86,3.31,2.7,2.55,2.85,1.95
7,13,20,17.12,1.07,1.76,0.0,1.0,1.2,1.6,0.6,0.0,1.57,1.76,0.98,1.38,1.1,1.38,1.1,1.05,0.75,0.75,0.9
7,13,21,3.36,0.21,0.3,0.0,0.0,0.2,0.2,0.2,0.0,0.29,0.29,0.29,0.28,0.28,0.28,0.0,0.3,0.15,0.3,0.3
7,14,7,1.13,0.07,0.28,0.0,0.2,0.0,0.2,0.2,0.0,0.0,0.1,0.0,0.0,0.0,0.0,0.28,0.0,0.15,0.0,0.0
7,14,8,12.16,0.76,1.38,0.3,0.8,0.6,0.6,0.8,0.39,0.49,0.39,0.68,0.83,1.1,1.1,1.38,0.3,1.05,1.2,0.45
7,14,9,40.97,2.56,4.35,1.17,2.4,3.39,3.59,2.99,1.17,1.37,1.37,1.76,3.03,2.76,3.58,2.76,1.2,3.9,4.35,1.35
7,14,10,90.1,5.63,8.1,2.05,7.19,7.19,7.59,5.79,2.05,4.5,4.79,3.62,5.51,4.96,7.44,6.07,2.1,7.2,8.1,6.0
7,14,11,125.74,7.86,10.8,1.47,10.38,10.38,10.78,9.18,5.09,8.02,8.32,1.47,8.55,8.0,10.2,8.82,4.2,9.9,10.8,1.65
7,14,12,174.34,10.9,13.18,7.04,12.18,12.58,13.18,10.58,10.47,10.66,10.96,7.04,11.03,10.2,12.13,11.03,10.8,11.4,12.45,7.65
7,14,13,188.44,11.78,14.37,3.45,13.38,14.17,14.37,11.98,12.62,12.42,12.52,3.72,12.96,11.58,13.24,12.13,13.8,12.6,13.5,3.45
7,14,14,200.66,12.54,14.17,7.35,13.98,14.17,12.38,12.38,13.5,13.4,13.01,8.02,13.51,12.41,13.79,12.41,13.95,12.75,13.65,7.35
7,14,15,204.77,12.8,13.98,10.35,13.78,13.18,13.98,12.18,13.89,13.7,13.01,11.15,13.24,12.96,13.24,11.86,13.5,11.85,12.9,10.35
7,14,16,184.1,11.51,13.6,7.65,12.58,12.58,12.78,10.58,13.5,13.6,12.52,8.51,12.13,11.58,12.41,9.93,11.7,10.5,11.55,7.65
7,14,17,158.78,9.92,12.13,7.72,10.58,10.58,10.58,8.39,11.84,12.13,11.05,10.08,10.2,9.93,10.75,7.72,9.3,8.4,9.0,8.25
7,14,18,114.47,7.15,9.49,4.96,7.79,7.99,7.59,5.79,9.39,9.49,7.43,8.32,7.44,7.44,7.44,4.96,6.0,6.0,5.85,5.55
7,14,19,64.24,4.01,6.55,2.1,4.59,4.59,4.39,2.4,5.77,6.16,6.55,3.62,4.69,4.41,4.14,3.03,2.85,2.55,2.4,2.1
7,14,20,20.27,1.27,1.76,0.55,1.4,1.6,1.4,1.0,1.76,1.66,1.76,1.66,1.38,1.1,1.1,0.55,1.05,0.75,0.9,1.2
7,14,21,4.08,0.26,0.39,0.15,0.2,0.2,0.2,0.2,0.29,0.29,0.29,0.39,0.28,0.28,0.28,0.28,0.15,0.15,0.3,0.3
7,15,7,0.65,0.04,0.15,0.0,0.0,0.0,0.0,0.0,0.0,0.0,0.1,0.1,0.0,0.0,0.0,0.0,0.15,0.15,0.0,0.15
7,15,8,13.23,0.83,1.5,0.39,0.8,0.6,0.6,0.6,0.78,0.39,0.39,0.68,0.83,0.83,1.1,0.83,1.5,1.05,1.2,1.05
7,15,9,45.77,2.86,4.2,1.2,1.2,3.39,3.59,3.19,2.84,1.37,1.37,1.57,3.03,2.76,3.58,3.03,3.3,4.05,4.2,3.3
7,15,10,95.1,5.94,7.95,2.0,2.0,7.39,7.59,6.39,5.87,4.5,4.6,4.4,5.51,5.24,7.17,5.79,6.6,7.65,7.95,6.45
7,15,11,141.87,8.87,10.98,3.79,3.79,10.78,10.98,9.18,8.51,8.12,8.02,7.24,8.55,7.72,9.93,8.55,10.65,10.35,10.65,8.85
7,15,12,172.08,10.76,13.38,3.58,10.98,13.18,13.38,11.18,7.24,10.66,10.66,9.88,11.03,3.58,12.13,10.48,13.05,11.85,12.15,10.65
7,15,13,184.51,11.53,14.77,0.0,13.78,14.57,14.77,12.18,5.87,11.93,11.84,11.54,12.96,0.0,12.96,11.86,12.9,12.45,12.9,12.0
7,15,14,194.85,12.18,14.97,0.0,13.98,14.97,14.77,12.98,10.57,12.13,12.33,12.33,13.79,0.0,13.24,11.86,13.65,12.45,13.5,12.3
7,15,15,195.98,12.25,14.37,6.16,13.98,14.37,14.37,12.78,6.16,12.03,13.11,12.03,13.51,8.55,12.96,11.58,13.35,12.15,13.2,11.85
7,15,16,177.91,11.12,12.98,3.91,12.78,12.98,12.98,10.58,3.91,11.35,12.62,11.74,12.41,8.82,11.86,11.03,11.85,10.8,11.85,10.35
7,15,17,152.7,9.54,11.45,4.21,10.78,10.78,10.78,9.38,4.21,10.76,11.45,10.66,10.48,8.27,10.2,9.1,9.45,8.7,9.45,8.25
7,15,18,113.61,7.1,9.29,3.03,8.19,7.99,8.39,6.99,3.03,8.71,9.29,8.51,8.0,7.72,7.17,6.07,6.3,5.55,6.3,5.4
7,15,19,62.1,3.88,5.87,1.57,4.59,4.59,4.59,3.59,1.57,5.48,5.87,5.18,4.41,4.14,3.58,3.86,2.85,2.55,2.7,2.55
7,15,20,19.59,1.22,1.76,0.49,1.4,1.2,1.2,1.2,0.49,1.57,1.66,1.76,1.38,1.65,1.38,1.1,0.9,0.75,0.9,1.05
7,15,21,3.22,0.2,0.39,0.0,0.2,0.0,0.2,0.2,0.0,0.2,0.29,0.39,0.28,0.0,0.28,0.28,0.15,0.3,0.15,0.3
7,16,7,0.98,0.06,0.28,0.0,0.0,0.2,0.0,0.0,0.0,0.1,0.0,0.1,0.0,0.28,0.0,0.0,0.15,0.0,0.15,0.0
7,16,8,12.02,0.75,1.2,0.29,1.0,0.4,0.6,0.8,0.29,0.49,0.49,0.49,0.83,0.83,1.1,1.1,0.3,1.05,1.2,1.05
7,16,9,43.68,2.73,4.2,0.75,3.59,3.39,3.39,3.59,0.78,1.27,1.37,1.57,2.76,2.76,3.58,3.03,0.75,3.9,4.2,3.75
7,16,10,90.1,5.63,7.65,1.05,7.39,7.39,7.39,6.59,1.66,4.3,4.5,4.4,5.51,5.51,7.17,5.79,1.05,7.05,7.65,6.75
7,16,11,134.61,8.41,10.78,2.25,9.98,10.58,10.78,9.38,2.54,7.63,8.02,7.63,8.55,8.27,10.2,9.1,2.25,9.75,10.35,9.6
7,16,12,164.95,10.31,12.78,3.03,12.38,12.78,12.78,10.98,3.03,10.08,10.47,10.08,11.03,10.2,11.86,11.03,3.75,11.25,12.0,11.25
7,16,13,186.91,11.68,14.17,5.67,12.38,14.17,14.17,12.58,5.67,11.35,11.84,11.64,12.96,11.58,12.96,12.41,6.0,12.0,13.05,12.15
7,16,14,200.17,12.51,14.17,9.39,11.78,14.17,13.78,13.18,9.39,11.64,12.23,12.03,13.79,12.41,12.96,12.41,12.75,12.15,13.2,12.3
7,16,15,199.39,12.46,13.7,9.18,9.18,13.58,13.58,12.98,13.7,11.45,12.13,12.13,13.51,12.41,12.68,12.41,13.2,11.7,12.9,11.85
7,16,16,173.21,10.83,12.41,6.39,6.39,12.38,12.18,8.39,8.71,11.45,12.03,12.23,12.41,11.58,11.58,11.58,10.2,10.35,11.4,10.35
7,16,17,149.45,9.34,11.15,5.09,7.79,10.18,10.38,7.39,5.09,10.66,11.15,11.15,10.75,10.2,9.93,9.38,9.9,8.1,9.15,8.25
7,16,18,110.61,6.91,9.2,2.54,8.58,7.79,7.79,5.59,2.54,8.51,9.2,8.71,7.72,7.72,7.17,6.34,6.3,5.25,6.0,5.4
7,16,19,60.41,3.78,5.67,1.57,4.59,4.39,4.39,1.8,1.57,5.48,5.67,5.28,4.69,4.14,3.58,3.58,3.45,2.55,2.7,2.55
7,16,20,18.95,1.18,1.66,0.68,1.2,1.0,1.2,1.2,0.68,1.47,1.66,1.57,1.38,1.38,1.38,1.38,1.05,0.75,0.75,0.9
7,16,21,4.0,0.25,0.4,0.1,0.2,0.2,0.2,0.4,0.1,0.2,0.29,0.39,0.28,0.28,0.28,0.28,0.15,0.15,0.3,0.3
7,17,7,1.13,0.07,0.28,0.0,0.0,0.0,0.2,0.0,0.0,0.1,0.1,0.0,0.0,0.0,0.0,0.28,0.0,0.15,0.15,0.15
7,17,8,11.18,0.7,1.1,0.1,0.4,0.6,0.6,0.8,0.1,0.49,0.39,0.49,0.83,0.83,1.1,1.1,0.3,1.05,1.05,1.05
7,17,9,40.45,2.53,4.2,0.59,1.2,3.39,3.39,3.19,0.59,1.27,1.47,1.37,2.76,2.76,3.58,3.03,0.75,3.75,4.2,3.75
7,17,10,83.99,5.25,7.8,1.37,2.8,7.19,6.99,6.79,1.37,4.3,4.6,4.6,5.51,5.24,7.17,3.58,1.8,6.9,7.8,7.35
7,17,11,127.67,7.98,10.58,2.54,5.59,10.58,10.38,9.38,2.54,7.53,8.22,8.02,8.27,8.27,10.2,5.24,3.15,9.6,10.5,10.2
7,17,12,162.71,10.17,12.78,3.03,11.18,12.78,12.38,10.58,3.03,10.08,10.86,10.76,11.03,9.93,12.13,8.82,3.9,11.4,12.3,11.55
7,17,13,183.79,11.49,14.37,3.23,13.78,14.37,13.58,12.18,3.23,11.25,12.33,11.93,12.68,11.31,13.24,11.31,4.8,12.15,13.2,12.45
7,17,14,194.85,12.18,14.57,3.62,14.37,14.57,13.18,13.18,3.62,11.64,12.91,12.62,13.51,12.13,14.06,12.41,7.95,12.6,13.35,12.75
7,17,15,195.23,12.2,14.17,5.58,14.17,13.98,12.98,11.38,5.58,12.62,13.11,12.52,13.51,12.13,13.79,11.31,11.1,12.15,12.6,12.3
7,17,16,184.25,11.52,12.72,6.75,12.58,12.18,11.98,11.78,6.75,12.33,12.72,12.23,12.41,11.31,12.68,10.75,11.55,10.8,11.25,10.95
7,17,17,154.89,9.68,11.64,3.62,10.78,10.38,10.58,10.38,3.62,11.05,11.64,11.05,10.2,9.93,10.48,9.1,9.6,8.4,9.0,8.7
7,17,18,110.61,6.91,9.68,2.35,7.99,7.99,6.99,6.19,2.35,8.9,9.68,8.9,7.72,7.17,7.44,6.34,5.85,5.4,6.0,5.7
7,17,19,62.39,3.9,6.16,1.47,4.59,4.39,4.19,4.79,1.47,5.58,6.16,5.58,4.41,4.14,3.58,3.31,2.4,2.4,2.85,2.55
7,17,20,19.61,1.23,1.76,0.75,1.4,1.0,1.2,1.4,0.88,1.47,1.76,1.66,1.38,1.38,1.38,1.1,1.05,0.75,0.75,1.05
7,17,21,3.92,0.24,0.39,0.0,0.2,0.2,0.2,0.2,0.2,0.29,0.2,0.39,0.28,0.28,0.0,0.28,0.3,0.3,0.3,0.3
7,18,7,1.29,0.08,0.28,0.0,0.0,0.0,0.0,0.0,0.1,0.0,0.1,0.1,0.0,0.28,0.28,0.28,0.15,0.0,0.0,0.0
7,18,8,12.99,0.81,1.35,0.39,0.8,0.6,0.6,0.8,0.39,0.49,0.68,0.39,0.83,0.83,1.1,0.83,1.05,1.05,1.35,1.2
7,18,9,46.91,2.93,4.5,1.37,3.39,3.39,2.99,2.99,1.37,1.37,1.86,1.47,2.76,2.48,3.31,3.03,4.5,3.9,4.2,3.9
7,18,10,100.99,6.31,8.1,4.11,7.59,7.19,6.99,6.79,4.89,4.3,4.79,4.11,5.24,5.24,7.17,5.79,8.1,7.2,7.95,7.65
7,18,11,150.3,9.39,10.95,7.14,10.78,10.38,9.98,9.98,8.71,7.53,8.41,7.14,8.27,8.27,10.2,9.1,10.95,9.9,10.5,10.2
7,18,12,183.92,11.49,12.9,8.02,12.78,12.58,12.18,11.98,11.45,10.08,11.35,8.02,10.48,10.2,11.86,11.31,12.9,11.7,12.45,12.6
7,18,13,203.65,12.73,13.98,9.68,13.98,13.78,13.58,13.58,13.4,11.45,13.21,9.68,12.41,11.31,12.96,12.41,13.65,12.75,13.2,12.3
7,18,14,216.98,13.56,14.37,12.13,14.17,13.78,14.17,14.37,14.18,12.52,14.18,13.79,13.51,12.13,13.24,13.24,13.65,13.05,13.5,13.5
7,18,15,214.11,13.38,14.38,12.41,13.98,13.38,13.78,13.98,14.38,12.52,14.28,13.79,13.51,12.41,13.24,12.96,13.2,12.75,12.9,13.05
7,18,16,197.01,12.31,13.7,11.4,12.58,12.18,12.58,12.58,13.7,12.33,13.5,13.11,12.13,11.86,12.13,12.13,11.85,11.4,11.55,11.4
7,18,17,167.48,10.47,12.23,9.15,10.58,10.18,10.58,10.78,12.13,11.64,12.23,12.03,10.2,10.2,9.93,9.65,9.45,9.3,9.45,9.15
7,18,18,123.8,7.74,9.88,5.85,7.99,7.79,8.19,7.99,9.88,9.49,9.78,9.29,7.72,7.44,7.17,6.62,6.3,5.85,6.3,6.0
7,18,19,68.93,4.31,6.16,2.55,4.59,4.19,4.59,4.59,6.16,6.07,6.16,6.07,4.41,4.14,3.58,3.58,2.85,2.55,2.85,2.55
7,18,20,20.47,1.28,1.86,0.75,1.2,1.2,1.4,1.2,1.86,1.66,1.76,1.37,1.38,1.38,1.38,1.38,0.75,0.75,0.9,0.9
7,18,21,3.24,0.2,0.3,0.0,0.2,0.2,0.2,0.2,0.2,0.2,0.29,0.29,0.0,0.28,0.28,0.0,0.3,0.3,0.15,0.15
7,19,7,0.88,0.06,0.28,0.0,0.2,0.0,0.0,0.0,0.0,0.0,0.1,0.0,0.0,0.0,0.0,0.28,0.0,0.0,0.15,0.15
7,19,8,12.98,0.81,1.35,0.4,0.4,0.6,0.4,1.2,0.59,0.68,0.68,0.49,0.83,0.83,1.1,0.83,1.05,0.9,1.35,1.05
7,19,9,44.33,2.77,4.35,1.2,3.39,3.39,1.2,2.4,1.96,1.66,1.66,1.86,2.76,2.76,3.58,3.31,4.35,2.4,3.6,4.05
7,19,10,84.95,5.31,7.8,1.96,6.99,6.99,3.39,4.19,4.21,3.62,1.96,4.79,5.24,5.51,7.17,6.89,7.8,6.9,3.15,6.15
7,19,11,129.39,8.09,10.65,2.54,9.98,10.18,9.78,6.19,8.22,8.02,2.54,5.97,8.0,8.0,10.48,9.93,10.65,10.2,3.75,7.5
7,19,12,164.74,10.3,12.41,4.21,12.18,12.38,12.38,6.99,11.35,10.86,4.21,9.1,10.2,10.2,12.41,12.13,12.3,11.85,4.65,11.55
7,19,13,193.19,12.07,13.78,4.6,13.18,13.78,13.78,11.58,13.3,12.52,4.6,12.42,12.13,11.58,13.51,12.96,13.35,13.05,8.55,12.9
7,19,14,206.4,12.9,14.37,5.38,14.17,14.17,14.37,14.37,14.18,12.72,5.38,13.6,13.24,12.68,14.06,13.51,13.65,13.2,10.2,12.9
7,19,15,208.57,13.04,14.38,10.08,13.78,13.98,13.98,13.58,14.38,12.62,10.08,13.6,12.96,11.86,13.51,13.24,12.9,12.6,13.2,12.3
7,19,16,194.53,12.16,13.7,10.37,12.58,12.78,12.58,12.58,13.7,12.62,10.37,13.21,11.86,12.13,12.41,12.41,11.55,11.1,11.7,10.95
7,19,17,160.91,10.06,12.13,6.46,10.38,10.78,10.58,10.38,12.13,11.35,6.46,11.84,9.93,10.2,10.2,9.93,9.45,8.85,9.6,8.85
7,19,18,118.54,7.41,9.78,5.28,7.79,8.19,8.19,7.99,9.78,8.9,5.28,9.49,7.72,7.72,7.17,6.62,6.15,5.7,6.15,5.7
7,19,19,64.91,4.06,6.07,2.54,4.59,4.59,4.59,4.39,6.07,5.48,2.54,5.87,4.41,4.14,3.86,3.58,2.7,2.7,2.85,2.55
7,19,20,20.67,1.29,1.76,0.75,1.2,1.2,1.4,1.2,1.76,1.76,1.47,1.57,1.38,1.65,1.1,1.38,0.9,1.05,0.9,0.75
7,19,21,2.96,0.18,0.3,0.0,0.2,0.2,0.2,0.2,0.29,0.2,0.2,0.29,0.0,0.0,0.28,0.0,0.15,0.3,0.3,0.15
7,20,7,0.98,0.06,0.28,0.0,0.0,0.0,0.0,0.0,0.1,0.1,0.1,0.1,0.0,0.28,0.0,0.0,0.15,0.0,0.0,0.15
7,20,8,11.79,0.74,1.2,0.29,0.6,0.4,0.4,0.6,0.59,0.68,0.59,0.29,0.83,0.83,1.1,0.83,1.05,1.2,0.75,1.05
7,20,9,42.9,2.68,4.35,0.8,3.39,3.39,0.8,3.39,1.57,2.05,1.86,1.37,2.48,2.48,3.31,3.31,4.35,3.0,2.1,4.05
7,20,10,88.71,5.54,7.95,1.6,7.39,6.99,1.6,6.99,3.03,4.6,4.21,4.7,4.96,5.51,6.89,6.34,7.95,4.2,5.85,7.5
7,20,11,132.93,8.31,10.8,3.59,10.18,9.98,3.59,9.98,7.14,3.62,8.32,8.32,7.44,8.0,9.93,9.38,10.8,5.7,10.35,10.2
7,20,12,170.91,10.68,12.6,5.38,12.58,12.18,8.39,12.18,11.35,5.38,10.96,11.15,10.2,10.2,12.13,11.31,12.6,6.0,12.15,12.15
7,20,13,195.65,12.23,13.78,6.75,13.78,13.38,13.58,13.38,13.11,6.75,12.72,12.62,11.58,11.31,13.51,12.68,13.35,7.95,13.05,12.9
7,20,14,204.0,12.75,14.37,7.53,14.37,13.98,14.37,13.58,13.89,7.53,13.7,13.3,12.68,11.58,14.06,12.96,13.5,8.25,13.2,13.05
7,20,15,199.91,12.49,13.98,7.73,13.98,13.38,13.98,13.18,13.79,7.73,13.79,13.5,12.68,10.2,13.51,13.24,13.05,9.0,12.75,12.15
7,20,16,188.57,11.79,13.21,8.85,12.78,12.18,12.58,11.98,13.21,9.39,13.21,13.21,11.31,11.31,12.68,12.13,11.55,8.85,11.25,10.95
7,20,17,153.62,9.6,12.03,4.5,10.78,10.58,10.58,9.78,12.03,6.65,11.74,11.64,9.38,9.38,10.2,9.38,9.3,4.5,9.15,8.55
7,20,18,115.89,7.24,9.59,5.1,7.19,7.59,6.79,7.59,9.59,6.95,9.2,9.49,7.17,7.17,7.44,6.62,6.15,5.1,6.15,5.7
7,20,19,66.11,4.13,5.97,2.55,4.79,4.19,4.39,4.19,5.97,4.79,5.67,5.97,3.86,3.58,3.58,3.58,2.7,3.45,2.85,2.55
7,20,20,21.79,1.36,2.15,0.75,1.4,1.4,1.6,1.2,1.76,2.15,1.76,1.66,1.38,1.1,1.38,1.1,0.75,1.35,1.05,0.75
7,20,21,3.17,0.2,0.49,0.0,0.0,0.2,0.2,0.0,0.2,0.49,0.29,0.2,0.28,0.28,0.0,0.28,0.15,0.15,0.15,0.3
7,21,7,1.13,0.07,0.28,0.0,0.0,0.0,0.0,0.2,0.1,0.0,0.1,0.0,0.0,0.0,0.28,0.0,0.15,0.15,0.15,0.0
7,21,8,11.96,0.75,1.2,0.4,0.4,0.4,0.4,0.6,0.49,0.88,0.78,0.49,0.83,0.83,0.83,0.83,1.05,0.9,1.2,1.05
7,21,9,38.83,2.43,4.35,0.8,3.19,0.8,1.6,2.99,1.27,1.17,1.86,1.27,2.48,2.21,3.31,3.03,4.35,1.5,3.9,3.9
7,21,10,88.82,5.55,7.95,0.6,6.79,0.6,4.99,6.79,4.79,3.82,4.6,4.7,4.96,5.79,7.17,6.07,7.95,4.65,7.65,7.5
7,21,11,136.74,8.55,10.8,1.6,9.98,1.6,10.38,9.78,8.51,4.79,8.22,8.32,7.44,7.44,9.93,9.1,10.8,10.05,10.35,10.05
7,21,12,178.49,11.16,12.6,5.79,12.38,5.79,12.38,11.78,11.35,10.66,11.15,11.25,9.93,10.2,11.86,11.31,12.6,11.4,12.45,12.0
7,21,13,200.9,12.56,13.58,10.76,13.38,10.78,13.58,13.18,13.21,10.76,12.91,13.01,11.86,11.58,13.24,12.41,13.5,12.0,13.35,12.15
7,21,14,208.27,13.02,13.98,10.78,13.78,10.78,13.98,13.98,13.79,12.42,13.7,13.11,12.68,12.13,13.79,12.68,13.35,11.85,13.65,12.6
7,21,15,195.67,12.23,14.09,2.4,13.38,2.4,13.78,13.78,14.09,12.42,13.79,13.3,12.41,12.68,13.51,12.13,12.9,11.85,12.75,10.5
7,21,16,177.64,11.1,13.6,2.0,12.18,2.0,12.58,12.38,13.6,11.05,13.21,9.49,11.31,12.13,12.41,10.75,11.55,11.1,11.4,10.5
7,21,17,141.03,8.81,12.13,1.76,10.18,5.39,10.58,10.78,12.13,1.76,11.93,9.1,9.38,10.75,9.93,8.82,9.3,3.75,9.0,8.25
7,21,18,105.78,6.61,9.78,1.17,7.59,5.19,7.99,7.99,9.78,1.17,9.29,9.68,6.89,8.0,7.17,5.24,6.15,1.2,6.15,6.3
7,21,19,66.08,4.13,6.07,2.25,4.39,4.79,4.39,4.39,6.07,4.3,5.87,6.07,3.86,4.41,3.58,3.31,2.7,2.25,2.85,2.85
7,21,20,20.26,1.27,1.76,0.75,1.2,0.8,1.4,1.4,1.66,1.57,1.76,1.76,1.38,1.38,1.1,1.1,0.75,1.2,0.9,0.9
7,21,21,4.01,0.25,0.45,0.0,0.2,0.2,0.2,0.2,0.2,0.29,0.29,0.39,0.28,0.28,0.28,0.0,0.3,0.15,0.3,0.45
7,22,7,0.68,0.04,0.28,0.0,0.2,0.0,0.0,0.0,0.1,0.1,0.0,0.0,0.0,0.0,0.0,0.28,0.0,0.0,0.0,0.0
7,22,8,12.54,0.78,1.2,0.39,0.6,0.6,0.4,0.6,0.59,0.39,0.88,0.39,0.83,0.83,1.1,0.83,1.2,1.05,1.2,1.05
7,22,9,43.92,2.74,4.35,1.37,2.99,3.19,1.6,2.6,1.66,1.37,2.05,1.37,2.21,2.76,3.31,2.76,3.9,3.75,4.35,4.05
7,22,10,93.38,5.84,7.95,3.39,6.59,6.79,3.39,5.79,4.6,4.4,4.79,4.7,4.69,5.24,6.89,5.51,7.35,7.2,7.95,7.5
7,22,11,146.11,9.13,10.95,7.44,9.38,9.78,9.18,10.38,8.02,7.73,8.41,8.22,7.44,8.27,9.65,8.55,10.2,9.75,10.95,10.2
7,22,12,181.79,11.36,12.78,9.38,11.58,11.98,12.78,11.98,10.86,10.17,11.15,11.05,9.38,9.93,11.58,10.75,12.0,11.7,12.75,12.15
7,22,13,203.18,12.7,13.98,11.31,12.78,13.18,13.98,13.78,12.62,11.64,12.91,12.23,11.31,11.58,12.96,11.86,12.9,12.6,13.8,13.05
7,22,14,211.45,13.22,14.57,11.86,13.38,13.58,14.57,13.98,13.3,13.21,13.79,12.62,11.86,12.41,13.24,12.41,13.2,13.05,13.8,13.05
7,22,15,208.06,13.0,14.37,11.31,12.78,13.38,14.37,13.78,13.3,13.6,13.99,12.82,11.31,12.96,12.96,12.41,12.45,12.45,13.05,12.45
7,22,16,189.21,11.83,13.4,10.2,11.38,11.58,12.98,12.38,12.91,12.91,13.4,12.33,10.2,12.13,11.58,11.03,10.95,10.95,11.55,10.95
7,22,17,159.66,9.98,12.03,8.55,9.98,9.18,10.98,10.58,11.35,11.54,12.03,11.54,9.1,9.93,9.1,9.1,8.7,8.7,9.3,8.55
7,22,18,118.43,7.4,9.59,5.55,7.39,7.39,8.39,7.59,8.8,9.29,9.59,9.59,6.89,7.72,6.62,6.07,5.7,5.7,6.15,5.55
7,22,19,65.11,4.07,6.07,2.55,3.99,3.99,4.79,3.99,5.38,5.67,6.07,5.97,3.86,3.86,3.58,3.31,2.7,2.55,2.85,2.55
7,22,20,19.27,1.2,1.76,0.75,1.0,1.2,1.2,1.2,1.76,1.57,1.66,1.57,1.38,1.38,1.1,1.1,0.9,0.75,0.75,0.75
7,22,21,3.43,0.21,0.4,0.0,0.2,0.0,0.2,0.4,0.29,0.29,0.39,0.2,0.0,0.0,0.28,0.28,0.3,0.15,0.3,0.15
7,23,7,0.45,0.03,0.2,0.0,0.0,0.2,0.0,0.0,0.0,0.0,0.0,0.1,0.0,0.0,0.0,0.0,0.0,0.0,0.0,0.15
7,23,8,12.02,0.75,1.38,0.39,1.0,0.4,0.4,0.4,0.78,0.59,0.59,0.39,0.83,0.83,1.38,0.83,0.75,1.05,0.9,0.9
7,23,9,41.49,2.59,4.05,1.27,2.0,3.19,1.8,3.19,2.25,1.37,2.35,1.27,1.65,2.48,2.21,3.03,3.75,4.05,2.85,4.05
7,23,10,87.57,5.47,7.35,3.39,6.19,6.59,3.39,6.99,4.6,4.6,4.11,4.6,3.86,5.24,5.79,5.51,6.0,7.35,5.4,7.35
7,23,11,136.61,8.54,10.35,3.31,9.98,9.58,8.19,10.18,7.04,8.02,6.55,8.12,3.31,8.27,9.1,8.82,8.7,10.2,10.35,10.2
7,23,12,174.94,10.93,12.45,5.51,11.98,11.98,9.18,11.98,10.96,10.66,11.05,10.76,5.51,10.2,10.75,11.03,12.45,12.0,12.45,12.0
7,23,13,191.37,11.96,13.58,7.72,13.58,12.98,10.18,13.18,12.52,12.03,12.33,12.23,7.72,11.86,9.93,12.13,13.05,12.9,12.0,12.75
7,23,14,198.45,12.4,13.98,7.72,13.98,13.58,8.39,13.58,13.5,13.01,12.72,12.82,11.86,12.68,7.72,12.41,13.2,13.05,12.9,13.05
7,23,15,201.17,12.57,13.7,9.18,13.58,13.38,9.18,13.18,13.6,13.7,13.11,13.11,12.13,12.41,11.58,12.41,12.45,12.45,12.6,12.3
7,23,16,185.76,11.61,13.3,8.78,11.18,11.18,8.78,12.18,13.3,13.21,12.82,12.91,11.03,12.13,11.03,11.31,11.1,10.95,11.7,10.95
7,23,17,155.37,9.71,11.93,7.19,9.58,7.19,7.99,10.18,11.74,11.64,11.93,11.64,9.65,9.93,9.38,8.82,9.0,8.7,9.3,8.7
7,23,18,116.01,7.25,9.59,5.55,6.99,7.59,5.99,7.79,9.29,9.29,9.59,9.49,6.89,7.44,6.34,6.07,6.0,5.55,6.15,5.55
7,23,19,66.83,4.18,5.97,2.55,4.19,4.39,4.99,4.19,5.67,5.77,5.97,5.87,4.14,4.14,3.58,3.58,2.7,2.55,2.55,2.55
7,23,20,20.06,1.25,1.8,0.75,1.8,1.2,1.6,1.2,1.57,1.57,1.57,1.57,1.1,1.1,1.38,1.1,0.9,0.75,0.9,0.75
7,23,21,2.82,0.18,0.29,0.0,0.2,0.0,0.2,0.0,0.29,0.2,0.29,0.2,0.28,0.28,0.0,0.28,0.15,0.15,0.15,0.15
7,24,7,0.8,0.05,0.2,0.0,0.0,0.2,0.0,0.0,0.1,0.1,0.0,0.1,0.0,0.0,0.0,0.0,0.15,0.0,0.0,0.15
7,24,8,12.36,0.77,1.2,0.29,0.8,0.4,0.8,0.6,0.49,0.29,0.98,0.49,0.83,0.55,1.1,0.83,1.05,1.2,1.2,0.75
7,24,9,46.55,2.91,4.05,1.27,3.39,3.39,3.19,3.39,1.47,1.27,2.35,1.76,2.21,2.76,3.31,2.76,4.05,4.05,3.9,3.3
7,24,10,95.48,5.97,7.8,3.33,6.39,6.99,6.79,6.79,4.7,4.7,4.21,3.33,5.24,5.51,7.44,5.79,7.8,7.8,7.5,4.5
7,24,11,137.64,8.6,10.5,4.5,9.98,9.98,9.18,9.58,8.12,8.41,7.92,4.5,7.72,8.55,10.48,8.27,10.5,10.5,9.3,4.65
7,24,12,175.74,10.98,12.38,8.27,12.18,12.18,12.38,9.98,10.86,11.25,10.08,8.8,10.2,10.48,12.13,8.27,12.3,12.3,11.1,11.25
7,24,13,203.17,12.7,13.98,10.48,13.78,13.38,13.98,12.78,12.42,13.21,12.91,11.93,11.58,11.86,12.96,10.48,13.2,13.2,13.5,12.0
7,24,14,214.73,13.42,14.57,12.13,14.57,13.98,14.37,13.98,13.4,13.99,13.99,12.52,12.68,12.96,13.51,12.13,13.5,13.2,13.65,12.3
7,24,15,209.92,13.12,14.18,11.05,14.17,13.58,14.17,13.78,13.79,14.18,14.09,11.05,12.68,12.96,13.51,11.86,13.05,12.3,13.05,11.7
7,24,16,183.09,11.44,13.5,7.65,12.78,12.38,12.98,12.38,13.11,13.5,8.41,9.49,11.86,12.41,12.41,9.38,11.4,11.25,11.7,7.65
7,24,17,150.81,9.43,11.93,4.6,10.78,10.18,11.18,10.38,11.74,11.93,4.6,7.24,9.93,10.2,9.93,8.82,9.0,9.0,9.3,6.6
7,24,18,115.97,7.25,9.68,3.9,8.39,7.59,8.39,7.79,9.49,9.68,9.59,5.87,7.17,8.0,7.17,5.24,5.85,5.7,6.15,3.9
7,24,19,61.89,3.87,5.97,1.93,4.59,4.39,4.79,4.19,5.87,5.97,5.97,1.96,3.86,4.14,3.58,1.93,2.7,2.55,2.7,2.7
7,24,20,19.48,1.22,1.66,0.75,1.4,1.0,1.4,1.4,1.66,1.57,1.57,1.47,1.38,1.1,1.1,0.83,0.75,0.75,0.9,1.2
7,24,21,2.73,0.17,0.29,0.0,0.0,0.2,0.2,0.0,0.2,0.2,0.2,0.29,0.0,0.28,0.28,0.28,0.15,0.15,0.15,0.15
7,25,7,0.3,0.02,0.2,0.0,0.0,0.0,0.0,0.2,0.0,0.1,0.0,0.0,0.0,0.0,0.0,0.0,0.0,0.0,0.0,0.0
7,25,8,10.05,0.63,1.05,0.39,0.4,0.6,0.6,0.4,0.39,0.39,0.59,0.49,0.83,0.55,0.83,0.83,0.6,1.05,0.45,1.05
7,25,9,40.04,2.5,4.05,1.0,1.0,3.19,2.0,3.39,1.37,1.17,2.15,1.37,2.48,2.76,3.03,2.48,4.05,3.9,1.95,3.75
7,25,10,84.25,5.27,7.65,1.8,1.8,6.99,2.6,6.99,5.09,4.6,3.23,4.4,4.69,5.51,6.89,5.51,7.65,7.5,3.6,7.2
7,25,11,127.61,7.98,10.38,2.99,2.99,9.98,4.79,10.38,8.41,8.12,4.7,7.92,7.72,8.27,9.93,8.55,10.2,10.2,5.55,9.9
7,25,12,160.85,10.05,12.6,5.79,6.59,12.18,5.79,12.18,10.57,11.15,7.14,10.76,9.93,10.2,11.58,10.48,12.6,12.15,6.0,11.55
7,25,13,188.23,11.76,13.58,7.35,11.98,13.58,7.79,13.58,12.42,13.21,8.22,12.42,11.86,11.86,12.68,12.13,13.5,13.05,7.35,12.6
7,25,14,187.34,11.71,14.25,4.65,12.98,13.98,5.19,14.17,12.42,13.89,5.48,13.11,13.24,12.68,13.24,12.41,14.25,13.05,4.65,12.6
7,25,15,190.09,11.88,14.18,5.87,12.78,13.58,7.99,13.38,13.99,14.18,5.87,13.21,12.96,12.96,12.68,12.41,12.75,12.75,6.6,12.0
7,25,16,163.13,10.2,13.5,6.36,9.18,12.38,6.39,12.38,7.04,13.5,6.36,12.62,11.86,11.86,9.1,11.31,7.65,11.25,9.6,10.65
7,25,17,130.76,8.17,12.13,2.2,4.19,10.58,2.2,10.38,7.04,12.13,4.79,11.45,9.93,10.48,7.44,9.1,5.7,9.0,7.8,8.55
7,25,18,94.1,5.88,9.59,1.6,2.0,7.79,1.6,7.79,4.21,9.59,2.74,9.1,7.72,7.72,6.62,6.07,5.4,5.85,4.35,5.55
7,25,19,54.33,3.4,6.07,0.4,0.4,4.39,1.6,4.39,4.5,6.07,1.47,5.67,4.14,4.14,3.58,3.03,3.45,2.55,2.55,2.4
7,25,20,14.83,0.93,1.57,0.0,0.0,1.2,1.0,1.0,1.17,1.57,0.59,1.47,1.1,1.1,1.1,0.83,0.75,0.6,0.6,0.75
7,25,21,2.49,0.16,0.3,0.0,0.0,0.0,0.2,0.2,0.29,0.1,0.1,0.29,0.0,0.0,0.28,0.28,0.3,0.15,0.15,0.15
7,26,7,0.35,0.02,0.15,0.0,0.0,0.0,0.0,0.0,0.0,0.1,0.1,0.0,0.0,0.0,0.0,0.0,0.0,0.0,0.0,0.15
7,26,8,10.95,0.68,1.05,0.29,0.6,0.4,1.0,0.4,0.39,0.59,0.49,0.29,0.83,0.83,0.55,0.83,0.9,0.9,1.05,0.9
7,26,9,42.91,2.68,4.05,1.17,3.59,3.39,3.19,3.19,1.76,1.47,1.27,1.17,2.76,2.48,1.93,2.76,2.85,3.3,4.05,3.75
7,26,10,95.65,5.98,8.19,3.58,8.19,7.19,7.39,6.99,4.79,4.21,4.79,4.5,4.96,5.24,3.58,6.07,5.85,6.6,7.95,7.35
7,26,11,147.74,9.23,10.98,7.17,10.98,10.38,10.98,9.98,8.22,7.43,8.41,8.02,8.27,8.0,7.17,9.1,10.5,9.9,10.5,9.9
7,26,12,182.68,11.42,12.98,9.65,10.38,12.38,12.98,12.18,11.54,10.17,11.15,10.86,10.48,9.65,11.03,11.58,12.15,11.7,12.6,11.85
7,26,13,205.34,12.83,13.8,11.58,12.78,13.58,13.78,13.58,12.33,13.01,13.21,12.72,11.86,11.58,12.13,12.13,13.8,12.75,13.5,12.6
7,26,14,214.51,13.41,14.57,11.38,11.38,13.98,14.57,14.17,13.01,13.79,14.09,13.6,13.24,12.41,14.06,12.96,13.95,12.9,13.65,12.75
7,26,15,213.06,13.32,14.87,12.3,13.38,13.38,13.38,13.98,14.87,13.79,14.09,13.79,12.68,12.68,13.51,12.68,13.2,12.3,13.05,12.3
7,26,16,192.35,12.02,14.58,10.38,10.38,11.78,11.38,12.18,14.58,13.21,13.5,13.3,11.31,11.86,12.41,11.31,12.0,10.8,11.55,10.8
7,26,17,162.09,10.13,12.42,7.19,11.78,7.19,8.58,10.78,12.42,11.74,12.13,12.03,9.93,9.93,10.48,9.1,9.45,8.55,9.3,8.7
7,26,18,118.94,7.43,9.78,4.99,8.58,4.99,8.19,7.99,9.78,9.2,9.49,9.59,7.17,7.17,7.17,6.07,6.0,5.7,6.15,5.7
7,26,19,66.2,4.14,5.87,2.4,4.99,3.39,4.79,4.39,5.77,5.77,5.87,5.87,4.14,3.86,3.58,3.58,2.7,2.4,2.7,2.4
7,26,20,18.13,1.13,1.66,0.6,1.2,1.0,1.2,1.2,1.66,1.47,1.57,1.57,1.38,1.1,1.1,0.83,0.75,0.75,0.75,0.6
7,26,21,3.17,0.2,0.3,0.0,0.2,0.0,0.2,0.0,0.2,0.29,0.29,0.1,0.0,0.28,0.28,0.28,0.15,0.3,0.3,0.3
7,27,7,0.35,0.02,0.15,0.0,0.0,0.0,0.0,0.0,0.1,0.0,0.0,0.1,0.0,0.0,0.0,0.0,0.15,0.0,0.0,0.0
7,27,8,10.08,0.63,1.05,0.3,0.6,0.4,1.0,0.4,0.49,0.39,0.39,0.78,0.55,0.55,0.83,0.55,0.3,1.05,1.05,0.75
7,27,9,41.45,2.59,4.05,1.05,1.4,3.19,3.59,3.19,1.57,1.37,1.27,2.25,2.48,2.48,3.03,3.03,1.05,3.75,4.05,3.75
7,27,10,86.88,5.43,7.95,1.8,1.8,6.59,7.19,6.99,3.13,4.5,4.7,4.89,4.14,5.24,6.62,6.34,2.1,7.2,7.95,7.5
7,27,11,132.97,8.31,10.65,3.19,3.19,9.58,10.58,10.18,5.77,8.12,8.41,8.51,4.96,8.82,9.65,9.65,4.65,10.05,10.65,10.2
7,27,12,162.29,10.14,12.78,3.39,3.39,11.98,12.78,12.38,6.16,10.96,11.35,11.35,5.79,11.58,11.31,11.86,4.95,11.85,12.45,12.15
7,27,13,192.06,12.0,14.17,6.3,9.78,13.18,14.17,13.58,8.61,12.72,13.21,13.11,9.65,12.68,12.68,13.24,6.3,12.75,13.35,13.05
7,27,14,203.32,12.71,14.77,6.6,9.58,13.58,14.77,14.17,10.96,13.79,14.18,14.09,11.86,13.24,12.96,13.79,6.6,13.05,13.5,13.2
7,27,15,204.94,12.81,14.18,10.35,10.98,13.18,14.17,13.58,12.03,13.89,13.89,14.18,11.58,12.96,12.96,13.24,10.35,12.45,12.9,12.6
7,27,16,186.98,11.69,13.6,7.65,9.18,11.98,12.98,12.38,12.33,13.4,13.6,13.4,10.2,11.86,11.86,12.41,7.65,11.1,11.55,11.1
7,27,17,150.14,9.38,12.23,5.24,8.98,9.98,10.58,10.38,5.77,11.84,12.23,12.03,5.24,9.93,9.93,9.65,6.6,8.7,9.45,8.85
7,27,18,110.62,6.91,9.78,3.0,7.99,7.39,7.99,7.79,3.23,9.39,9.78,9.49,6.62,7.17,6.89,6.34,3.0,5.7,6.15,5.7
7,27,19,62.78,3.92,6.07,2.25,4.99,3.99,4.59,4.19,3.03,4.99,6.07,5.87,4.14,3.86,3.58,3.58,2.25,2.55,2.7,2.4
7,27,20,18.59,1.16,1.6,0.6,1.6,1.2,1.2,1.0,1.37,1.57,1.47,1.47,1.38,1.1,1.1,0.83,1.2,0.75,0.75,0.6
7,27,21,2.31,0.14,0.3,0.0,0.0,0.0,0.0,0.2,0.2,0.2,0.2,0.2,0.0,0.28,0.0,0.28,0.15,0.15,0.15,0.3
7,28,7,0.45,0.03,0.2,0.0,0.2,0.0,0.0,0.0,0.0,0.0,0.0,0.1,0.0,0.0,0.0,0.0,0.0,0.0,0.15,0.0
7,28,8,10.28,0.64,0.9,0.29,0.4,0.4,0.6,0.4,0.68,0.29,0.49,0.68,0.83,0.83,0.83,0.55,0.9,0.6,0.9,0.9
7,28,9,43.39,2.71,4.35,1.17,3.39,1.8,3.39,3.19,1.57,1.17,1.27,1.96,2.48,3.31,3.03,3.03,4.35,1.35,4.2,3.9
7,28,10,96.09,6.01,7.95,2.35,7.59,5.99,7.59,6.79,4.89,2.35,4.6,3.72,4.96,7.17,6.62,6.07,7.95,4.5,7.95,7.35
7,28,11,149.84,9.36,10.8,4.6,10.78,9.98,10.78,9.98,8.61,4.6,8.41,7.92,8.27,9.93,9.93,9.1,10.8,10.05,10.8,9.9
7,28,12,189.01,11.81,13.18,9.88,12.98,12.18,13.18,12.38,11.54,10.86,11.35,9.88,10.48,11.86,11.86,11.86,12.45,12.0,12.45,11.7
7,28,13,212.12,13.26,14.37,12.13,14.17,13.58,14.37,13.38,13.4,13.3,13.3,12.13,12.41,13.51,13.24,12.68,13.5,13.05,13.5,12.6
7,28,14,216.48,13.53,14.77,11.05,14.77,13.98,14.37,12.58,14.28,13.79,14.09,11.05,13.51,14.06,13.24,13.51,13.65,13.2,13.5,12.9
7,28,15,213.07,13.32,14.38,11.74,14.37,13.58,14.17,12.58,14.38,13.99,14.18,11.74,12.96,13.79,13.24,13.24,13.2,12.45,12.9,12.3
7,28,16,198.03,12.38,14.09,10.95,13.38,12.18,12.78,12.18,14.09,13.6,13.5,12.62,12.13,12.68,11.86,11.58,11.7,11.25,11.55,10.95
7,28,17,162.13,10.13,12.52,6.85,10.98,10.18,10.58,10.18,12.52,12.13,12.03,6.85,9.93,10.75,10.2,9.65,9.45,8.85,9.15,8.7
7,28,18,120.02,7.5,9.98,5.55,8.39,7.59,8.19,7.99,9.98,9.78,9.78,6.07,7.72,7.72,6.89,6.07,6.3,5.85,6.15,5.55
7,28,19,67.06,4.19,6.26,2.4,4.59,4.19,4.39,4.39,6.26,6.16,5.97,5.87,4.14,3.86,3.58,3.31,2.85,2.4,2.7,2.4
7,28,20,17.8,1.11,1.66,0.75,1.2,1.2,1.2,1.0,1.66,1.57,1.47,1.37,1.1,1.1,0.83,1.1,0.75,0.75,0.75,0.75
7,28,21,2.26,0.14,0.28,0.0,0.2,0.0,0.2,0.0,0.2,0.1,0.2,0.2,0.0,0.28,0.28,0.0,0.15,0.15,0.15,0.15
7,29,7,0.65,0.04,0.2,0.0,0.0,0.2,0.0,0.0,0.0,0.1,0.1,0.1,0.0,0.0,0.0,0.0,0.0,0.0,0.15,0.0
7,29,8,10.99,0.69,1.05,0.2,0.2,0.4,0.6,0.8,0.59,0.59,0.49,0.68,0.55,0.83,0.83,0.83,0.6,1.05,1.05,0.9
7,29,9,44.02,2.75,4.05,1.27,1.6,3.19,3.19,3.19,1.86,1.37,1.27,1.47,2.48,3.31,3.03,2.76,3.45,4.05,4.05,3.75
7,29,10,95.82,5.99,7.95,4.19,4.19,6.99,7.19,6.99,4.4,4.79,4.7,4.6,5.24,7.17,6.34,6.07,4.2,7.65,7.95,7.35
7,29,11,152.09,9.51,11.7,5.67,11.18,10.38,10.18,9.98,5.67,8.32,8.41,8.12,8.27,9.93,9.65,9.1,11.7,10.35,10.65,10.2
7,29,12,185.73,11.61,12.6,10.2,10.78,12.38,12.58,12.18,10.27,11.15,11.45,11.15,10.2,12.13,11.58,11.58,11.55,12.3,12.6,11.85
7,29,13,206.05,12.88,13.98,8.41,13.58,13.38,13.98,13.58,8.41,12.72,13.21,13.11,12.13,13.51,12.68,12.96,13.35,13.05,13.5,12.9
7,29,14,220.15,13.76,15.17,12.9,15.17,13.58,14.57,14.17,13.5,13.3,14.09,13.99,13.24,14.06,13.24,13.24,14.25,13.2,13.65,12.9
7,29,15,215.04,13.44,14.57,12.45,14.57,12.98,14.17,13.38,14.18,13.6,14.18,13.99,13.24,13.51,12.96,12.68,13.5,12.6,13.05,12.45
7,29,16,198.54,12.41,14.18,11.1,13.38,11.98,13.18,11.98,14.18,13.21,13.5,13.4,11.86,12.68,11.86,11.58,12.0,11.1,11.55,11.1
7,29,17,167.62,10.48,12.52,8.7,11.38,9.98,10.98,10.18,12.52,11.84,12.23,11.93,10.2,10.75,9.93,9.1,9.6,8.85,9.45,8.7
7,29,18,121.61,7.6,10.08,5.55,8.78,6.39,8.39,7.39,10.08,9.59,9.78,9.39,7.44,7.72,6.89,6.07,6.3,5.7,6.15,5.55
7,29,19,66.07,4.13,6.26,2.4,4.99,3.59,4.79,3.99,6.26,5.87,6.07,5.67,3.86,3.86,3.31,3.31,2.85,2.4,2.85,2.4
7,29,20,17.97,1.12,1.76,0.6,1.2,1.0,1.2,1.2,1.76,1.57,1.57,1.37,1.1,1.1,1.1,1.1,0.75,0.6,0.75,0.6
7,29,21,2.26,0.14,0.28,0.0,0.2,0.0,0.2,0.0,0.2,0.1,0.2,0.2,0.0,0.28,0.28,0.0,0.15,0.15,0.15,0.15
7,30,7,0.55,0.03,0.2,0.0,0.0,0.0,0.0,0.2,0.0,0.1,0.1,0.0,0.0,0.0,0.0,0.0,0.15,0.0,0.0,0.0
7,30,8,10.76,0.67,1.35,0.2,0.6,0.8,0.2,0.4,0.59,0.39,0.68,0.39,0.83,0.28,0.55,0.55,1.05,1.05,1.35,1.05
7,30,9,41.71,2.61,4.35,0.83,3.59,2.99,1.2,3.19,1.57,1.27,2.05,1.17,2.48,0.83,3.31,2.76,4.35,3.75,3.45,3.75
7,30,10,90.35,5.65,8.1,1.93,7.79,6.39,3.99,6.79,4.99,4.6,2.93,4.4,5.51,1.93,6.89,5.79,8.1,7.35,5.85,7.05
7,30,11,138.79,8.67,11.38,3.58,11.38,8.78,10.38,10.38,8.12,7.92,4.11,7.92,8.82,3.58,10.2,9.1,11.1,10.2,6.75,10.05
7,30,12,178.37,11.15,13.58,4.41,13.58,11.18,12.98,12.38,11.54,10.57,7.04,10.57,11.03,4.41,12.13,11.31,13.2,11.85,12.9,11.7
7,30,13,202.16,12.64,14.97,5.24,14.97,13.38,14.37,13.58,13.6,12.23,10.37,11.84,12.68,5.24,13.79,12.41,14.25,12.9,13.65,12.9
7,30,14,214.5,13.41,15.37,11.03,15.37,13.78,14.77,13.58,14.87,13.01,11.54,12.42,13.51,11.03,13.79,12.68,14.4,13.05,13.65,13.05
7,30,15,213.93,13.37,15.07,12.3,14.77,13.18,14.17,12.98,15.07,12.91,13.89,12.42,12.96,13.51,13.79,12.68,13.8,12.45,13.05,12.3
7,30,16,198.01,12.38,14.58,11.1,13.58,11.98,12.58,11.78,14.58,12.91,13.79,12.33,11.86,12.41,12.13,11.58,12.45,11.25,11.7,11.1
7,30,17,165.16,10.32,12.82,7.59,11.18,10.38,11.18,7.59,12.82,11.74,12.33,11.35,10.2,10.48,9.93,9.38,9.9,8.7,9.45,8.55
7,30,18,122.38,7.65,10.27,5.55,8.58,6.99,8.39,7.79,10.27,9.39,9.78,9.1,7.44,7.72,6.89,6.34,6.45,5.55,6.15,5.55
7,30,19,66.33,4.15,6.36,2.25,4.79,3.59,4.39,4.59,6.36,5.87,6.07,5.58,4.14,3.86,3.58,3.31,2.85,2.4,2.7,2.25
7,30,20,17.75,1.11,1.66,0.6,1.2,1.2,1.2,1.4,1.66,1.37,1.47,1.27,1.1,1.1,0.83,1.1,0.75,0.6,0.75,0.75
7,30,21,1.98,0.12,0.28,0.0,0.2,0.0,0.0,0.2,0.2,0.2,0.1,0.2,0.0,0.0,0.28,0.0,0.15,0.15,0.15,0.15
7,31,7,0.25,0.02,0.15,0.0,0.0,0.0,0.0,0.0,0.0,0.0,0.1,0.0,0.0,0.0,0.0,0.0,0.0,0.15,0.0,0.0
7,31,8,9.81,0.61,1.1,0.2,0.6,0.6,0.2,0.2,0.39,0.39,0.39,0.39,0.55,1.1,0.55,0.55,1.05,0.9,1.05,0.9
7,31,9,44.49,2.78,4.35,1.08,3.79,3.19,2.0,2.99,1.37,1.17,1.27,1.08,2.48,3.03,3.31,2.76,4.35,3.9,4.2,3.6
7,31,10,95.48,5.97,8.1,4.3,5.99,6.79,4.99,6.79,4.79,4.6,4.6,4.3,4.96,4.96,6.62,5.79,8.1,7.35,7.8,7.05
7,31,11,138.38,8.65,11.1,4.79,4.79,10.18,8.58,10.18,8.71,8.22,7.43,7.63,7.72,6.62,10.2,8.82,11.1,10.35,8.1,9.75
7,31,12,172.7,10.79,13.18,7.44,8.98,12.38,13.18,12.18,11.64,10.86,8.9,10.27,9.93,7.44,12.41,11.03,12.15,11.85,7.95,11.55
7,31,13,189.0,11.81,14.57,6.99,6.99,13.78,14.57,13.38,13.7,12.52,9.59,11.54,11.58,11.31,13.51,12.13,10.2,12.75,8.85,12.6
7,31,14,200.98,12.56,15.37,6.75,9.98,14.57,15.37,13.78,6.75,13.3,14.48,12.13,12.41,12.41,13.79,12.96,9.6,13.2,13.35,12.9
7,31,15,194.45,12.15,14.77,8.1,10.78,13.98,14.77,10.58,9.59,13.5,13.11,12.23,12.96,11.58,13.51,12.41,8.1,12.3,12.9,12.15
7,31,16,181.91,11.37,13.78,8.19,10.18,12.58,13.78,8.19,13.5,13.01,9.39,12.33,11.58,11.31,11.58,11.58,9.45,10.95,11.7,10.8
7,31,17,159.14,9.95,11.84,8.55,9.38,10.58,11.38,9.38,11.84,11.84,9.98,11.25,9.65,9.38,9.38,9.1,10.05,8.7,8.7,8.55
7,31,18,115.38,7.21,9.78,4.79,4.79,7.99,8.58,6.39,9.78,9.68,9.2,9.1,7.44,6.34,6.62,6.07,6.0,5.7,6.3,5.4
7,31,19,62.38,3.9,6.07,2.4,2.4,4.39,4.79,4.19,6.07,5.97,5.38,5.48,3.86,3.31,3.31,3.03,2.7,2.4,2.7,2.4
7,31,20,18.15,1.13,1.66,0.6,1.4,1.0,1.2,1.0,1.66,1.37,1.57,1.27,1.1,1.38,1.1,1.1,0.75,0.6,1.05,0.6
7,31,21,2.26,0.14,0.28,0.0,0.2,0.2,0.0,0.2,0.1,0.1,0.1,0.2,0.0,0.28,0.28,0.0,0.15,0.15,0.15,0.15
8,1,7,0.65,0.04,0.2,0.0,0.2,0.0,0.0,0.0,0.1,0.1,0.1,0.0,0.0,0.0,0.0,0.0,0.15,0.0,0.0,0.0
8,1,8,10.89,0.68,1.1,0.39,0.6,0.4,0.6,0.6,0.49,0.49,0.39,0.39,0.55,1.1,0.83,0.55,0.9,1.05,1.05,0.9
8,1,9,43.51,2.72,4.2,1.08,3.19,2.99,3.19,2.99,1.47,1.17,1.37,1.08,2.21,2.76,3.03,2.76,4.2,3.75,3.6,3.75
8,1,10,99.2,6.2,7.95,4.4,7.39,6.99,7.39,6.59,4.7,4.5,4.5,4.4,4.96,6.07,6.07,5.79,7.95,7.5,7.2,7.2
8,1,11,146.97,9.19,10.8,6.75,10.58,9.98,9.58,9.38,8.51,8.12,6.75,7.83,7.72,9.1,9.65,8.82,10.8,10.2,9.9,10.05
8,1,12,181.73,11.36,12.9,8.41,12.78,12.18,12.58,11.38,11.45,11.05,8.41,10.37,9.93,11.31,9.93,11.31,12.9,11.85,12.45,11.85
8,1,13,197.65,12.35,14.37,9.0,14.37,13.78,11.78,12.78,13.5,13.01,9.49,11.84,11.86,12.13,12.68,12.13,13.65,12.9,9.0,12.75
8,1,14,208.39,13.02,14.97,9.15,14.97,14.17,13.38,12.98,14.38,13.89,11.25,12.33,13.24,12.68,13.24,12.68,13.95,13.05,9.15,13.05
8,1,15,209.86,13.12,14.58,11.4,14.57,13.58,12.98,12.78,14.58,13.89,13.79,13.01,12.68,12.68,12.96,12.41,13.35,12.45,11.4,12.75
8,1,16,183.98,11.5,13.99,6.19,13.38,8.78,6.19,11.78,13.99,13.01,13.21,12.91,12.13,11.31,11.03,11.86,11.85,11.1,10.2,11.25
8,1,17,153.72,9.61,12.52,2.8,10.98,9.98,2.8,9.58,12.52,11.93,10.66,11.84,9.93,9.65,9.65,9.1,9.45,8.7,8.1,8.85
8,1,18,109.67,6.85,9.98,3.79,8.39,6.79,3.79,7.19,9.98,9.49,4.3,9.59,7.17,6.62,6.62,6.34,6.15,5.55,6.0,5.7
8,1,19,61.95,3.87,6.07,2.4,4.79,4.39,2.4,3.99,6.07,5.87,4.11,5.77,4.14,3.58,3.31,3.03,2.7,2.55,2.85,2.4
8,1,20,16.29,1.02,1.57,0.6,1.2,1.0,0.6,1.0,1.57,1.37,1.57,1.27,0.83,1.1,0.83,1.1,0.75,0.6,0.9,0.6
8,1,21,2.16,0.13,0.28,0.0,0.0,0.0,0.0,0.2,0.2,0.2,0.2,0.2,0.0,0.28,0.28,0.0,0.15,0.15,0.15,0.15
8,2,7,0.28,0.02,0.28,0.0,0.0,0.0,0.0,0.0,0.0,0.0,0.0,0.0,0.28,0.0,0.0,0.0,0.0,0.0,0.0,0.0
8,2,8,10.69,0.67,1.2,0.39,0.6,0.4,0.4,0.4,0.78,0.68,0.68,0.39,0.55,0.83,0.55,0.83,1.2,0.9,0.9,0.6
8,2,9,43.02,2.69,4.2,1.57,2.99,3.19,2.4,2.99,2.15,1.76,1.57,1.57,2.21,3.03,3.03,2.48,4.2,3.3,2.7,3.45
8,2,10,91.79,5.74,8.1,2.74,7.39,7.19,3.19,6.39,5.18,4.7,2.74,4.3,5.24,6.62,6.34,5.51,8.1,7.8,7.05,4.05
8,2,11,135.07,8.44,10.95,3.03,10.58,10.38,4.59,9.38,8.9,8.51,3.03,8.02,8.0,9.65,9.93,8.55,10.95,10.5,5.1,9.0
8,2,12,173.63,10.85,12.78,4.5,12.78,12.58,11.58,11.58,11.64,11.54,4.5,10.76,10.2,11.86,11.86,10.75,12.75,12.45,5.85,10.95
8,2,13,197.07,12.32,13.98,7.43,13.98,13.38,10.58,13.38,13.6,13.4,7.43,12.33,12.41,13.51,13.24,12.13,13.8,13.2,7.5,13.2
8,2,14,201.77,12.61,14.57,6.79,14.57,13.98,6.79,13.78,14.48,14.28,8.61,13.01,13.51,13.79,13.51,12.41,13.8,13.35,8.55,13.35
8,2,15,202.37,12.65,14.58,7.24,13.98,12.38,11.78,13.58,14.58,14.58,7.24,13.4,13.24,13.79,13.24,12.13,13.2,12.9,9.75,12.6
8,2,16,186.15,11.63,13.89,7.24,12.98,10.58,9.58,12.18,13.89,13.7,7.24,12.72,11.86,12.68,12.13,11.31,11.85,11.4,10.8,11.25
8,2,17,158.85,9.93,12.52,7.43,10.58,8.58,9.98,10.18,12.52,12.33,7.43,11.64,10.2,10.48,9.38,9.1,9.45,9.0,9.3,8.7
8,2,18,118.84,7.43,9.98,5.55,7.99,7.19,6.79,7.79,9.98,9.68,8.41,9.49,7.44,7.72,6.89,6.07,6.15,5.7,6.0,5.55
8,2,19,62.24,3.89,6.07,2.4,4.19,4.19,2.6,4.19,6.07,5.87,5.48,5.67,3.86,3.58,3.03,3.31,2.7,2.4,2.7,2.4
8,2,20,17.22,1.08,2.0,0.6,1.2,1.0,2.0,1.0,1.57,1.37,1.37,1.27,0.83,1.1,0.83,0.83,0.75,0.6,0.75,0.75
8,2,21,2.11,0.13,0.28,0.0,0.2,0.2,0.0,0.0,0.2,0.1,0.2,0.2,0.0,0.0,0.28,0.28,0.15,0.15,0.15,0.0
8,3,7,0.15,0.01,0.15,0.0,0.0,0.0,0.0,0.0,0.0,0.0,0.0,0.0,0.0,0.0,0.0,0.0,0.0,0.0,0.0,0.15
8,3,8,9.74,0.61,1.05,0.2,0.4,0.2,0.6,0.8,0.49,0.39,0.59,0.49,0.55,0.83,0.55,0.55,1.05,0.6,1.05,0.6
8,3,9,41.47,2.59,4.2,1.37,1.6,3.19,2.99,3.19,1.37,1.47,1.37,1.86,2.48,2.76,2.76,2.48,4.2,3.45,3.9,2.4
8,3,10,96.0,6.0,7.95,3.72,5.59,6.59,6.99,7.19,3.72,4.5,4.6,4.11,4.96,5.79,6.34,6.07,7.95,7.35,7.95,6.3
8,3,11,148.46,9.28,10.8,5.58,10.18,9.98,10.58,10.18,8.41,8.41,8.32,5.58,7.72,9.65,9.38,8.82,10.8,10.05,10.65,9.75
8,3,12,182.9,11.43,12.75,7.24,12.58,12.18,12.38,12.18,11.45,11.45,11.15,7.24,10.2,10.75,11.58,11.31,12.75,11.55,12.45,11.7
8,3,13,203.96,12.75,14.17,9.2,14.17,13.58,14.17,13.38,13.3,10.57,13.21,9.2,12.41,12.41,12.68,12.68,13.65,12.75,13.2,12.6
8,3,14,217.49,13.59,14.57,12.6,14.57,14.37,14.37,14.17,14.09,13.3,13.89,13.4,13.24,13.24,13.24,12.96,13.65,12.6,13.5,12.9
8,3,15,210.31,13.14,14.38,11.58,13.98,13.78,11.58,13.78,14.38,12.82,13.99,13.6,12.96,12.41,13.24,13.24,13.05,12.6,12.75,12.15
8,3,16,188.3,11.77,13.99,7.44,12.78,12.38,8.39,12.38,13.99,13.4,13.3,13.21,11.86,7.44,11.86,11.86,11.7,11.25,11.55,10.95
8,3,17,159.05,9.94,11.84,5.51,10.58,10.18,9.98,10.38,11.74,11.84,11.74,11.74,9.93,5.51,9.93,9.65,9.45,8.85,9.15,8.4
8,3,18,113.71,7.11,9.68,4.95,7.79,7.39,7.39,7.59,9.68,8.61,8.22,9.2,7.44,5.51,6.62,6.07,6.0,4.95,5.7,5.55
8,3,19,59.59,3.72,5.87,2.4,4.39,4.19,3.39,4.39,5.87,4.99,4.3,4.21,3.86,3.31,3.31,3.03,2.7,2.4,2.85,2.4
8,3,20,17.87,1.12,1.96,0.6,1.2,1.2,1.4,1.0,1.66,1.96,1.27,1.17,0.83,1.1,0.83,1.1,0.6,0.9,1.05,0.6
8,3,21,1.94,0.12,0.3,0.0,0.2,0.2,0.0,0.0,0.2,0.29,0.2,0.1,0.0,0.0,0.0,0.0,0.15,0.3,0.15,0.15
8,4,8,9.3,0.58,1.1,0.0,0.0,0.4,0.4,0.8,0.59,0.29,0.59,0.2,0.55,1.1,0.83,0.55,1.05,0.9,0.75,0.3
8,4,9,36.03,2.25,3.9,0.78,1.2,2.99,1.8,1.8,1.86,1.08,1.76,0.78,2.21,3.31,2.76,2.48,3.45,3.75,3.9,0.9
8,4,10,79.89,4.99,7.95,1.57,4.59,6.99,3.79,4.59,4.11,4.7,2.35,1.57,4.96,6.34,6.34,4.96,7.95,7.5,7.35,1.8
8,4,11,125.39,7.84,10.65,2.05,9.98,10.38,7.99,10.18,7.34,8.12,5.58,2.05,7.72,9.38,9.38,7.44,10.65,10.35,6.15,2.7
8,4,12,168.31,10.52,12.98,3.03,12.98,12.58,12.58,12.18,10.27,10.96,9.0,3.03,10.2,11.31,11.86,11.31,12.75,12.0,11.85,3.45
8,4,13,189.41,11.84,14.17,3.72,14.17,13.38,12.98,13.18,13.01,12.91,11.93,3.72,12.13,13.24,12.68,12.13,13.5,12.75,12.6,5.1
8,4,14,198.36,12.4,14.97,4.7,14.97,14.17,13.38,13.98,13.99,13.6,13.5,4.7,13.24,13.24,12.68,12.96,13.65,12.9,12.45,4.95
8,4,15,202.9,12.68,14.38,6.07,14.37,13.58,13.98,13.58,14.38,13.6,14.09,6.07,12.96,13.24,13.24,12.41,13.2,12.3,12.9,9.0
8,4,16,191.45,11.97,14.18,7.83,13.18,12.38,13.38,12.58,14.18,13.01,13.3,7.83,11.86,11.58,11.86,11.31,11.85,10.8,11.4,10.95
8,4,17,165.71,10.36,12.52,8.55,11.18,10.38,11.18,10.98,12.52,11.64,12.03,11.35,9.93,10.2,9.65,8.82,9.45,8.55,9.15,8.7
8,4,18,118.26,7.39,10.08,5.4,8.39,7.59,8.19,7.79,10.08,9.29,9.59,7.92,7.17,6.89,6.34,6.07,6.15,5.4,6.0,5.4
8,4,19,61.94,3.87,6.16,2.4,4.59,4.19,4.59,4.39,6.16,5.67,5.87,2.93,3.86,3.58,3.03,3.03,2.7,2.4,2.55,2.4
8,4,20,15.11,0.94,1.4,0.45,1.2,1.0,1.2,1.4,1.37,1.17,1.27,0.78,0.83,0.83,0.83,0.83,0.6,0.45,0.6,0.75
8,4,21,1.81,0.11,0.28,0.0,0.2,0.0,0.0,0.0,0.2,0.1,0.2,0.1,0.0,0.28,0.28,0.0,0.15,0.15,0.15,0.0
8,5,7,0.43,0.03,0.28,0.0,0.0,0.0,0.0,0.0,0.0,0.0,0.0,0.0,0.28,0.0,0.0,0.0,0.15,0.0,0.0,0.0
8,5,8,8.64,0.54,0.9,0.15,0.8,0.4,0.6,0.4,0.78,0.39,0.29,0.2,0.28,0.55,0.55,0.55,0.9,0.9,0.9,0.15
8,5,9,39.11,2.44,4.05,0.75,2.6,3.19,2.99,2.6,1.47,1.08,1.08,0.78,2.48,3.03,3.03,2.48,4.05,3.6,3.9,0.75
8,5,10,91.65,5.73,7.95,1.5,7.59,6.79,7.19,6.99,4.79,4.4,4.5,1.66,4.69,6.34,6.62,5.79,7.95,7.05,7.8,1.5
8,5,11,137.66,8.6,10.8,2.55,10.58,9.98,10.38,9.98,8.51,7.92,8.22,2.64,8.0,9.38,9.65,8.82,10.8,9.9,10.35,2.55
8,5,12,172.5,10.78,12.78,3.72,12.78,11.78,12.58,12.18,11.45,10.86,11.05,3.72,10.2,11.31,11.86,11.03,12.6,11.55,12.3,5.25
8,5,13,197.33,12.33,14.17,6.16,14.17,13.18,14.17,13.38,13.3,12.52,12.91,6.16,12.41,12.41,13.24,12.68,13.5,12.45,13.2,7.65
8,5,14,214.8,13.42,14.77,12.33,14.77,13.78,14.37,13.98,14.28,13.3,13.7,12.33,13.24,12.68,13.51,12.96,13.65,12.6,13.2,12.45
8,5,15,211.51,13.22,14.38,11.85,14.37,13.38,14.17,13.18,14.38,13.3,13.79,13.7,12.96,12.41,12.96,12.96,12.9,11.85,12.75,12.45
8,5,16,194.4,12.15,13.7,10.35,12.98,11.98,12.98,11.98,13.7,12.62,13.4,13.21,12.13,11.58,11.86,11.58,11.7,10.35,11.25,11.1
8,5,17,162.91,10.18,12.33,8.25,10.78,9.98,10.78,9.98,12.33,11.25,11.84,11.84,10.2,9.65,9.65,9.38,9.3,8.25,9.15,8.55
8,5,18,118.0,7.38,9.78,5.1,7.79,7.39,8.39,7.39,9.78,8.9,9.49,9.49,7.17,7.17,6.62,6.07,6.0,5.1,5.85,5.4
8,5,19,61.82,3.86,5.87,2.25,4.59,3.99,4.99,3.99,5.87,5.28,4.79,5.09,3.86,3.58,3.31,3.03,2.55,2.25,2.4,2.25
8,5,20,14.53,0.91,1.37,0.55,1.0,1.0,1.0,1.0,1.37,1.17,1.27,0.68,0.83,0.83,0.55,0.83,0.75,0.75,0.75,0.75
8,5,21,1.81,0.11,0.28,0.0,0.2,0.0,0.2,0.2,0.1,0.1,0.2,0.1,0.28,0.0,0.28,0.0,0.0,0.0,0.15,0.0
8,6,7,0.25,0.02,0.15,0.0,0.0,0.0,0.0,0.0,0.1,0.0,0.0,0.0,0.0,0.0,0.0,0.0,0.0,0.15,0.0,0.0
8,6,8,8.26,0.52,0.9,0.15,0.2,0.6,0.4,0.4,0.59,0.29,0.39,0.2,0.28,0.83,0.55,0.83,0.9,0.75,0.9,0.15
8,6,9,35.56,2.22,4.05,0.45,1.0,2.4,2.0,2.99,1.96,1.17,1.27,0.59,2.48,2.76,2.76,2.48,3.6,3.6,4.05,0.45
8,6,10,77.7,4.86,7.8,1.05,2.2,6.39,4.79,6.99,3.52,4.3,4.7,1.08,4.69,6.34,6.34,5.51,4.95,7.05,7.8,1.05
8,6,11,117.75,7.36,10.5,1.65,3.79,9.58,9.78,9.98,4.01,7.83,8.32,1.76,8.0,9.38,9.65,8.82,4.95,9.75,10.5,1.65
8,6,12,156.77,9.8,12.98,2.93,11.58,11.78,12.98,11.98,5.38,10.57,11.25,2.93,10.2,11.03,11.58,11.31,6.9,11.7,12.45,3.15
8,6,13,188.44,11.78,14.77,4.8,13.98,13.18,14.77,13.18,8.8,12.23,13.01,5.77,12.41,12.41,13.24,12.41,12.45,12.45,13.35,4.8
8,6,14,201.97,12.62,14.97,9.15,11.78,13.58,14.97,13.78,9.59,12.72,13.79,11.05,12.96,12.68,13.51,12.96,13.5,12.6,13.35,9.15
8,6,15,198.53,12.41,14.77,8.02,10.18,13.18,14.77,13.18,8.02,12.72,13.89,13.4,12.68,12.41,13.24,12.41,10.95,12.0,12.75,12.75
8,6,16,181.06,11.32,13.21,7.24,7.59,11.78,13.18,11.98,7.24,12.33,13.21,12.62,11.86,11.31,12.13,11.58,11.1,10.5,11.25,11.4
8,6,17,150.87,9.43,12.03,4.99,4.99,9.78,11.18,9.98,7.43,11.25,12.03,11.54,9.93,9.38,9.65,9.38,8.1,8.25,9.0,9.0
8,6,18,105.65,6.6,9.49,2.2,2.2,6.19,8.39,6.99,7.04,8.9,9.49,9.2,6.34,6.62,6.62,6.07,5.1,5.1,5.85,5.55
8,6,19,55.48,3.47,5.67,1.6,1.6,3.59,4.59,3.79,2.84,5.09,5.67,5.48,3.86,3.31,3.03,3.03,2.25,2.4,2.55,2.4
8,6,20,14.79,0.92,1.27,0.2,0.2,1.0,1.0,1.0,1.27,1.17,1.27,1.17,1.1,1.1,0.83,0.83,1.05,0.6,0.6,0.6
8,6,21,1.4,0.09,0.2,0.0,0.0,0.2,0.0,0.0,0.2,0.2,0.1,0.1,0.0,0.0,0.0,0.0,0.15,0.15,0.15,0.15
8,7,7,0.28,0.02,0.28,0.0,0.0,0.0,0.0,0.0,0.0,0.0,0.0,0.0,0.0,0.0,0.0,0.28,0.0,0.0,0.0,0.0
8,7,8,7.8,0.49,1.0,0.1,0.4,0.4,1.0,0.4,0.1,0.39,0.59,0.49,0.55,0.28,0.55,0.55,0.15,0.75,0.75,0.45
8,7,9,30.99,1.94,3.6,0.39,1.2,2.99,3.59,2.99,0.39,1.08,1.66,1.17,1.93,1.1,2.76,2.48,0.45,3.6,2.1,1.5
8,7,10,72.01,4.5,7.05,1.6,1.6,6.19,6.39,6.79,1.76,4.3,4.4,2.93,4.69,2.76,5.79,5.51,2.25,7.05,6.75,2.85
8,7,11,102.85,6.43,10.05,2.48,2.6,9.58,9.38,9.18,3.03,7.92,6.26,7.53,4.96,2.48,4.41,8.82,3.6,10.05,8.4,4.65
8,7,12,141.99,8.87,11.78,4.39,4.39,11.78,11.78,10.38,4.6,10.66,10.66,10.66,7.72,5.51,7.17,11.58,8.7,11.7,7.65,7.05
8,7,13,173.66,10.85,13.98,6.75,6.99,12.98,13.98,10.18,8.22,12.13,12.23,12.33,8.82,8.82,10.2,12.68,6.75,12.6,12.3,12.45
8,7,14,187.87,11.74,13.98,6.39,6.39,13.78,13.98,9.58,9.68,12.91,12.33,13.21,9.38,11.58,13.51,13.24,10.05,12.75,12.6,12.9
8,7,15,184.72,11.54,14.77,6.59,6.59,13.18,14.77,7.59,11.74,13.4,11.45,13.4,7.17,10.2,13.24,13.24,11.25,12.15,12.75,12.6
8,7,16,175.9,10.99,13.58,6.34,10.78,11.78,13.58,7.99,9.59,13.11,11.25,13.01,6.34,11.58,12.13,11.86,10.05,10.8,10.95,11.1
8,7,17,151.74,9.48,11.64,7.39,8.39,9.98,10.98,7.39,10.47,11.64,10.47,11.25,7.44,9.65,9.93,9.65,8.25,8.4,9.3,8.55
8,7,18,105.86,6.62,9.29,3.79,3.99,7.19,7.59,3.79,9.1,9.2,9.29,8.71,5.24,7.17,6.62,6.07,5.25,5.25,6.0,5.4
8,7,19,56.74,3.55,5.67,1.4,1.4,3.79,4.39,2.2,5.38,5.28,5.67,5.09,4.14,3.31,3.31,3.03,2.4,2.25,2.7,2.4
8,7,20,14.84,0.93,1.38,0.55,0.6,1.0,1.2,0.6,1.17,1.17,1.37,1.17,1.38,1.1,0.55,0.83,0.6,0.6,0.9,0.6
8,7,21,2.36,0.15,0.28,0.0,0.2,0.2,0.2,0.2,0.1,0.1,0.1,0.1,0.0,0.28,0.28,0.0,0.15,0.15,0.15,0.15
8,8,7,0.2,0.01,0.1,0.0,0.0,0.0,0.0,0.0,0.0,0.1,0.0,0.1,0.0,0.0,0.0,0.0,0.0,0.0,0.0,0.0
8,8,8,7.99,0.5,0.9,0.15,0.2,0.4,0.4,0.4,0.39,0.49,0.39,0.29,0.55,0.83,0.55,0.55,0.15,0.75,0.9,0.75
8,8,9,38.04,2.38,4.05,0.6,2.6,2.99,3.39,2.8,1.37,1.27,1.27,1.27,2.21,2.48,2.76,1.93,0.6,3.75,4.05,3.3
8,8,10,87.94,5.5,7.95,1.95,5.19,6.59,7.39,5.99,2.15,4.4,4.7,4.79,4.69,6.07,6.89,5.24,1.95,7.2,7.95,6.75
8,8,11,136.74,8.55,10.98,4.39,4.39,9.58,10.98,8.98,5.38,8.02,8.61,7.92,8.0,8.82,9.93,9.38,5.55,10.2,10.95,10.05
8,8,12,171.06,10.69,13.18,4.79,4.79,11.78,13.18,11.38,7.92,10.96,11.54,10.76,10.2,11.03,12.41,11.31,6.9,12.0,12.9,12.0
8,8,13,190.39,11.9,14.37,6.0,8.19,13.18,14.37,12.58,7.53,12.72,13.4,12.52,12.13,12.13,13.51,12.68,6.0,12.75,13.65,13.05
8,8,14,196.09,12.26,14.77,5.58,9.98,13.78,14.77,12.78,5.58,13.5,14.18,12.91,13.24,12.68,14.06,12.13,6.45,12.9,13.8,13.35
8,8,15,195.23,12.2,14.37,7.43,7.79,13.58,14.37,12.78,7.43,13.6,14.28,13.4,13.24,12.41,13.51,13.24,7.65,12.0,13.05,12.9
8,8,16,180.62,11.29,13.7,6.3,8.19,11.98,13.18,11.38,9.0,13.01,13.7,12.72,12.13,11.31,12.41,11.86,6.3,10.65,11.7,11.1
8,8,17,145.1,9.07,12.13,3.15,6.79,10.18,10.78,9.78,3.42,11.64,12.13,11.25,9.93,9.65,10.2,9.65,3.15,8.4,9.3,8.85
8,8,18,104.9,6.56,9.39,2.84,5.99,7.39,7.99,4.99,2.84,9.29,9.39,9.0,7.44,6.89,6.62,6.07,4.05,5.55,6.0,5.4
8,8,19,53.88,3.37,5.48,1.86,3.19,3.99,4.39,2.0,1.86,5.48,5.48,5.09,3.58,3.03,3.31,3.03,2.25,2.25,2.55,2.4
8,8,20,13.92,0.87,1.27,0.6,0.8,0.8,1.2,0.6,0.68,1.17,1.27,1.08,0.83,0.83,0.83,0.83,0.9,0.6,0.9,0.6
8,8,21,1.31,0.08,0.28,0.0,0.0,0.2,0.0,0.0,0.1,0.1,0.1,0.1,0.28,0.28,0.0,0.0,0.0,0.0,0.0,0.15
8,9,7,0.15,0.01,0.15,0.0,0.0,0.0,0.0,0.0,0.0,0.0,0.0,0.0,0.0,0.0,0.0,0.0,0.0,0.0,0.15,0.0
8,9,8,8.69,0.54,0.9,0.29,0.4,0.6,0.4,0.4,0.39,0.29,0.39,0.49,0.83,0.55,0.55,0.55,0.3,0.9,0.9,0.75
8,9,9,36.82,2.3,4.05,1.08,1.4,1.8,3.39,2.8,1.27,1.08,1.17,1.66,1.65,3.03,2.76,2.21,1.35,3.75,4.05,3.45
8,9,10,83.37,5.21,7.8,2.35,3.99,2.99,7.39,5.99,2.35,4.4,4.7,4.5,4.14,6.62,6.34,5.51,2.4,7.35,7.8,6.9
8,9,11,128.01,8.0,10.65,2.55,8.19,4.99,10.58,9.38,3.03,8.51,8.41,7.83,6.34,9.1,9.65,8.55,2.55,10.35,10.65,9.9
8,9,12,168.26,10.52,12.6,3.82,10.78,12.18,12.58,11.58,3.82,10.96,11.45,10.76,10.2,11.31,11.86,11.03,4.35,10.95,12.6,11.85
8,9,13,187.84,11.74,14.17,4.2,9.58,13.98,14.17,12.58,5.97,12.72,13.21,12.33,12.13,12.41,12.68,12.13,4.2,13.2,13.8,12.75
8,9,14,206.06,12.88,14.57,9.58,9.58,14.37,14.57,13.38,12.42,12.42,13.79,12.82,12.96,12.96,12.96,12.68,11.4,12.9,13.8,13.05
8,9,15,207.74,12.98,14.18,11.25,14.17,12.98,13.98,13.38,14.18,12.03,14.09,12.62,12.68,12.41,12.41,12.41,13.65,11.25,13.2,12.3
8,9,16,190.7,11.92,13.6,10.35,11.58,11.78,12.78,11.98,13.21,13.6,13.6,12.23,11.58,11.03,11.58,10.75,12.15,10.35,11.55,10.95
8,9,17,156.69,9.79,12.13,8.55,8.98,8.98,10.78,10.18,10.37,11.74,12.13,11.45,9.65,9.38,9.1,8.55,9.3,8.55,9.0,8.55
8,9,18,114.41,7.15,9.49,5.4,7.59,6.59,7.99,7.19,8.32,9.1,9.49,9.1,7.17,6.62,6.34,5.51,6.45,5.4,6.0,5.55
8,9,19,60.71,3.79,5.97,2.25,3.59,3.99,4.19,3.99,5.97,5.58,5.67,5.28,3.58,3.03,3.03,2.76,3.0,2.25,2.55,2.25
8,9,20,15.38,0.96,1.27,0.6,1.2,1.2,1.2,0.8,1.27,1.17,1.17,1.08,0.83,1.1,0.83,0.83,0.6,0.75,0.75,0.6
8,9,21,1.23,0.08,0.28,0.0,0.0,0.0,0.0,0.0,0.1,0.1,0.2,0.1,0.0,0.0,0.0,0.28,0.15,0.15,0.15,0.0
8,10,8,7.99,0.5,0.9,0.2,0.4,0.2,0.4,0.4,0.39,0.29,0.29,0.39,0.28,0.55,0.55,0.55,0.9,0.6,0.9,0.9
8,10,9,37.02,2.31,4.35,0.88,2.99,1.2,3.19,1.8,1.76,0.88,1.08,1.17,2.21,3.03,2.48,2.48,4.35,0.9,4.05,3.45
8,10,10,78.84,4.93,7.8,1.65,6.99,5.59,7.39,5.39,2.45,1.66,4.7,4.01,4.69,6.62,5.79,3.31,3.75,1.65,7.8,7.05
8,10,11,129.67,8.1,10.65,2.84,8.19,10.18,10.58,8.58,7.83,2.84,8.41,7.83,7.72,9.65,8.82,6.34,8.7,3.45,10.65,9.9
8,10,12,166.34,10.4,12.78,5.38,11.38,12.58,12.78,10.58,8.8,5.38,11.45,10.57,9.93,11.58,11.03,9.93,9.45,6.9,12.6,11.4
8,10,13,197.3,12.33,13.98,9.93,13.38,13.58,13.98,10.58,11.15,12.42,13.21,12.62,11.86,12.96,12.13,9.93,10.5,12.9,13.35,12.75
8,10,14,208.62,13.04,14.57,9.88,13.38,14.17,14.57,10.38,9.88,13.99,14.09,13.4,13.24,13.51,12.68,12.68,12.75,13.05,13.65,13.2
8,10,15,201.52,12.6,14.77,6.99,14.77,13.58,14.17,6.99,10.47,13.89,14.09,13.3,12.96,13.51,12.68,12.96,10.2,12.45,12.9,12.6
8,10,16,192.02,12.0,13.4,10.35,13.38,12.58,12.58,10.78,12.82,13.4,13.3,12.52,11.86,12.41,11.31,11.58,10.35,10.8,11.25,11.1
8,10,17,154.82,9.68,11.84,7.39,10.98,10.38,10.58,7.39,9.2,11.45,11.84,11.35,9.65,10.2,8.82,9.38,7.95,8.1,9.0,8.55
8,10,18,107.39,6.71,9.78,4.95,6.59,5.99,7.79,5.19,5.58,9.78,9.49,8.9,7.17,7.17,6.07,6.07,4.95,5.4,5.85,5.4
8,10,19,54.72,3.42,5.77,1.8,4.59,1.8,4.19,2.0,3.13,5.77,5.48,4.89,3.58,3.03,3.03,3.03,2.7,2.85,2.4,2.25
8,10,20,14.49,0.91,1.27,0.55,0.8,1.2,1.0,1.0,0.78,1.27,1.17,1.08,0.55,0.83,0.83,0.83,0.9,0.9,0.75,0.6
8,10,21,1.08,0.07,0.28,0.0,0.0,0.0,0.0,0.0,0.1,0.2,0.1,0.1,0.28,0.0,0.0,0.0,0.0,0.0,0.15,0.15
8,11,8,9.09,0.57,1.05,0.2,0.8,0.2,0.6,0.4,0.68,0.2,0.39,0.49,0.55,0.83,0.55,0.55,1.05,0.3,0.75,0.75
8,11,9,36.8,2.3,3.9,0.98,3.39,1.0,3.19,2.8,1.66,0.98,1.66,1.57,1.93,1.93,2.48,2.21,2.7,2.4,3.9,3.0
8,11,10,76.06,4.75,7.59,1.95,7.59,2.8,6.99,6.19,4.79,2.05,4.3,2.35,4.69,4.96,5.24,5.51,6.45,1.95,7.35,2.85
8,11,11,123.01,7.69,11.18,3.03,11.18,8.78,9.98,9.58,6.07,3.03,8.22,3.23,8.0,9.65,8.27,8.82,10.2,3.75,10.5,3.75
8,11,12,145.74,9.11,12.18,3.6,11.98,8.78,12.18,11.78,6.65,4.6,11.25,3.91,10.2,11.58,10.2,11.58,10.5,3.6,12.15,4.8
8,11,13,175.69,10.98,13.58,5.1,13.58,9.38,13.58,12.98,12.72,7.83,12.91,6.46,12.13,12.96,11.58,12.68,13.35,5.25,13.2,5.1
8,11,14,182.9,11.43,14.1,6.36,12.58,11.18,13.78,13.78,13.99,8.02,13.5,6.36,10.75,13.51,11.86,13.24,14.1,6.45,13.05,6.75
8,11,15,186.1,11.63,14.48,5.67,10.98,13.18,13.58,13.38,14.48,5.67,13.5,8.02,11.03,13.51,11.86,12.96,13.65,8.55,12.45,9.3
8,11,16,180.93,11.31,13.01,8.41,10.58,11.58,12.38,12.38,12.82,8.41,13.01,12.23,10.75,12.13,10.48,11.58,10.95,9.75,10.95,10.95
8,11,17,154.07,9.63,12.42,4.89,9.38,10.38,10.18,10.18,12.42,4.89,11.64,11.35,9.65,10.2,8.55,9.1,9.9,9.0,8.7,8.55
8,11,18,104.44,6.53,9.98,2.4,6.79,6.79,7.19,7.39,9.98,3.23,8.9,8.9,6.89,7.17,5.79,6.07,6.15,2.4,5.55,5.25
8,11,19,54.05,3.38,5.87,1.47,4.99,2.4,3.79,3.99,5.87,1.47,4.99,4.99,3.58,3.31,2.76,2.76,2.55,1.8,2.55,2.25
8,11,20,13.48,0.84,1.27,0.39,1.0,0.8,1.2,0.8,1.17,0.39,1.27,0.98,0.83,0.83,0.83,0.83,0.75,0.45,0.75,0.6
8,11,21,1.1,0.07,0.2,0.0,0.2,0.2,0.0,0.0,0.1,0.1,0.1,0.1,0.0,0.0,0.0,0.0,0.0,0.0,0.15,0.15
8,12,7,0.15,0.01,0.15,0.0,0.0,0.0,0.0,0.0,0.0,0.0,0.0,0.0,0.0,0.0,0.0,0.0,0.15,0.0,0.0,0.0
8,12,8,7.86,0.49,0.75,0.2,0.2,0.4,0.6,0.4,0.39,0.29,0.29,0.39,0.55,0.55,0.55,0.55,0.75,0.45,0.75,0.75
8,12,9,37.43,2.34,4.35,0.6,3.59,2.6,2.4,2.99,1.08,0.88,1.08,0.98,1.93,2.76,2.48,2.21,4.35,0.6,4.05,3.45
8,12,10,88.41,5.53,8.25,1.86,7.59,4.99,6.99,6.79,4.89,1.86,4.6,4.3,4.96,6.89,5.51,4.14,8.25,1.95,7.65,7.05
8,12,11,129.36,8.09,11.38,3.75,11.38,4.19,9.98,9.78,8.9,3.82,8.41,7.73,8.0,7.44,8.82,5.51,11.25,3.75,10.65,9.75
8,12,12,168.39,10.52,13.78,4.79,13.78,7.19,12.38,12.18,12.03,4.79,11.25,10.66,10.48,8.55,10.75,9.65,13.35,7.05,12.45,11.85
8,12,13,197.22,12.33,14.97,8.19,14.97,8.19,13.78,13.58,13.89,11.25,13.11,12.13,12.13,9.65,11.86,10.48,14.25,11.7,13.35,12.9
8,12,14,203.77,12.74,15.77,8.8,15.77,9.78,14.17,13.98,14.58,8.8,13.79,12.62,12.96,11.58,12.13,11.86,14.1,10.95,13.5,13.2
8,12,15,198.1,12.38,15.17,8.85,15.17,11.78,13.78,13.58,12.03,9.78,13.79,12.91,12.96,12.68,12.13,11.31,12.15,8.85,12.9,12.3
8,12,16,186.06,11.63,14.58,8.78,13.58,8.78,12.58,12.18,14.58,10.37,13.01,13.01,11.86,11.03,10.48,10.2,12.3,10.2,11.25,10.65
8,12,17,151.17,9.45,12.52,2.4,11.58,2.4,10.58,10.18,12.52,8.02,11.93,11.74,9.93,10.2,8.82,7.72,9.6,8.7,9.0,8.25
8,12,18,102.85,6.43,10.08,1.6,6.99,1.6,7.59,7.19,10.08,3.82,9.59,9.1,6.62,6.89,5.79,5.24,6.0,5.4,5.7,5.25
8,12,19,53.74,3.36,6.07,1.08,2.0,3.99,4.19,3.99,6.07,1.08,5.58,5.09,3.58,3.03,2.76,2.48,2.85,2.4,2.55,2.1
8,12,20,13.32,0.83,1.27,0.55,1.0,0.8,0.8,0.8,1.27,0.68,0.98,0.98,0.83,0.55,0.83,1.1,0.75,0.75,0.6,0.6
8,12,21,0.55,0.03,0.2,0.0,0.0,0.0,0.2,0.0,0.1,0.0,0.1,0.0,0.0,0.0,0.0,0.0,0.0,0.0,0.15,0.0
8,13,8,9.47,0.59,0.9,0.29,0.8,0.6,0.6,0.4,0.29,0.49,0.39,0.29,0.55,0.83,0.83,0.55,0.9,0.75,0.75,0.45
8,13,9,39.89,2.49,4.05,1.08,3.39,2.8,3.19,2.4,1.17,1.08,1.08,1.08,1.93,2.76,2.48,1.38,4.05,3.9,3.9,3.3
8,13,10,92.27,5.77,8.1,1.38,7.19,6.59,6.99,5.19,4.79,4.6,4.6,4.5,4.69,6.34,4.96,1.38,8.1,7.65,7.65,7.05
8,13,11,142.16,8.88,11.18,1.38,11.18,10.18,10.38,10.38,8.61,8.32,8.41,7.73,7.44,9.65,8.0,1.38,11.1,10.5,10.5,8.4
8,13,12,176.22,11.01,13.38,0.28,13.38,12.78,12.38,11.38,11.64,11.45,11.25,10.17,9.93,11.58,10.2,0.28,12.9,12.45,12.3,12.15
8,13,13,198.9,12.43,14.97,1.1,14.97,13.98,13.58,13.38,13.6,13.4,12.62,12.62,11.86,12.96,11.58,1.1,13.65,13.35,13.2,13.05
8,13,14,209.02,13.06,14.97,3.58,14.97,14.57,14.37,14.17,14.58,14.18,13.4,13.6,12.68,13.79,11.58,3.58,13.95,13.35,13.2,13.05
8,13,15,205.47,12.84,14.87,4.69,14.57,13.98,13.98,14.17,14.87,14.18,12.91,13.89,12.68,13.24,11.31,4.69,13.35,12.75,12.6,12.3
8,13,16,187.68,11.73,14.18,4.14,13.18,12.98,12.78,12.78,14.18,13.6,12.62,13.21,11.03,12.13,10.2,4.14,11.85,11.4,10.95,10.65
8,13,17,159.33,9.96,12.52,6.62,10.98,10.58,10.58,10.58,12.52,12.13,11.45,11.64,9.65,9.65,8.0,6.62,9.6,8.85,8.25,8.25
8,13,18,114.39,7.15,9.88,4.69,7.99,7.59,7.79,7.79,9.88,9.59,9.0,9.1,6.89,6.62,4.69,4.96,6.0,5.7,5.55,5.25
8,13,19,59.05,3.69,5.77,2.1,4.39,4.19,4.19,3.99,5.77,5.58,5.09,5.09,3.58,3.31,2.21,2.21,2.55,2.25,2.55,2.1
8,13,20,13.29,0.83,1.17,0.55,1.0,0.8,1.0,1.0,1.17,1.08,1.08,0.98,0.55,0.55,0.55,0.83,0.6,0.6,0.9,0.6
8,13,21,0.98,0.06,0.28,0.0,0.0,0.0,0.0,0.0,0.1,0.1,0.2,0.0,0.0,0.0,0.0,0.28,0.15,0.0,0.0,0.15
8,14,7,0.28,0.02,0.28,0.0,0.0,0.0,0.0,0.0,0.0,0.0,0.0,0.0,0.0,0.0,0.28,0.0,0.0,0.0,0.0,0.0
8,14,8,8.86,0.55,0.9,0.28,0.4,0.4,0.6,0.4,0.29,0.68,0.49,0.39,0.55,0.55,0.83,0.28,0.75,0.75,0.9,0.6
8,14,9,39.28,2.46,4.2,0.98,3.19,1.6,2.2,2.8,0.98,1.66,1.66,1.57,1.93,3.03,1.93,2.48,4.2,3.9,3.0,3.15
8,14,10,90.12,5.63,7.95,3.33,7.19,5.39,5.99,6.79,4.7,3.82,4.6,3.33,4.41,6.62,4.96,6.07,7.95,7.65,4.65,6.0
8,14,11,142.97,8.94,10.8,6.36,10.38,10.38,6.39,10.18,8.61,8.32,6.36,7.53,7.17,9.65,8.27,9.38,10.8,10.65,8.85,10.05
8,14,12,178.01,11.13,12.78,4.79,12.78,12.58,4.79,12.38,11.54,11.45,10.66,10.86,9.38,12.13,10.2,11.86,12.6,12.45,11.4,10.95
8,14,13,200.12,12.51,14.17,6.19,14.17,13.98,6.19,13.98,13.3,13.5,12.23,12.23,11.03,13.51,11.31,13.24,13.35,13.5,12.0,12.6
8,14,14,208.52,13.03,14.57,7.79,14.57,14.57,7.79,14.17,14.38,14.28,12.91,12.62,12.13,14.06,10.75,13.79,13.5,13.35,12.75,12.9
8,14,15,204.56,12.79,14.38,8.19,14.17,14.37,8.19,14.17,14.38,14.38,13.01,12.03,12.13,13.51,11.03,13.24,13.05,12.9,11.85,12.15
8,14,16,180.96,11.31,13.79,4.96,12.78,12.78,6.19,12.58,13.79,13.79,11.93,12.91,11.31,12.13,4.96,11.86,11.55,11.25,10.35,10.8
8,14,17,154.34,9.65,12.23,4.79,10.78,10.58,4.79,10.38,12.23,12.23,10.57,11.74,9.38,9.93,8.0,9.38,9.0,8.85,8.1,8.4
8,14,18,108.54,6.78,9.59,4.69,7.79,6.59,5.59,7.39,9.59,9.59,6.65,8.9,6.62,7.17,4.69,6.07,5.85,5.7,5.1,5.25
8,14,19,54.78,3.42,5.58,1.76,4.19,3.79,3.59,3.99,5.48,5.58,1.76,5.09,3.31,3.03,2.76,2.76,2.4,2.85,2.1,2.1
8,14,20,12.42,0.78,1.17,0.45,1.0,0.8,0.8,0.8,0.98,0.88,1.17,0.98,0.55,0.55,0.83,0.83,0.45,0.6,0.75,0.45
8,14,21,1.08,0.07,0.28,0.0,0.0,0.0,0.2,0.0,0.1,0.1,0.0,0.1,0.0,0.28,0.0,0.0,0.15,0.0,0.0,0.15
8,15,8,7.75,0.48,0.9,0.2,0.4,0.4,0.4,0.2,0.2,0.29,0.49,0.29,0.55,0.28,0.55,0.55,0.75,0.9,0.75,0.75
8,15,9,40.53,2.53,4.35,0.98,3.19,2.99,3.19,2.0,0.98,1.17,1.27,1.17,1.65,3.03,1.93,2.21,4.05,4.35,4.05,3.3
8,15,10,97.06,6.07,8.85,3.91,7.39,6.19,7.39,6.39,4.7,3.91,4.5,4.21,4.41,6.89,4.69,5.79,7.95,8.85,6.75,7.05
8,15,11,138.6,8.66,10.95,5.18,10.78,5.99,10.78,10.18,8.61,5.18,8.22,8.02,7.17,9.93,7.44,9.1,10.95,6.0,10.35,9.9
8,15,12,173.24,10.83,12.98,6.46,12.98,7.99,12.78,12.38,11.74,6.46,11.05,10.76,9.65,11.86,9.93,11.86,12.6,7.35,12.15,11.7
8,15,13,196.14,12.26,14.17,8.1,14.17,11.98,13.98,13.78,13.5,9.78,12.52,12.72,11.03,13.24,11.03,12.96,13.35,8.1,11.55,12.45
8,15,14,213.69,13.36,14.57,10.78,14.57,10.78,14.57,14.37,14.28,13.99,13.11,13.5,12.13,13.79,11.86,13.79,13.65,14.4,12.15,12.75
8,15,15,200.47,12.53,14.18,5.59,13.98,5.59,13.98,13.78,14.18,11.93,13.11,13.79,12.13,13.51,11.03,13.51,13.05,12.9,12.15,11.85
8,15,16,190.09,11.88,13.7,9.38,12.58,9.38,12.78,12.38,13.7,11.93,12.91,13.21,11.58,12.13,10.2,11.86,11.55,12.0,11.25,10.65
8,15,17,156.11,9.76,12.23,5.19,10.78,5.19,10.58,10.38,12.23,11.54,11.64,11.64,9.38,9.65,7.72,9.38,9.15,9.75,8.85,8.25
8,15,18,114.55,7.16,9.68,4.96,7.79,7.39,7.59,7.39,9.68,8.71,9.39,9.0,6.62,6.89,4.96,6.34,5.7,6.3,5.7,5.1
8,15,19,58.81,3.68,5.48,2.1,4.19,4.39,4.19,4.19,5.48,4.89,5.18,4.99,3.31,3.03,2.76,2.76,2.4,2.55,2.4,2.1
8,15,20,12.23,0.76,1.0,0.55,1.0,0.8,0.8,0.8,0.98,0.68,0.98,0.88,0.55,0.55,0.83,0.83,0.6,0.6,0.75,0.6
8,15,21,0.55,0.03,0.2,0.0,0.0,0.2,0.0,0.0,0.1,0.0,0.1,0.0,0.0,0.0,0.0,0.0,0.0,0.0,0.15,0.0
8,16,7,0.1,0.01,0.1,0.0,0.0,0.0,0.0,0.0,0.0,0.1,0.0,0.0,0.0,0.0,0.0,0.0,0.0,0.0,0.0,0.0
8,16,8,7.18,0.45,0.9,0.2,0.4,0.4,0.4,0.4,0.29,0.2,0.29,0.29,0.28,0.55,0.55,0.28,0.75,0.9,0.75,0.45
8,16,9,40.55,2.53,4.2,0.98,3.19,2.99,3.19,2.4,0.98,1.17,0.98,1.57,1.93,2.76,2.21,2.48,4.2,4.2,4.05,2.25
8,16,10,94.68,5.92,7.95,3.62,7.19,6.19,7.59,7.59,4.7,3.62,4.6,3.62,4.41,6.89,5.79,5.79,7.95,4.2,7.65,6.9
8,16,11,138.42,8.65,10.95,4.99,10.58,7.59,10.78,5.59,8.61,7.53,8.32,4.99,7.17,9.93,9.38,9.1,10.95,8.7,10.65,8.55
8,16,12,175.23,10.95,13.18,6.19,12.98,8.98,13.18,6.19,11.74,10.96,11.45,9.0,9.65,11.86,11.31,11.58,12.75,10.35,12.45,10.8
8,16,13,198.86,12.43,14.17,9.58,14.17,9.58,14.17,11.18,13.7,12.62,13.3,9.68,11.58,12.96,12.13,13.24,13.65,13.5,13.65,9.75
8,16,14,208.3,13.02,14.77,9.0,14.77,9.78,14.77,11.38,14.38,13.79,13.89,9.0,12.68,13.79,12.41,13.51,13.95,14.1,13.8,12.3
8,16,15,209.28,13.08,14.58,10.38,14.37,10.38,13.98,13.98,14.58,14.09,13.89,10.96,12.41,13.24,12.41,13.24,13.2,13.95,12.9,11.7
8,16,16,191.76,11.98,13.7,6.79,12.98,6.79,12.58,13.18,13.7,13.5,13.11,13.11,11.58,11.86,11.31,11.86,11.85,12.45,11.55,10.35
8,16,17,153.48,9.59,12.42,3.99,10.78,3.99,10.58,7.19,12.33,11.74,12.03,12.42,9.65,9.65,8.82,8.0,9.3,9.75,9.15,8.1
8,16,18,109.22,6.83,9.78,3.19,7.79,3.19,7.59,5.39,9.78,9.39,9.49,9.78,6.62,6.62,6.07,4.41,5.85,6.15,5.7,5.4
8,16,19,53.19,3.32,5.48,1.4,4.39,1.6,3.99,1.4,5.48,4.6,5.28,4.99,3.31,2.76,2.48,3.31,2.4,2.4,2.4,2.4
8,16,20,11.08,0.69,1.0,0.2,1.0,0.2,0.8,0.8,0.88,0.68,0.88,0.68,0.55,0.55,0.83,0.83,0.6,0.6,0.6,0.6
8,16,21,0.6,0.04,0.15,0.0,0.0,0.0,0.0,0.0,0.1,0.0,0.1,0.1,0.0,0.0,0.0,0.0,0.15,0.0,0.0,0.15
8,17,8,7.55,0.47,0.75,0.28,0.4,0.4,0.4,0.4,0.39,0.39,0.29,0.49,0.28,0.55,0.28,0.28,0.75,0.75,0.75,0.75
8,17,9,40.59,2.54,4.05,0.98,3.19,2.4,3.19,1.6,0.98,1.27,0.98,1.86,1.93,2.48,2.48,2.48,4.05,4.05,3.9,3.75
8,17,10,91.51,5.72,7.95,3.19,7.59,3.79,7.59,3.19,4.89,4.11,4.5,4.99,4.41,6.07,5.79,5.79,7.95,6.75,7.65,6.45
8,17,11,133.36,8.34,10.98,4.99,10.58,5.59,10.98,4.99,8.71,5.09,8.51,8.71,7.17,8.0,9.65,9.38,10.95,7.35,10.65,7.05
8,17,12,178.02,11.13,13.58,5.79,12.98,5.79,13.58,10.98,11.74,7.43,11.35,9.2,9.65,11.58,11.31,11.58,12.75,13.35,12.45,12.3
8,17,13,194.18,12.14,14.97,5.19,14.17,5.19,14.97,8.58,13.4,8.12,13.21,12.23,11.58,12.96,12.68,13.24,13.65,13.65,13.2,13.35
8,17,14,202.24,12.64,15.17,5.19,14.77,5.19,15.17,9.58,13.79,9.88,13.89,12.72,12.41,13.79,12.96,13.79,13.95,13.5,13.5,13.35
8,17,15,202.86,12.68,14.38,5.19,14.17,5.19,14.37,13.38,13.89,10.27,13.6,14.38,12.68,13.51,12.41,12.96,13.05,13.2,12.9,12.9
8,17,16,186.03,11.63,13.98,3.19,12.98,3.19,12.78,13.98,13.5,11.05,12.91,13.7,11.31,11.86,11.31,11.86,11.55,11.55,11.4,11.1
8,17,17,148.45,9.28,12.13,5.55,10.78,5.59,10.78,9.18,12.13,7.34,11.54,11.93,9.1,9.65,9.1,9.38,9.0,5.55,8.85,8.55
8,17,18,103.1,6.44,9.68,0.8,7.99,0.8,7.59,8.19,9.68,5.48,9.29,9.49,6.89,6.62,5.79,5.79,5.85,2.85,5.55,5.25
8,17,19,53.18,3.32,5.38,0.6,4.19,0.6,3.99,3.99,5.38,4.21,5.09,5.18,3.31,3.03,2.48,3.03,2.25,1.8,2.4,2.25
8,17,20,10.58,0.66,0.88,0.28,0.8,0.4,0.8,0.8,0.88,0.68,0.88,0.88,0.55,0.28,0.83,0.55,0.6,0.6,0.6,0.45
8,17,21,0.78,0.05,0.28,0.0,0.0,0.0,0.0,0.0,0.1,0.0,0.1,0.0,0.0,0.28,0.0,0.0,0.15,0.0,0.0,0.15
8,18,8,6.39,0.4,0.75,0.2,0.6,0.2,0.4,0.4,0.49,0.2,0.29,0.29,0.28,0.28,0.28,0.28,0.75,0.3,0.75,0.6
8,18,9,35.09,2.19,3.9,0.88,2.2,1.0,3.19,3.19,1.57,0.98,0.98,0.88,1.93,2.76,1.93,2.48,3.45,1.05,3.9,3.6
8,18,10,77.26,4.83,7.59,1.6,4.79,1.6,7.59,7.39,3.13,1.96,4.4,4.3,4.41,6.34,4.69,5.51,3.75,2.55,7.5,7.35
8,18,11,122.44,7.65,10.98,3.03,6.39,3.59,10.98,10.78,4.4,3.03,8.41,8.32,7.44,9.65,8.55,9.1,7.5,3.75,10.35,10.2
8,18,12,161.37,10.09,13.38,5.18,9.18,6.39,13.38,13.38,7.34,5.18,11.25,11.05,9.93,11.58,10.2,11.86,10.65,5.4,12.45,12.15
8,18,13,185.5,11.59,14.37,6.19,11.78,6.19,14.17,14.37,8.32,9.2,12.72,12.62,11.86,12.96,12.13,12.68,8.4,12.3,12.9,12.9
8,18,14,196.61,12.29,14.97,8.25,9.58,9.18,14.57,14.97,9.29,13.79,13.4,12.72,12.68,13.24,11.03,12.96,8.25,14.7,13.2,13.05
8,18,15,188.19,11.76,14.37,6.34,7.19,11.78,13.98,14.37,10.17,13.7,13.5,12.62,12.68,12.68,6.34,12.68,7.8,13.8,12.45,12.45
8,18,16,176.23,11.01,13.3,6.19,6.19,11.98,12.58,12.78,9.49,13.3,13.21,12.33,11.31,11.86,7.17,11.58,8.1,12.3,11.25,10.8
8,18,17,150.08,9.38,11.93,3.99,3.99,10.78,10.38,10.78,6.26,11.93,11.93,11.35,9.65,9.38,8.55,9.1,9.15,9.75,8.85,8.25
8,18,18,103.44,6.47,9.39,3.59,3.59,7.39,7.39,7.59,3.91,9.39,9.29,8.9,6.62,6.62,5.51,5.79,4.65,6.0,5.7,5.1
8,18,19,51.94,3.25,5.18,1.2,1.2,3.99,3.79,4.19,3.23,5.18,4.99,4.79,3.31,3.03,2.48,2.76,2.25,2.55,2.25,1.95
8,18,20,10.77,0.67,1.0,0.4,0.4,0.8,1.0,0.8,0.88,0.78,0.88,0.78,0.55,0.55,0.55,0.55,0.45,0.6,0.6,0.6
8,18,21,0.53,0.03,0.28,0.0,0.0,0.0,0.0,0.0,0.0,0.0,0.1,0.0,0.0,0.0,0.28,0.0,0.0,0.0,0.15,0.0
8,19,8,6.56,0.41,0.75,0.2,0.4,0.4,0.4,0.2,0.49,0.39,0.29,0.2,0.28,0.28,0.28,0.55,0.75,0.45,0.6,0.6
8,19,9,38.28,2.39,3.9,0.88,2.4,2.2,3.19,3.19,1.08,1.57,1.17,0.88,1.65,3.03,2.21,2.21,3.9,2.4,3.6,3.6
8,19,10,93.02,5.81,8.1,4.01,4.99,6.99,6.99,7.19,4.11,4.01,4.4,4.11,4.41,6.62,5.79,5.51,8.1,4.95,7.65,7.2
8,19,11,147.96,9.25,10.8,5.79,5.79,10.78,10.58,10.78,8.61,8.32,8.51,8.02,7.17,9.65,9.38,8.82,10.35,10.2,10.8,10.2
8,19,12,188.9,11.81,13.35,9.65,10.18,12.98,12.98,12.58,11.93,11.35,11.45,10.47,9.65,11.86,11.31,11.31,12.9,13.35,12.6,12.0
8,19,13,208.59,13.04,14.57,9.58,9.58,14.57,13.98,13.78,13.4,13.4,13.3,11.64,11.86,13.24,12.68,12.41,13.95,14.55,13.65,12.6
8,19,14,212.26,13.27,15.17,6.99,6.99,15.17,14.57,14.17,14.38,14.18,14.28,11.93,12.41,13.51,12.96,12.96,13.95,14.55,13.65,12.6
8,19,15,212.07,13.25,14.67,11.85,12.38,14.57,13.78,13.58,14.67,14.28,14.28,11.93,12.68,13.51,12.68,12.13,12.9,13.95,12.9,11.85
8,19,16,192.42,12.03,13.79,10.35,12.78,13.18,12.58,12.18,11.64,13.79,13.7,11.64,11.31,12.13,11.31,11.03,10.95,12.3,11.55,10.35
8,19,17,159.6,9.97,12.42,8.1,8.58,10.78,10.38,10.18,11.64,12.42,12.13,10.86,9.38,9.93,9.1,8.82,8.85,9.45,9.0,8.1
8,19,18,110.23,6.89,9.59,4.8,5.39,7.59,7.59,6.99,7.92,9.59,9.49,8.71,6.89,6.89,5.79,5.79,6.15,4.8,5.7,4.95
8,19,19,53.57,3.35,5.28,1.8,2.99,3.39,3.79,3.79,4.6,5.28,5.28,4.6,3.03,3.03,2.48,2.76,2.55,1.8,2.25,1.95
8,19,20,10.23,0.64,0.88,0.3,0.8,0.8,0.8,0.6,0.88,0.68,0.78,0.59,0.55,0.55,0.55,0.55,0.6,0.3,0.6,0.6
8,19,21,0.65,0.04,0.2,0.0,0.0,0.0,0.2,0.0,0.1,0.1,0.0,0.1,0.0,0.0,0.0,0.0,0.0,0.15,0.0,0.0
8,20,8,5.84,0.36,0.75,0.0,0.4,0.2,0.2,0.4,0.29,0.1,0.29,0.2,0.28,0.55,0.55,0.28,0.75,0.0,0.75,0.6
8,20,9,34.0,2.13,4.05,0.4,3.19,0.4,3.19,2.99,0.98,0.68,0.88,0.88,1.93,2.76,2.21,2.21,4.05,0.6,3.9,3.15
8,20,10,82.62,5.16,7.95,0.98,7.59,1.2,7.39,6.79,4.7,0.98,4.5,4.01,4.14,6.62,5.79,5.51,7.95,1.2,7.65,6.6
8,20,11,129.61,8.1,11.38,1.5,11.38,2.2,10.78,9.98,8.61,2.15,8.41,7.83,7.44,9.93,9.38,8.82,10.95,1.5,10.65,9.6
8,20,12,163.63,10.23,13.98,2.1,13.98,4.99,12.98,11.78,11.84,2.74,11.35,10.57,9.93,12.13,11.31,11.03,12.9,2.1,12.6,11.4
8,20,13,186.7,11.67,15.17,4.5,15.17,6.19,14.37,12.78,13.7,4.5,13.3,12.23,12.13,13.24,12.41,12.13,13.8,4.95,13.5,12.3
8,20,14,191.63,11.98,15.77,4.35,15.77,4.59,14.77,13.58,14.38,5.58,13.99,12.91,12.96,13.79,12.68,12.68,13.65,4.35,13.5,12.45
8,20,15,187.0,11.69,14.97,3.91,14.97,4.19,14.37,13.38,14.48,3.91,13.89,13.3,12.96,13.24,12.68,12.13,13.05,6.0,12.75,11.7
8,20,16,165.34,10.33,13.89,2.35,13.38,2.99,12.98,12.18,13.89,2.35,12.91,12.91,11.58,12.13,11.31,11.03,11.4,2.85,11.1,10.35
8,20,17,137.54,8.6,12.23,1.4,11.18,1.4,10.78,9.98,12.23,2.74,11.84,11.54,9.65,9.93,9.1,8.82,9.15,2.4,8.7,8.1
8,20,18,97.8,6.11,9.59,0.4,7.99,0.4,7.59,6.99,9.59,3.23,9.29,9.0,6.62,6.62,5.79,5.79,5.7,2.85,5.4,4.95
8,20,19,47.07,2.94,5.09,0.6,3.99,0.6,3.99,3.79,5.09,1.27,4.99,4.7,3.31,3.03,2.48,2.48,2.25,1.05,2.1,1.95
8,20,20,9.04,0.56,0.88,0.0,0.8,0.0,0.8,0.6,0.88,0.59,0.78,0.59,0.55,0.55,0.55,0.55,0.6,0.15,0.6,0.45
8,20,21,0.45,0.03,0.2,0.0,0.0,0.0,0.0,0.2,0.0,0.0,0.0,0.1,0.0,0.0,0.0,0.0,0.0,0.0,0.0,0.15
8,21,8,6.41,0.4,0.75,0.2,0.4,0.4,0.4,0.2,0.29,0.29,0.29,0.2,0.28,0.55,0.28,0.28,0.75,0.45,0.75,0.6
8,21,9,36.97,2.31,3.75,0.78,2.99,1.6,3.19,2.99,1.08,1.66,0.78,0.78,1.65,2.48,2.21,2.21,3.75,2.4,3.75,3.45
8,21,10,88.52,5.53,7.5,1.8,4.19,1.8,7.19,6.79,4.5,4.11,4.4,4.21,4.14,6.34,5.79,5.51,7.5,7.35,7.5,7.2
8,21,11,143.55,8.97,10.98,4.79,10.98,4.79,10.58,10.18,8.41,5.97,8.22,8.22,6.62,9.38,9.38,8.82,10.5,10.8,10.5,10.2
8,21,12,184.5,11.53,13.38,8.8,13.38,12.18,12.58,12.18,11.35,8.8,11.25,11.25,9.38,11.86,11.31,11.58,12.45,10.5,12.3,12.15
8,21,13,205.85,12.87,14.37,10.65,14.37,13.38,13.98,13.78,13.01,12.03,12.91,13.21,10.75,12.96,12.41,12.96,13.5,10.65,13.05,12.9
8,21,14,211.1,13.19,14.77,9.78,14.77,13.78,14.57,14.17,13.4,9.78,13.5,13.79,11.58,13.24,12.96,13.51,13.5,12.3,13.2,13.05
8,21,15,205.13,12.82,14.38,9.38,14.37,9.38,13.58,13.78,13.4,14.38,13.6,13.7,11.86,13.24,12.68,12.41,12.9,11.1,12.45,12.3
8,21,16,189.91,11.87,13.6,9.78,12.78,9.78,12.38,12.38,12.82,13.6,13.11,13.11,10.48,11.58,11.31,11.58,11.25,12.15,10.95,10.65
8,21,17,158.18,9.89,12.42,8.25,10.58,9.78,9.98,10.18,11.35,12.42,11.74,11.64,8.82,8.82,8.82,9.1,8.85,9.15,8.7,8.25
8,21,18,108.37,6.77,9.1,4.95,7.59,7.59,7.19,7.19,9.0,6.85,9.1,8.9,6.34,6.34,5.79,5.79,5.4,4.95,5.4,4.95
8,21,19,51.22,3.2,4.89,1.95,3.99,3.39,3.59,3.79,4.79,3.33,4.89,4.7,2.76,2.48,2.48,2.48,2.25,2.25,2.1,1.95
8,21,20,10.84,0.68,1.27,0.28,0.8,1.0,0.6,0.6,0.78,1.27,0.59,0.59,0.83,0.55,0.28,0.55,0.6,0.9,0.45,0.45
8,21,21,0.75,0.05,0.2,0.0,0.0,0.0,0.2,0.2,0.1,0.1,0.0,0.0,0.0,0.0,0.0,0.0,0.0,0.15,0.0,0.0
8,22,8,6.3,0.39,0.75,0.2,0.4,0.2,0.4,0.2,0.29,0.29,0.29,0.29,0.28,0.28,0.55,0.28,0.6,0.75,0.75,0.45
8,22,9,39.03,2.44,4.2,0.88,3.19,3.39,2.99,2.99,0.98,0.88,0.88,1.08,1.65,2.76,1.93,2.21,3.6,4.2,3.6,2.7
8,22,10,95.24,5.95,8.4,3.52,7.19,7.59,6.99,6.99,4.3,4.7,4.3,3.52,3.86,6.07,5.24,5.24,7.35,8.4,7.5,6.0
8,22,11,149.04,9.32,11.4,6.75,10.38,10.78,10.18,10.18,8.12,9.0,8.32,6.75,6.89,9.65,8.27,8.82,10.5,11.4,10.5,9.3
8,22,12,185.77,11.61,13.2,9.1,12.78,12.98,12.18,12.58,10.96,11.93,11.25,9.59,9.1,11.31,10.48,11.58,12.3,13.2,12.3,11.25
8,22,13,207.04,12.94,14.57,10.75,13.98,14.57,13.58,13.78,12.42,13.89,13.11,11.84,10.75,12.68,11.58,12.96,12.9,14.1,13.05,11.85
8,22,14,209.6,13.1,14.77,10.78,10.78,14.77,13.98,14.17,12.91,14.48,13.5,12.72,11.31,13.24,12.13,12.96,13.2,14.1,13.2,12.15
8,22,15,205.06,12.82,14.38,11.03,12.38,14.17,13.58,13.58,12.62,14.38,13.6,12.82,11.31,12.96,11.03,12.68,12.3,13.35,12.75,11.55
8,22,16,186.54,11.66,13.79,10.18,10.18,12.98,12.18,11.98,11.93,13.79,13.01,12.52,10.48,11.58,10.48,11.03,10.95,12.0,11.1,10.35
8,22,17,156.01,9.75,12.33,7.95,9.38,10.58,9.98,9.98,11.15,12.33,11.93,10.86,8.55,9.38,8.27,8.82,8.55,9.45,8.85,7.95
8,22,18,109.62,6.85,9.78,4.8,6.99,7.79,7.39,6.99,8.51,9.78,9.2,8.51,6.07,6.34,5.24,5.51,5.1,6.0,5.4,4.8
8,22,19,51.82,3.24,5.18,1.8,2.99,3.99,3.79,3.59,4.21,5.18,4.89,4.3,2.76,3.03,2.21,2.48,2.1,2.4,2.1,1.8
8,22,20,9.07,0.57,0.8,0.28,0.8,0.6,0.6,0.6,0.68,0.59,0.68,0.49,0.55,0.28,0.55,0.55,0.6,0.45,0.6,0.45
8,22,21,0.7,0.04,0.15,0.0,0.0,0.0,0.0,0.0,0.1,0.1,0.1,0.1,0.0,0.0,0.0,0.0,0.0,0.15,0.15,0.0
8,23,8,6.51,0.41,0.6,0.2,0.2,0.4,0.4,0.4,0.39,0.2,0.29,0.2,0.55,0.55,0.55,0.28,0.6,0.6,0.45,0.45
8,23,9,37.61,2.35,4.05,0.88,2.99,2.99,2.8,2.8,1.08,0.88,0.98,1.27,1.38,2.48,1.93,1.93,3.45,4.05,3.45,3.15
8,23,10,93.0,5.81,8.25,3.31,7.19,7.39,6.79,6.39,4.21,4.6,4.21,4.11,4.14,6.62,5.24,3.31,7.05,8.25,6.9,6.6
8,23,11,144.55,9.03,11.1,4.96,10.58,10.78,10.38,9.78,7.92,8.8,8.02,7.73,7.17,9.38,8.55,4.96,9.9,11.1,10.05,9.45
8,23,12,181.68,11.36,13.05,7.72,12.58,12.98,12.78,11.98,10.66,11.64,10.76,10.27,9.38,11.58,10.75,7.72,11.85,13.05,12.0,11.7
8,23,13,199.89,12.49,14.37,9.1,13.58,14.37,14.17,13.18,12.42,13.5,12.03,10.17,11.03,12.41,11.58,9.1,12.9,14.1,12.9,12.45
8,23,14,209.05,13.07,14.97,10.48,14.97,14.37,14.57,13.18,12.82,13.99,13.11,12.13,11.86,13.24,12.13,10.48,12.9,13.8,13.05,12.45
8,23,15,202.85,12.68,13.89,11.4,13.38,13.78,13.78,12.38,12.52,13.89,13.4,12.42,11.86,12.68,11.58,12.13,12.3,13.2,12.15,11.4
8,23,16,185.53,11.6,13.4,9.45,12.98,12.38,12.18,11.38,12.72,13.4,12.91,11.84,10.75,11.58,10.48,10.48,10.65,11.7,10.65,9.45
8,23,17,150.75,9.42,12.13,6.19,10.18,10.38,9.98,6.19,11.35,12.13,11.45,11.05,8.82,9.38,8.27,8.27,8.25,9.15,8.25,7.65
8,23,18,105.71,6.61,9.68,4.79,4.79,7.39,6.79,7.39,8.71,9.68,8.51,8.02,6.34,6.34,5.24,5.51,5.25,5.85,4.95,4.95
8,23,19,49.59,3.1,4.89,1.8,3.99,3.79,3.39,2.6,4.3,4.89,4.21,4.11,2.76,2.76,2.21,2.48,1.95,2.25,2.1,1.8
8,23,20,9.51,0.59,0.8,0.28,0.8,0.6,0.6,0.6,0.68,0.59,0.78,0.68,0.55,0.28,0.55,0.55,0.6,0.45,0.6,0.6
8,23,21,0.2,0.01,0.1,0.0,0.0,0.0,0.0,0.0,0.1,0.0,0.0,0.1,0.0,0.0,0.0,0.0,0.0,0.0,0.0,0.0
8,24,8,5.34,0.33,0.6,0.0,0.2,0.2,0.4,0.4,0.0,0.29,0.29,0.2,0.0,0.55,0.28,0.28,0.6,0.6,0.6,0.45
8,24,9,32.72,2.04,3.9,0.0,3.19,2.99,2.99,2.8,0.0,0.78,1.17,1.47,0.0,2.48,0.55,1.1,3.45,3.9,3.3,2.55
8,24,10,77.07,4.82,7.95,0.0,6.79,7.19,6.79,6.59,0.0,4.6,4.11,2.93,0.0,6.34,1.65,2.48,7.2,7.95,6.9,5.55
8,24,11,114.67,7.17,10.98,0.0,10.18,10.98,9.58,9.78,0.0,8.41,7.34,5.38,0.0,9.38,2.48,4.41,10.35,10.95,8.55,6.9
8,24,12,144.02,9.0,13.18,0.0,12.58,13.18,11.58,11.78,0.0,11.25,8.9,8.9,0.0,11.58,3.58,5.24,12.0,12.9,10.5,10.05
8,24,13,169.32,10.58,14.17,0.0,13.58,14.17,13.98,13.18,0.0,12.42,11.15,10.66,0.0,12.68,7.17,11.58,13.2,13.5,10.05,12.0
8,24,14,173.85,10.87,14.37,0.0,13.38,14.37,14.17,13.98,0.0,13.11,13.11,8.12,0.0,13.51,8.82,11.03,12.9,13.65,11.25,12.45
8,24,15,164.68,10.29,13.78,0.0,12.78,13.78,13.38,13.18,0.0,13.5,13.3,7.53,0.0,12.68,11.31,6.89,12.3,12.9,9.3,11.85
8,24,16,154.07,9.63,12.98,0.0,12.98,12.18,11.98,12.18,0.0,12.91,12.33,6.36,0.0,11.86,10.75,6.89,10.95,11.25,10.95,10.5
8,24,17,120.22,7.51,11.25,0.0,8.78,8.98,9.58,9.78,0.0,11.25,10.37,4.01,0.0,9.38,6.62,7.72,8.4,9.0,8.4,7.95
8,24,18,83.36,5.21,8.12,0.0,6.19,7.79,6.79,6.99,0.0,8.12,7.53,2.74,0.0,6.34,4.96,5.51,5.25,5.25,4.95,4.95
8,24,19,38.15,2.38,4.21,0.0,2.4,3.59,3.39,3.59,0.0,4.21,3.52,1.17,0.0,2.76,2.21,2.76,2.1,2.7,1.95,1.8
8,24,20,8.31,0.52,0.98,0.0,0.6,0.6,0.8,0.8,0.0,0.98,0.78,0.39,0.0,0.28,0.55,0.28,0.45,0.75,0.6,0.45
8,24,21,0.45,0.03,0.15,0.0,0.0,0.0,0.0,0.0,0.0,0.0,0.0,0.0,0.0,0.0,0.0,0.0,0.15,0.0,0.15,0.15
8,25,8,5.5,0.34,0.83,0.0,0.2,0.4,0.4,0.2,0.39,0.2,0.1,0.2,0.83,0.55,0.28,0.55,0.45,0.75,0.0,0.0
8,25,9,28.3,1.77,4.05,0.3,1.8,2.99,2.8,1.6,1.96,0.78,0.49,0.68,1.38,2.21,0.83,1.93,3.6,4.05,0.3,0.9
8,25,10,67.67,4.23,7.95,0.98,2.8,7.39,6.59,6.39,4.01,4.7,0.98,1.17,3.58,6.07,1.65,5.24,6.15,7.95,1.2,1.8
8,25,11,107.07,6.69,10.95,1.66,9.18,10.38,9.58,9.78,4.89,8.71,1.66,2.15,6.89,8.82,3.86,8.82,6.15,10.95,2.4,2.85
8,25,12,150.14,9.38,13.05,3.42,12.18,12.78,12.18,11.98,7.83,11.74,4.3,3.42,9.38,11.03,6.34,11.58,6.75,13.05,8.55,7.05
8,25,13,181.8,11.36,13.98,5.38,11.38,13.98,13.58,13.18,5.38,13.4,11.05,6.95,11.03,12.13,9.1,13.24,12.3,13.5,9.15,12.45
8,25,14,191.05,11.94,14.57,4.35,9.78,14.57,13.58,13.78,8.02,14.09,12.03,13.11,11.86,12.96,12.96,13.51,4.35,13.65,9.6,13.2
8,25,15,193.31,12.08,14.09,5.4,7.99,13.98,12.98,13.18,13.5,13.99,13.5,14.09,8.55,12.41,12.68,12.96,5.4,12.9,12.75,12.45
8,25,16,187.79,11.74,13.4,9.93,10.18,12.78,12.18,11.98,13.11,13.4,12.62,13.11,9.93,11.03,11.31,11.31,11.55,11.4,11.1,10.8
8,25,17,149.8,9.36,11.93,4.99,4.99,10.38,9.78,9.78,11.84,11.93,11.05,11.74,6.34,9.1,9.1,8.82,9.0,9.0,8.7,8.25
8,25,18,102.05,6.38,9.59,0.8,0.8,7.19,6.59,6.59,9.2,9.59,8.32,8.9,6.07,6.07,5.79,5.79,5.4,5.7,5.1,4.95
8,25,19,46.62,2.91,4.79,1.65,2.0,3.59,3.19,3.19,4.4,4.79,4.01,4.5,1.65,2.48,2.21,2.21,2.1,2.25,2.1,1.95
8,25,20,9.12,0.57,0.83,0.3,0.4,0.6,0.8,0.6,0.68,0.49,0.68,0.59,0.83,0.55,0.55,0.55,0.45,0.45,0.6,0.3
8,25,21,0.25,0.02,0.15,0.0,0.0,0.0,0.0,0.0,0.0,0.1,0.0,0.0,0.0,0.0,0.0,0.0,0.15,0.0,0.0,0.0
8,26,8,4.19,0.26,0.6,0.0,0.0,0.2,0.2,0.2,0.29,0.2,0.29,0.2,0.0,0.28,0.55,0.28,0.3,0.6,0.3,0.3
8,26,9,32.6,2.04,4.05,0.78,1.2,2.99,2.8,2.8,1.37,0.78,1.47,1.27,1.38,2.48,1.93,1.93,3.3,4.05,1.65,1.2
8,26,10,76.94,4.81,7.95,1.65,2.6,6.99,6.39,6.79,3.72,4.6,3.33,2.93,1.65,6.34,5.51,5.24,5.55,7.95,3.75,3.6
8,26,11,125.21,7.83,11.1,2.76,3.19,10.18,9.58,9.98,6.85,8.8,7.34,3.91,2.76,8.82,8.55,9.1,10.2,11.1,7.5,7.35
8,26,12,166.2,10.39,12.75,4.99,4.99,12.18,11.58,12.18,5.38,11.64,10.86,10.96,7.44,11.03,10.75,11.31,9.0,12.75,12.3,11.85
8,26,13,182.91,11.43,13.78,4.8,7.59,13.78,11.58,13.58,5.48,13.21,12.52,12.62,10.75,12.13,11.86,12.96,4.8,13.65,13.5,12.9
8,26,14,197.59,12.35,14.17,7.59,7.59,14.17,12.98,13.98,8.9,13.6,13.11,13.99,11.86,12.41,12.41,13.24,9.3,13.65,13.5,12.9
8,26,15,196.97,12.31,14.09,7.39,7.39,13.58,13.18,10.18,14.09,13.3,13.11,13.89,10.2,12.13,12.41,12.96,12.75,12.9,12.75,12.15
8,26,16,170.03,10.63,13.3,1.6,1.6,12.38,10.58,6.79,13.01,12.91,12.23,13.3,10.2,10.75,10.75,11.58,10.95,11.25,11.1,10.65
8,26,17,145.43,9.09,11.84,2.0,2.0,10.18,9.98,9.38,10.96,11.84,10.76,11.84,8.27,8.82,8.55,9.1,8.4,8.85,8.4,8.1
8,26,18,93.57,5.85,9.1,1.38,2.4,7.19,7.19,3.59,8.12,9.1,8.32,8.9,1.38,5.51,5.51,5.51,5.1,5.7,5.25,4.8
8,26,19,41.17,2.57,4.21,1.17,2.0,3.59,3.39,1.8,3.82,4.21,4.11,1.17,1.93,2.21,2.21,2.48,2.1,2.1,2.1,1.95
8,26,20,9.58,0.6,1.2,0.3,1.2,0.4,0.6,0.8,0.68,0.68,0.68,0.39,0.55,0.55,0.55,0.55,0.6,0.6,0.45,0.3
8,26,21,0.2,0.01,0.1,0.0,0.0,0.0,0.0,0.0,0.1,0.1,0.0,0.0,0.0,0.0,0.0,0.0,0.0,0.0,0.0,0.0
8,27,8,5.41,0.34,0.6,0.1,0.2,0.4,0.4,0.4,0.29,0.29,0.29,0.1,0.28,0.28,0.55,0.28,0.3,0.6,0.6,0.15
8,27,9,32.0,2.0,3.75,0.3,2.99,2.4,2.8,2.8,1.37,1.57,0.88,0.59,1.38,2.21,1.93,1.93,1.65,3.75,3.45,0.3
8,27,10,81.86,5.12,7.65,1.2,7.19,5.59,6.79,6.99,2.93,4.01,4.21,1.27,3.86,6.07,5.51,5.24,6.3,7.65,7.05,1.2
8,27,11,133.86,8.37,10.8,3.0,10.38,9.98,9.98,9.98,6.07,8.9,7.83,3.03,6.89,8.82,9.1,8.55,10.5,10.8,10.05,3.0
8,27,12,179.94,11.25,12.9,7.92,12.58,12.58,12.38,12.18,7.92,11.74,10.66,9.49,9.1,10.75,11.03,10.48,12.45,12.9,12.15,11.55
8,27,13,202.69,12.67,14.17,6.95,14.17,13.78,13.58,13.58,6.95,13.7,12.52,13.01,10.75,12.68,12.41,11.86,13.35,13.8,13.5,13.05
8,27,14,209.9,13.12,14.77,7.83,14.77,14.57,14.17,13.98,7.83,14.28,13.4,13.4,11.58,12.68,12.96,12.13,13.35,13.8,13.8,13.2
8,27,15,205.93,12.87,14.38,9.2,14.37,13.78,13.78,13.58,9.2,14.38,13.6,13.11,11.58,12.41,12.68,11.86,12.75,13.35,13.05,12.45
8,27,16,185.43,11.59,13.89,8.41,12.78,11.38,12.18,11.98,8.41,13.89,12.82,12.82,10.48,10.75,11.31,11.03,11.4,11.85,11.4,10.95
8,27,17,154.43,9.65,11.35,8.4,10.58,10.58,9.98,9.98,10.08,10.27,11.35,11.35,8.82,8.82,8.82,8.55,8.85,9.3,8.7,8.4
8,27,18,102.76,6.42,8.71,4.8,6.99,7.39,6.99,7.19,6.26,7.34,8.71,8.71,5.79,5.79,5.51,5.24,5.4,5.55,5.1,4.8
8,27,19,44.7,2.79,4.21,1.95,3.59,3.39,3.19,3.39,2.84,2.45,4.01,4.21,2.48,2.21,2.21,2.48,2.1,2.1,2.1,1.95
8,27,20,8.34,0.52,0.8,0.28,0.6,0.6,0.8,0.6,0.49,0.59,0.59,0.49,0.55,0.55,0.55,0.28,0.45,0.45,0.45,0.3
8,27,21,0.1,0.01,0.1,0.0,0.0,0.0,0.0,0.0,0.1,0.0,0.0,0.0,0.0,0.0,0.0,0.0,0.0,0.0,0.0,0.0
8,28,8,3.6,0.23,0.6,0.0,0.2,0.0,0.0,0.2,0.29,0.1,0.39,0.1,0.28,0.28,0.28,0.28,0.6,0.0,0.45,0.15
8,28,9,23.81,1.49,3.15,0.4,0.6,1.2,0.4,2.99,1.17,0.68,1.47,0.88,1.38,2.21,1.93,1.1,3.15,1.05,2.25,1.35
8,28,10,64.94,4.06,8.25,0.8,1.4,6.19,0.8,6.79,4.5,1.57,3.13,3.52,3.86,6.07,5.51,1.65,8.25,2.4,3.15,6.15
8,28,11,109.78,6.86,10.65,2.0,2.0,10.58,2.0,9.98,8.61,2.54,4.89,8.02,6.62,9.38,9.1,2.76,10.65,7.95,4.8,9.9
8,28,12,147.05,9.19,13.58,2.8,3.79,13.58,2.8,12.18,11.45,7.63,6.26,10.86,9.1,11.03,11.31,3.86,12.75,9.75,8.85,11.85
8,28,13,182.85,11.43,14.77,4.59,12.98,14.77,4.59,13.58,13.3,13.3,6.36,12.62,10.48,12.13,12.68,5.51,13.65,14.1,9.9,12.9
8,28,14,198.51,12.41,15.17,7.44,14.77,15.17,10.18,12.18,14.18,14.77,10.37,13.3,11.58,12.41,12.96,7.44,13.65,14.25,8.25,13.05
8,28,15,194.02,12.13,14.77,5.09,14.17,14.77,14.17,12.38,14.09,14.67,5.09,13.01,11.86,11.86,12.68,6.07,13.05,13.5,10.2,12.45
8,28,16,178.42,11.15,13.4,3.72,12.98,13.38,12.58,11.58,13.4,13.21,3.72,12.42,10.75,10.2,11.58,7.17,11.25,12.0,11.55,10.65
8,28,17,147.26,9.2,11.93,6.59,10.38,10.98,10.38,6.59,11.84,11.93,9.2,10.96,7.72,6.62,8.82,6.89,8.7,9.3,8.85,8.1
8,28,18,96.29,6.02,9.1,3.79,7.39,7.59,7.19,3.79,9.1,8.8,3.91,8.22,3.86,5.24,5.51,4.69,5.25,5.7,5.4,4.65
8,28,19,43.56,2.72,4.4,1.65,3.79,3.79,3.39,2.6,4.4,4.01,1.96,3.52,1.65,2.21,2.21,1.93,2.1,2.1,2.25,1.65
8,28,20,8.85,0.55,0.88,0.28,0.4,0.6,0.6,0.6,0.59,0.78,0.49,0.88,0.55,0.55,0.28,0.28,0.45,0.45,0.6,0.75
8,28,21,0.1,0.01,0.1,0.0,0.0,0.0,0.0,0.0,0.0,0.0,0.1,0.0,0.0,0.0,0.0,0.0,0.0,0.0,0.0,0.0
8,29,8,5.37,0.34,0.75,0.0,0.4,0.2,0.0,0.2,0.2,0.39,0.1,0.39,0.28,0.28,0.55,0.28,0.6,0.75,0.3,0.45
8,29,9,32.4,2.02,3.9,0.4,2.0,3.19,0.4,2.99,0.78,0.98,0.98,1.17,1.1,2.48,1.93,1.65,3.75,3.9,2.7,2.4
8,29,10,86.39,5.4,8.4,2.0,5.39,7.39,2.0,7.19,4.5,3.82,3.13,3.52,3.86,6.34,5.79,4.96,7.65,8.4,6.45,6.0
8,29,11,133.56,8.35,10.98,2.2,10.78,10.98,2.2,10.58,8.61,8.41,5.97,3.91,6.89,9.93,9.1,8.55,10.65,10.5,8.1,8.4
8,29,12,168.77,10.55,12.98,3.59,12.98,10.98,3.59,12.58,11.54,12.72,10.86,5.67,7.44,12.13,10.75,11.03,12.75,11.4,10.8,11.55
8,29,13,197.86,12.37,14.17,6.19,14.17,12.98,6.19,13.98,13.4,13.99,13.01,7.43,10.48,13.24,12.13,12.41,13.5,13.8,13.8,13.35
8,29,14,209.49,13.09,14.97,5.48,14.97,12.78,12.98,14.57,13.99,14.97,13.4,5.48,11.31,13.79,13.24,12.96,13.05,14.7,13.95,13.35
8,29,15,204.93,12.81,15.16,5.48,14.37,12.98,13.98,13.98,13.6,15.16,13.4,5.48,11.58,12.96,12.96,12.13,12.45,13.95,13.35,12.6
8,29,16,185.82,11.61,14.48,7.39,12.98,7.39,12.78,12.98,12.72,14.48,13.01,9.2,10.48,11.86,11.31,11.03,11.1,12.15,11.55,10.8
8,29,17,155.32,9.71,12.62,8.12,10.58,10.38,10.18,10.38,11.25,12.62,11.54,8.12,8.27,9.38,9.1,8.27,8.55,9.45,9.0,8.25
8,29,18,105.21,6.58,9.59,4.65,7.59,5.39,6.79,7.19,9.0,9.59,8.9,7.73,5.79,6.07,5.51,4.96,5.1,5.7,5.25,4.65
8,29,19,47.19,2.95,4.6,1.8,3.59,3.59,2.99,3.39,4.21,4.6,4.01,3.91,2.48,2.48,1.93,2.21,1.95,2.1,1.95,1.8
8,29,20,8.43,0.53,0.68,0.28,0.6,0.6,0.6,0.6,0.59,0.49,0.68,0.39,0.55,0.28,0.55,0.55,0.45,0.45,0.6,0.45
8,29,21,0.1,0.01,0.1,0.0,0.0,0.0,0.0,0.0,0.0,0.0,0.0,0.1,0.0,0.0,0.0,0.0,0.0,0.0,0.0,0.0
8,30,8,5.41,0.34,0.6,0.2,0.2,0.4,0.2,0.2,0.2,0.2,0.2,0.2,0.28,0.55,0.28,0.55,0.6,0.6,0.3,0.45
8,30,9,32.61,2.04,4.05,0.4,2.99,3.19,0.4,3.19,0.88,0.78,0.88,0.68,1.38,2.21,1.93,1.65,3.45,4.05,1.65,3.3
8,30,10,83.93,5.25,8.4,1.6,7.19,7.59,1.6,7.19,4.3,4.79,2.15,4.11,3.58,5.51,4.96,4.41,7.2,8.4,4.05,6.9
8,30,11,140.6,8.79,11.4,5.28,10.58,11.38,7.19,9.58,8.32,9.1,5.28,7.73,6.34,9.38,9.38,6.89,10.5,11.4,7.8,9.75
8,30,12,180.84,11.3,13.78,8.55,12.38,13.78,12.78,12.58,11.05,12.23,9.2,9.0,8.55,11.58,11.31,10.2,12.45,13.5,8.85,11.4
8,30,13,204.89,12.81,15.37,9.9,13.98,15.37,13.58,14.17,12.52,13.89,12.23,12.52,10.48,12.68,12.41,11.86,13.2,14.25,9.9,11.85
8,30,14,211.29,13.21,15.57,8.41,14.57,15.57,14.17,14.77,13.3,14.38,8.41,13.11,11.03,12.96,13.24,12.68,13.35,14.4,12.6,12.75
8,30,15,212.14,13.26,14.97,11.03,14.17,14.97,14.17,14.17,13.5,14.48,13.5,13.6,11.03,12.41,12.68,11.86,12.75,13.5,13.05,12.3
8,30,16,190.29,11.89,13.99,8.27,12.98,13.38,12.78,12.78,13.11,13.99,12.82,12.91,9.93,11.31,11.03,8.27,11.25,11.7,11.55,10.5
8,30,17,152.63,9.54,12.52,3.03,10.38,10.78,10.38,10.38,11.54,12.52,11.54,11.54,8.27,9.1,8.82,3.03,8.4,9.3,8.7,7.95
8,30,18,102.96,6.44,9.59,1.1,6.79,7.59,7.19,7.39,8.8,9.59,8.71,8.71,5.51,5.79,5.24,1.1,5.1,5.55,5.25,4.65
8,30,19,45.16,2.82,4.5,0.28,3.19,3.79,3.39,3.59,4.01,4.5,4.01,4.01,2.48,2.48,1.93,0.28,1.95,2.1,1.8,1.65
8,30,20,7.87,0.49,0.83,0.28,0.6,0.4,0.6,0.4,0.59,0.49,0.39,0.39,0.28,0.55,0.55,0.83,0.45,0.45,0.45,0.45
8,31,8,4.97,0.31,0.6,0.1,0.2,0.4,0.4,0.2,0.2,0.2,0.1,0.2,0.28,0.28,0.28,0.28,0.6,0.6,0.3,0.45
8,31,9,36.63,2.29,4.05,0.68,2.99,3.19,2.2,3.19,0.88,0.68,0.88,1.37,1.38,2.21,1.93,1.93,3.45,4.05,3.15,3.15
8,31,10,95.11,5.94,8.4,3.58,7.19,6.19,6.79,7.19,4.3,4.7,4.11,4.7,3.58,5.79,5.51,5.51,7.35,8.4,7.05,6.75
8,31,11,150.26,9.39,11.55,6.34,10.58,9.58,10.58,10.58,8.51,8.32,8.12,9.0,6.34,9.38,8.82,9.65,10.5,11.55,10.5,8.25
8,31,12,188.12,11.76,13.35,8.55,13.18,13.18,12.78,12.98,11.45,11.64,10.76,10.76,8.55,11.03,11.03,11.58,12.3,13.35,12.3,11.25
8,31,13,204.94,12.81,14.37,10.48,14.17,14.37,12.18,14.17,13.3,13.11,11.35,12.13,10.48,12.41,12.41,12.96,13.35,13.95,13.35,11.25
8,31,14,207.96,13.0,14.97,6.16,14.97,14.57,13.38,14.57,13.99,13.4,6.16,13.21,11.31,12.68,12.68,13.79,13.2,13.8,13.5,12.75
8,31,15,209.05,13.07,14.37,11.31,14.37,13.58,13.38,13.98,13.99,13.4,13.6,13.01,11.31,12.41,12.68,13.24,12.6,13.05,12.3,12.15
8,31,16,190.85,11.93,13.3,10.2,12.98,12.98,12.18,12.58,13.3,13.11,13.01,12.62,10.2,11.03,11.03,11.58,11.1,11.7,10.95,10.5
8,31,17,156.18,9.76,11.93,7.65,10.38,10.38,9.98,10.18,11.54,11.93,11.64,11.35,8.0,9.1,8.55,9.1,8.55,8.85,9.0,7.65
8,31,18,103.68,6.48,9.2,4.65,7.39,7.19,6.39,6.79,8.8,9.2,7.04,8.61,5.51,5.79,5.51,5.51,5.1,5.25,4.95,4.65
8,31,19,41.18,2.57,4.01,1.2,3.59,2.99,2.99,3.19,3.82,4.01,1.37,3.91,2.21,2.21,1.93,2.21,1.95,1.95,1.2,1.65
8,31,20,6.65,0.42,0.6,0.28,0.4,0.6,0.4,0.6,0.59,0.39,0.39,0.39,0.55,0.28,0.28,0.28,0.45,0.3,0.3,0.45
9,1,8,5.23,0.33,0.55,0.2,0.4,0.2,0.2,0.2,0.2,0.2,0.2,0.2,0.28,0.55,0.55,0.55,0.3,0.3,0.45,0.45
9,1,9,26.71,1.67,3.15,0.2,2.99,1.4,0.2,2.99,0.88,1.27,1.17,1.47,1.38,1.38,1.1,1.93,1.95,1.95,1.5,3.15
9,1,10,73.08,4.57,7.5,0.6,7.19,7.19,0.6,7.39,4.21,4.11,2.74,3.52,3.58,4.41,2.76,3.03,4.05,7.5,4.2,6.6
9,1,11,115.82,7.24,10.58,2.2,7.59,9.38,2.2,10.58,8.41,6.36,6.95,8.41,6.34,8.82,6.89,5.24,5.85,7.65,6.15,9.0
9,1,12,163.57,10.22,13.2,5.59,11.18,12.78,5.59,12.78,11.45,12.03,7.73,10.96,9.1,11.58,7.17,7.72,6.75,13.2,11.7,11.85
9,1,13,187.62,11.73,14.17,5.87,11.38,14.17,13.18,13.38,13.3,13.6,5.87,12.72,10.48,12.41,6.62,12.96,7.35,13.8,13.5,12.9
9,1,14,193.59,12.1,14.77,4.89,10.98,14.77,14.57,13.58,14.09,14.48,4.89,12.91,11.58,13.24,8.82,12.13,7.2,13.65,13.8,12.9
9,1,15,174.97,10.94,14.4,3.52,12.78,14.17,3.79,13.38,13.99,14.18,3.52,13.21,11.58,12.68,8.82,7.72,7.05,13.35,14.4,10.35
9,1,16,167.68,10.48,13.7,1.2,12.78,12.58,1.2,12.78,13.3,13.7,8.32,12.62,10.75,12.13,11.03,5.24,6.3,11.4,13.2,10.35
9,1,17,137.89,8.62,12.23,0.8,10.38,10.18,0.8,9.18,11.74,12.23,9.68,11.74,8.55,8.82,8.0,5.24,4.95,8.85,9.3,8.25
9,1,18,96.12,6.01,9.39,0.0,7.39,7.19,0.0,6.99,8.8,9.39,8.61,8.9,5.79,5.79,4.96,3.86,3.0,5.4,5.1,4.95
9,1,19,41.04,2.57,4.3,0.2,3.39,3.39,0.2,3.19,4.01,4.3,3.91,3.62,2.76,2.21,1.38,1.93,1.05,1.95,1.95,1.8
9,1,20,5.63,0.35,0.6,0.2,0.6,0.4,0.2,0.6,0.39,0.29,0.29,0.39,0.28,0.28,0.28,0.28,0.3,0.3,0.3,0.45
9,1,21,0.1,0.01,0.1,0.0,0.0,0.0,0.0,0.0,0.0,0.0,0.1,0.0,0.0,0.0,0.0,0.0,0.0,0.0,0.0,0.0
9,2,8,4.86,0.3,0.6,0.0,0.4,0.2,0.4,0.0,0.2,0.2,0.1,0.29,0.28,0.28,0.28,0.28,0.45,0.6,0.45,0.45
9,2,9,32.82,2.05,3.75,0.68,2.99,3.19,1.0,1.4,0.68,0.68,0.68,1.08,1.38,2.21,1.93,1.65,3.6,3.75,3.45,3.15
9,2,10,84.4,5.28,7.95,2.2,7.39,7.39,2.2,3.19,4.4,4.5,3.13,3.13,3.58,5.79,5.24,5.51,7.65,7.95,7.35,6.0
9,2,11,135.89,8.49,11.18,3.19,11.18,11.18,3.19,7.39,8.41,8.61,6.36,6.07,6.62,9.1,9.1,9.38,10.65,10.95,8.7,9.0
9,2,12,171.16,10.7,13.58,4.79,13.58,13.58,4.79,9.78,11.25,11.54,8.8,8.32,9.1,11.31,11.03,11.58,12.6,13.2,12.0,8.7
9,2,13,195.03,12.19,15.17,7.59,15.17,14.97,10.58,7.59,12.72,13.21,8.8,11.25,10.48,12.41,12.41,13.24,13.5,13.95,13.5,11.25
9,2,14,200.99,12.56,15.37,6.0,15.37,14.97,14.97,10.98,13.01,13.3,10.08,11.35,11.31,12.68,12.96,13.51,13.35,13.5,13.65,6.0
9,2,15,202.57,12.66,14.77,9.9,14.77,14.17,14.37,10.98,13.11,13.21,11.45,12.42,11.58,12.41,12.41,13.24,12.75,12.9,12.9,9.9
9,2,16,177.79,11.11,13.21,6.79,12.98,12.38,11.18,6.79,12.33,12.42,13.21,11.15,10.48,11.03,11.31,11.58,11.1,11.25,8.85,9.75
9,2,17,148.93,9.31,11.45,6.59,10.38,9.98,8.78,6.59,11.25,11.25,11.45,10.76,8.55,8.82,8.55,8.82,8.55,8.7,9.15,7.35
9,2,18,96.54,6.03,8.71,2.2,7.19,6.99,6.79,2.2,8.71,8.71,8.61,6.36,5.79,5.51,5.24,5.24,5.1,5.1,4.95,4.05
9,2,19,40.8,2.55,3.91,1.8,3.39,3.19,2.8,2.2,3.91,3.72,3.72,1.96,2.21,2.21,1.93,2.21,1.8,1.8,1.8,1.95
9,2,20,6.17,0.39,0.68,0.28,0.4,0.4,0.4,0.4,0.29,0.39,0.29,0.68,0.28,0.28,0.28,0.28,0.45,0.45,0.3,0.6
9,3,8,4.41,0.28,0.45,0.0,0.2,0.4,0.0,0.0,0.29,0.2,0.2,0.2,0.28,0.28,0.28,0.28,0.45,0.45,0.45,0.45
9,3,9,29.81,1.86,3.6,0.4,3.19,2.99,0.6,0.4,0.78,0.68,0.88,0.78,1.38,1.93,1.65,1.65,3.3,3.6,3.0,3.0
9,3,10,80.07,5.0,7.65,1.2,7.59,7.19,1.2,1.2,4.11,4.3,4.3,4.11,3.58,5.79,5.24,5.51,7.05,7.65,4.8,6.45
9,3,11,132.89,8.31,10.98,2.2,10.98,10.38,2.2,2.4,8.12,8.41,8.12,8.22,6.07,8.82,8.82,9.1,10.2,10.8,10.5,9.75
9,3,12,171.8,10.74,13.38,4.59,13.38,12.58,4.59,5.59,10.76,11.25,10.96,11.35,8.82,11.03,11.03,11.86,12.0,12.6,12.3,11.7
9,3,13,208.38,13.02,14.77,10.48,14.77,13.58,14.37,13.78,12.42,12.52,12.82,13.11,10.48,12.41,12.41,13.51,12.9,13.35,13.2,12.75
9,3,14,214.47,13.4,14.97,11.03,14.77,14.17,14.77,14.97,12.82,12.82,13.5,13.79,11.03,12.41,12.68,13.79,13.2,13.35,13.65,12.75
9,3,15,207.71,12.98,14.37,10.75,13.98,13.78,14.37,14.37,13.11,12.62,13.79,13.79,10.75,11.86,12.68,12.96,12.6,12.3,12.9,11.85
9,3,16,186.99,11.69,13.11,9.93,12.38,12.18,12.78,12.98,12.52,11.84,13.11,13.11,9.93,10.75,10.75,11.31,10.95,11.1,10.8,10.5
9,3,17,153.71,9.61,11.45,7.8,10.38,9.78,10.58,10.58,11.15,11.15,11.45,11.45,8.27,8.55,8.55,8.82,8.25,8.55,8.4,7.8
9,3,18,101.71,6.36,8.51,4.5,7.19,6.79,7.19,7.19,8.41,8.32,8.51,8.51,5.24,5.24,4.96,4.96,4.95,4.95,4.8,4.5
9,3,19,41.84,2.61,3.52,1.65,3.19,2.99,3.39,3.39,3.52,3.42,3.52,3.52,2.21,1.93,1.93,1.93,1.65,1.8,1.8,1.65
9,3,20,6.37,0.4,0.6,0.28,0.6,0.4,0.4,0.4,0.49,0.39,0.39,0.29,0.55,0.28,0.28,0.55,0.45,0.3,0.3,0.3
9,4,8,4.18,0.26,0.45,0.0,0.2,0.4,0.4,0.4,0.2,0.2,0.1,0.2,0.0,0.28,0.0,0.0,0.45,0.45,0.45,0.45
9,4,9,34.71,2.17,3.6,0.59,2.99,2.8,2.6,3.19,0.68,0.68,0.68,0.59,1.38,2.21,1.93,1.93,3.15,3.6,3.3,3.0
9,4,10,88.7,5.54,7.5,2.54,7.39,6.79,6.39,7.19,4.11,4.3,4.01,2.54,3.31,5.79,5.24,5.24,7.05,7.5,6.75,5.1
9,4,11,145.95,9.12,10.78,6.07,10.58,9.98,10.78,10.78,8.12,8.32,8.12,6.55,6.07,9.1,8.55,9.1,9.9,10.5,10.5,9.0
9,4,12,184.29,11.52,12.98,8.55,12.98,12.18,12.58,12.98,10.96,11.05,10.96,8.8,8.55,11.31,11.03,11.86,11.85,12.45,12.3,12.45
9,4,13,202.41,12.65,14.57,8.39,14.57,13.78,14.17,8.39,12.52,12.33,12.42,13.3,10.2,12.41,12.13,13.24,12.9,13.35,13.35,13.35
9,4,14,209.97,13.12,14.77,10.78,14.77,13.98,14.77,10.78,13.21,12.72,12.33,13.7,11.31,12.68,12.68,13.79,12.9,13.35,13.35,13.65
9,4,15,200.65,12.54,14.37,8.39,14.37,13.58,13.98,8.39,13.21,12.52,12.52,14.18,11.03,12.13,12.13,12.96,11.85,12.6,12.75,12.45
9,4,16,183.41,11.46,13.11,8.98,12.78,12.18,12.78,8.98,12.62,12.23,12.52,13.11,9.93,10.75,10.75,11.58,10.5,10.8,10.95,10.95
9,4,17,151.13,9.45,11.54,8.0,10.38,9.78,10.38,8.78,11.35,11.25,11.05,11.54,8.0,8.82,8.55,8.55,8.1,8.25,8.25,8.1
9,4,18,99.87,6.24,8.51,4.8,7.19,6.59,7.19,6.59,8.41,8.51,8.32,7.04,5.24,5.24,4.96,5.24,4.8,4.95,4.8,4.8
9,4,19,40.46,2.53,3.52,1.65,3.19,2.99,3.19,3.39,3.52,3.52,3.33,2.15,2.21,1.93,1.93,2.21,1.8,1.65,1.8,1.65
9,4,20,4.66,0.29,0.45,0.0,0.4,0.4,0.4,0.2,0.29,0.29,0.29,0.2,0.0,0.28,0.28,0.28,0.3,0.45,0.3,0.3
9,5,8,4.62,0.29,0.75,0.1,0.2,0.2,0.2,0.4,0.2,0.2,0.2,0.1,0.28,0.28,0.28,0.28,0.45,0.45,0.15,0.75
9,5,9,31.12,1.94,3.45,0.68,3.19,2.8,2.2,2.4,0.68,0.68,1.08,0.68,1.38,1.93,1.65,1.65,3.45,3.45,1.65,2.25
9,5,10,85.06,5.32,7.59,2.64,7.59,6.79,6.59,3.59,4.3,4.3,4.01,2.64,3.31,5.51,5.24,5.24,7.5,7.5,6.3,4.65
9,5,11,144.89,9.06,11.38,6.34,11.38,10.38,9.58,6.99,8.51,8.41,7.92,8.12,6.34,8.82,8.82,8.82,10.8,10.65,9.9,9.45
9,5,12,179.58,11.22,13.98,8.02,13.98,12.58,12.18,8.98,11.45,11.25,10.76,8.02,8.55,10.75,10.75,11.58,12.75,12.45,11.4,12.15
9,5,13,203.25,12.7,15.57,10.2,15.57,13.78,12.98,11.78,13.11,12.91,12.33,10.66,10.2,11.86,11.86,12.96,13.8,13.5,12.9,13.05
9,5,14,202.09,12.63,15.77,6.39,15.77,13.78,14.17,6.39,13.6,13.4,12.42,10.37,11.31,12.13,12.41,13.24,13.65,13.5,12.9,13.05
9,5,15,189.9,11.87,15.17,3.19,15.17,13.18,13.98,3.19,13.5,13.6,12.72,7.63,11.03,11.86,11.58,12.96,12.75,12.15,12.3,12.3
9,5,16,169.15,10.57,13.58,3.62,13.58,11.78,12.38,5.39,12.62,12.91,11.93,3.62,10.2,10.48,9.93,11.58,10.8,10.95,10.35,10.65
9,5,17,133.55,8.35,11.45,3.79,10.98,9.58,10.18,3.79,11.05,11.45,8.9,4.6,8.0,8.55,7.17,8.55,7.95,8.25,7.05,7.5
9,5,18,83.04,5.19,8.61,3.03,7.39,6.39,5.39,3.19,8.32,8.61,4.3,3.03,5.24,4.96,3.58,5.24,4.65,4.8,3.75,4.2
9,5,19,32.25,2.02,3.42,1.05,3.39,2.8,2.4,1.6,3.23,3.42,1.27,1.27,2.21,1.93,1.1,1.93,1.65,1.65,1.05,1.35
9,5,20,5.01,0.31,0.6,0.0,0.4,0.4,0.4,0.0,0.39,0.29,0.59,0.2,0.28,0.28,0.0,0.28,0.3,0.45,0.6,0.15
9,6,8,4.66,0.29,0.45,0.2,0.2,0.2,0.2,0.4,0.2,0.2,0.29,0.2,0.28,0.28,0.28,0.28,0.45,0.45,0.3,0.45
9,6,9,31.94,2.0,3.39,0.59,3.39,2.8,1.6,2.0,0.68,0.68,1.57,0.59,1.38,1.65,1.65,1.65,3.3,3.3,2.4,3.3
9,6,10,82.79,5.17,7.79,2.4,7.79,6.99,2.4,6.39,4.21,4.11,2.74,4.01,3.31,5.51,4.14,5.24,7.35,7.2,4.35,7.05
9,6,11,132.56,8.28,11.78,3.62,11.78,10.58,4.39,7.59,8.41,8.22,3.62,8.12,6.07,8.82,5.79,8.82,10.8,10.5,9.6,9.45
9,6,12,170.05,10.63,14.37,5.99,14.37,12.98,5.99,11.58,11.25,10.76,8.41,11.25,8.55,10.75,8.0,11.31,12.6,12.3,9.45,10.5
9,6,13,184.06,11.5,15.77,6.55,15.77,14.17,9.58,11.18,12.82,12.33,6.55,12.82,9.93,11.86,7.44,12.96,13.5,13.05,7.95,12.15
9,6,14,204.99,12.81,16.17,9.98,16.17,14.17,12.58,11.78,13.21,12.62,9.98,13.5,11.03,12.41,12.13,13.51,13.35,13.2,11.85,13.5
9,6,15,197.19,12.32,15.37,8.39,15.37,13.38,8.39,11.78,12.82,12.13,13.3,13.3,10.75,11.58,11.58,12.41,12.45,12.6,12.6,12.75
9,6,16,177.56,11.1,13.58,8.78,13.58,11.98,8.78,9.18,12.33,11.64,12.62,12.91,9.65,10.48,10.2,11.31,10.65,10.95,10.95,10.35
9,6,17,143.65,8.98,11.35,5.99,11.18,9.58,5.99,7.19,11.25,10.57,11.15,11.35,7.72,8.27,8.0,8.55,8.25,8.25,8.25,8.1
9,6,18,95.54,5.97,8.32,4.05,7.39,6.59,5.39,7.19,8.32,8.02,6.85,8.32,4.96,5.24,4.41,4.41,4.65,4.95,4.05,4.8
9,6,19,38.68,2.42,3.79,1.2,3.39,2.8,3.79,3.19,3.23,3.03,2.25,3.13,2.21,1.93,1.65,1.93,1.65,1.65,1.2,1.65
9,6,20,4.16,0.26,0.4,0.0,0.4,0.4,0.2,0.2,0.29,0.29,0.29,0.2,0.0,0.28,0.28,0.28,0.3,0.3,0.3,0.15
9,7,8,4.46,0.28,0.6,0.0,0.2,0.2,0.0,0.2,0.2,0.2,0.1,0.2,0.28,0.28,0.55,0.55,0.6,0.45,0.15,0.3
9,7,9,28.73,1.8,3.45,0.68,3.19,2.99,1.4,2.0,0.68,0.78,1.57,0.78,1.38,1.93,1.65,1.38,3.45,3.3,1.5,0.75
9,7,10,78.83,4.93,7.99,1.2,7.99,7.39,1.2,2.99,4.11,4.11,3.33,3.23,3.31,5.24,4.14,5.24,7.5,7.05,6.6,5.4
9,7,11,118.65,7.42,11.58,2.74,11.58,11.18,2.99,4.79,8.51,8.32,2.74,6.07,6.07,8.55,3.58,8.27,10.8,10.2,4.95,10.05
9,7,12,164.11,10.26,14.37,4.79,14.37,13.78,4.79,9.98,11.35,11.25,5.09,9.0,8.27,10.75,10.75,10.48,12.75,12.3,7.35,11.85
9,7,13,190.93,11.93,15.77,7.59,15.77,14.37,7.59,10.78,13.01,12.33,10.47,11.74,10.2,12.13,12.13,12.41,13.35,13.35,11.4,9.9
9,7,14,188.67,11.79,15.97,6.75,15.97,14.97,8.19,10.78,13.01,12.52,7.83,11.84,11.03,12.68,12.96,13.24,13.2,13.35,6.75,10.35
9,7,15,177.65,11.1,15.37,4.39,15.37,14.77,4.39,6.99,12.72,12.23,7.63,11.15,11.03,12.13,12.41,12.13,12.75,12.15,8.25,11.55
9,7,16,156.29,9.77,13.58,4.11,13.58,12.78,6.79,4.39,12.03,12.42,4.11,9.68,9.93,10.75,10.75,11.58,11.1,10.5,7.05,8.85
9,7,17,131.28,8.2,11.25,4.59,10.78,10.38,4.59,4.59,10.86,11.25,4.89,9.98,7.72,8.55,8.55,6.89,8.4,7.95,7.95,7.95
9,7,18,87.03,5.44,8.51,1.4,7.19,6.79,1.4,3.99,8.22,8.51,6.46,7.63,4.96,4.96,4.96,4.41,4.8,4.95,3.3,4.5
9,7,19,33.89,2.12,3.39,0.6,3.39,3.19,0.6,1.0,3.13,3.23,2.93,3.13,1.93,1.93,1.65,1.93,1.65,1.5,1.05,1.65
9,7,20,4.29,0.27,0.55,0.0,0.2,0.2,0.4,0.2,0.29,0.29,0.2,0.2,0.28,0.28,0.0,0.55,0.3,0.3,0.3,0.3
9,8,8,4.28,0.27,0.6,0.0,0.4,0.4,0.2,0.0,0.2,0.1,0.29,0.2,0.28,0.28,0.28,0.0,0.45,0.45,0.6,0.15
9,8,9,26.9,1.68,3.6,0.4,2.99,2.99,0.4,0.4,0.68,0.59,0.78,1.37,1.1,1.65,1.65,1.65,3.15,3.6,2.7,1.2
9,8,10,74.96,4.69,7.8,0.6,7.59,7.79,0.6,1.4,4.11,4.3,4.11,2.74,3.03,5.24,5.24,4.96,7.05,7.8,6.6,2.4
9,8,11,120.41,7.53,11.38,1.8,11.18,11.38,2.6,1.8,8.02,8.61,6.07,4.11,6.07,8.55,8.55,8.82,10.05,11.1,8.85,4.65
9,8,12,148.13,9.26,13.78,2.8,13.58,13.78,5.99,2.8,10.86,11.54,4.99,4.7,8.27,10.48,11.58,11.31,12.15,12.9,9.15,4.05
9,8,13,165.23,10.33,15.17,2.99,14.77,15.17,3.39,2.99,12.23,13.21,6.85,4.6,10.2,11.58,12.13,12.96,13.35,13.65,13.5,4.65
9,8,14,174.81,10.93,15.37,3.79,14.77,15.37,3.79,5.59,13.11,13.4,5.48,4.7,10.75,12.13,12.96,12.96,13.65,13.65,14.1,8.4
9,8,15,167.02,10.44,14.37,4.39,14.17,14.37,4.39,4.59,13.11,12.91,7.63,6.85,10.75,11.58,12.41,12.41,12.9,12.45,7.8,8.7
9,8,16,142.0,8.88,12.78,1.8,12.78,12.58,1.8,4.99,12.33,12.23,5.28,4.6,9.65,9.93,10.75,11.03,11.25,10.8,4.95,7.05
9,8,17,117.26,7.33,10.96,3.13,10.38,9.58,3.19,4.19,10.66,10.96,7.24,3.13,6.07,8.27,7.72,8.27,8.25,8.55,6.6,4.2
9,8,18,74.09,4.63,8.41,1.65,6.99,5.99,2.2,3.39,8.02,8.41,3.91,2.15,4.14,4.69,4.96,4.69,4.8,4.8,3.3,1.65
9,8,19,28.71,1.79,3.23,0.6,2.8,2.99,0.6,1.0,2.93,3.23,1.47,0.98,2.21,1.65,1.65,1.65,1.65,1.8,1.5,0.6
9,8,20,4.74,0.3,0.49,0.15,0.2,0.2,0.2,0.2,0.29,0.49,0.49,0.2,0.28,0.28,0.28,0.28,0.3,0.45,0.45,0.15
9,9,8,2.84,0.18,0.3,0.0,0.2,0.2,0.0,0.2,0.2,0.2,0.2,0.2,0.0,0.28,0.28,0.28,0.3,0.15,0.0,0.15
9,9,9,26.48,1.65,3.3,0.78,2.99,2.99,0.8,2.6,0.78,0.98,1.27,1.08,1.38,1.65,1.38,1.38,3.3,0.9,1.65,1.35
9,9,10,70.12,4.38,7.59,1.6,7.59,7.19,1.6,2.8,4.11,3.82,3.72,2.35,3.03,5.24,4.96,4.96,7.2,2.25,4.95,4.35
9,9,11,114.0,7.12,10.78,1.8,10.78,10.18,1.8,3.99,8.51,7.43,4.11,4.6,6.07,8.82,4.96,8.55,10.2,6.45,7.95,9.6
9,9,12,157.25,9.83,13.38,3.99,13.38,12.38,3.99,12.78,11.45,11.25,5.09,9.98,8.55,10.48,5.79,11.03,12.3,12.45,4.95,11.4
9,9,13,182.31,11.39,13.98,3.59,13.98,13.98,3.59,13.98,13.7,13.11,6.07,12.23,10.48,11.86,7.72,12.41,13.35,13.5,9.6,12.75
9,9,14,195.13,12.2,14.48,6.6,14.17,14.17,8.98,13.98,14.48,13.89,7.34,12.52,11.58,12.13,12.13,12.96,13.5,13.8,6.6,12.9
9,9,15,183.1,11.44,13.7,6.99,11.18,13.58,6.99,13.58,12.72,13.7,7.04,13.01,11.58,11.58,9.38,12.41,11.7,13.2,9.15,12.3
9,9,16,160.08,10.0,12.82,4.89,8.58,11.98,5.79,12.18,10.86,12.82,4.89,12.72,10.2,9.93,9.93,10.75,11.7,11.25,6.0,10.5
9,9,17,125.15,7.82,11.35,4.35,8.58,9.58,5.39,9.78,6.16,11.35,4.5,11.15,7.72,8.0,6.62,8.27,7.35,8.4,4.35,7.95
9,9,18,82.27,5.14,8.22,2.2,7.39,6.39,2.2,6.59,4.6,7.92,4.79,8.22,4.96,5.24,4.41,4.41,3.0,4.65,3.15,4.35
9,9,19,33.99,2.12,3.19,1.0,3.19,2.8,1.0,2.8,2.54,2.74,2.25,2.93,1.93,1.93,1.93,1.65,1.65,1.65,1.5,1.5
9,9,20,4.66,0.29,0.45,0.0,0.4,0.2,0.2,0.4,0.39,0.29,0.39,0.2,0.28,0.28,0.0,0.28,0.45,0.3,0.45,0.15
9,10,8,3.84,0.24,0.6,0.0,0.6,0.2,0.2,0.2,0.1,0.2,0.2,0.1,0.28,0.28,0.28,0.0,0.3,0.45,0.0,0.45
9,10,9,31.96,2.0,3.6,0.49,2.8,2.8,1.6,2.8,0.68,1.47,0.49,0.49,1.1,1.65,1.38,1.65,3.45,3.6,2.85,3.15
9,10,10,83.48,5.22,7.19,2.35,6.79,7.19,3.99,6.99,4.01,2.35,4.11,3.91,3.31,4.96,4.96,4.96,6.9,5.1,6.9,7.05
9,10,11,145.1,9.07,11.58,6.34,11.58,10.58,8.39,10.18,8.22,7.53,8.51,7.92,6.34,8.55,8.55,8.55,10.35,9.45,10.5,9.9
9,10,12,183.72,11.48,14.17,8.55,14.17,12.98,9.98,12.18,12.13,10.86,11.25,10.86,8.55,9.65,10.75,11.31,13.05,12.15,12.0,11.85
9,10,13,203.25,12.7,15.77,9.98,15.77,13.58,9.98,13.78,14.18,12.23,10.86,12.13,10.2,11.58,12.13,12.68,14.55,13.2,13.5,12.9
9,10,14,213.54,13.35,16.17,9.65,16.17,14.17,13.18,13.98,15.16,12.72,13.3,13.11,9.65,11.86,12.68,12.96,14.55,13.2,13.8,13.05
9,10,15,208.17,13.01,15.37,11.31,15.37,13.38,13.38,13.78,15.07,12.91,12.52,13.3,11.31,11.86,12.13,11.86,13.8,12.45,12.75,12.3
9,10,16,184.48,11.53,14.28,7.99,13.78,11.98,7.99,12.18,14.28,12.23,13.01,12.62,10.75,10.48,10.48,10.75,11.7,10.5,11.25,10.5
9,10,17,144.5,9.03,12.33,3.39,10.98,9.58,3.39,9.98,12.33,10.57,11.35,11.05,8.27,8.0,8.0,8.0,8.85,8.1,8.1,7.95
9,10,18,94.6,5.91,8.9,3.39,7.59,6.39,3.39,6.59,8.9,7.73,8.41,8.12,5.24,4.69,4.41,4.69,4.8,4.5,4.8,4.35
9,10,19,35.97,2.25,3.23,1.35,3.19,2.8,3.19,2.8,3.23,2.84,2.84,2.74,1.93,1.38,1.38,1.65,1.65,1.5,1.5,1.35
9,10,20,4.0,0.25,0.4,0.15,0.4,0.2,0.2,0.2,0.29,0.2,0.29,0.2,0.28,0.28,0.28,0.28,0.3,0.15,0.3,0.15
9,11,8,3.65,0.23,0.6,0.0,0.4,0.2,0.2,0.2,0.1,0.29,0.1,0.1,0.0,0.28,0.28,0.0,0.45,0.6,0.15,0.3
9,11,9,27.24,1.7,3.45,0.49,1.2,2.8,2.4,2.8,0.49,1.37,0.59,0.98,1.38,1.65,1.38,1.65,3.45,2.85,0.6,1.65
9,11,10,74.57,4.66,7.65,0.0,0.0,7.19,6.99,7.19,4.3,3.03,3.42,3.72,3.31,4.14,4.69,4.69,7.65,5.7,5.25,3.3
9,11,11,122.57,7.66,11.1,0.0,0.0,10.58,8.98,9.38,8.71,5.87,7.24,8.12,6.62,8.55,8.27,8.0,11.1,9.15,6.75,5.25
9,11,12,156.37,9.77,13.2,0.0,0.0,10.98,8.39,11.38,11.84,9.78,6.26,10.96,8.82,9.65,10.48,11.03,13.2,12.45,9.3,11.85
9,11,13,191.92,12.0,14.17,6.99,14.17,13.18,6.99,13.98,13.5,11.64,10.27,12.52,10.75,10.48,11.58,11.86,14.1,12.6,11.4,12.9
9,11,14,206.35,12.9,15.97,9.98,15.97,13.58,13.38,14.77,13.99,12.52,9.98,13.01,11.58,11.86,12.13,12.13,13.95,13.2,11.1,13.2
9,11,15,197.02,12.31,15.37,7.04,15.37,11.98,11.98,13.18,13.89,12.91,7.04,12.82,11.86,11.58,11.58,12.13,13.2,12.6,12.45,12.45
9,11,16,163.23,10.2,13.58,5.59,13.58,5.59,11.38,12.18,13.3,12.03,12.33,6.26,10.48,9.93,10.2,7.72,11.1,10.65,10.8,5.7
9,11,17,129.1,8.07,11.45,2.45,10.98,8.39,7.79,9.78,11.45,10.57,10.76,2.45,8.27,8.0,7.72,5.79,8.25,7.95,8.25,2.7
9,11,18,81.32,5.08,8.61,2.1,7.19,6.59,5.19,6.59,8.61,5.48,7.63,2.64,5.24,4.14,4.41,2.76,4.65,3.45,4.65,2.1
9,11,19,30.8,1.92,3.03,0.83,2.99,2.99,2.99,1.6,3.03,1.96,2.74,0.88,2.21,1.38,1.65,0.83,1.65,1.35,1.65,0.9
9,11,20,1.99,0.12,0.29,0.0,0.2,0.2,0.2,0.0,0.2,0.29,0.1,0.2,0.0,0.0,0.0,0.0,0.15,0.15,0.15,0.15
9,12,8,3.15,0.2,0.55,0.0,0.2,0.0,0.2,0.0,0.1,0.2,0.29,0.0,0.28,0.55,0.28,0.0,0.45,0.15,0.45,0.0
9,12,9,27.69,1.73,3.3,0.49,2.99,2.8,2.99,1.0,0.49,1.08,1.27,0.98,1.1,1.93,1.38,0.83,3.3,1.5,3.0,1.05
9,12,10,68.8,4.3,7.59,1.2,7.59,6.99,6.99,1.2,4.11,3.33,3.62,1.66,3.31,3.86,4.96,1.38,7.5,4.35,6.15,1.8
9,12,11,108.48,6.78,11.18,0.49,11.18,10.38,9.78,2.0,8.32,6.55,8.02,0.49,6.07,7.72,8.27,1.65,10.65,7.5,9.15,0.75
9,12,12,137.04,8.57,13.78,0.45,13.78,12.18,11.38,2.8,11.45,9.59,9.39,0.49,8.55,10.2,10.48,1.65,12.45,10.95,11.25,0.45
9,12,13,147.76,9.23,14.97,1.38,14.97,13.78,12.38,1.4,13.11,8.8,10.27,1.66,10.48,10.75,11.58,1.38,13.65,9.75,11.1,2.7
9,12,14,145.18,9.07,15.57,1.1,15.57,8.98,13.58,1.8,13.7,10.17,7.83,1.96,11.31,10.48,10.75,1.1,13.5,10.2,8.55,5.7
9,12,15,141.25,8.83,14.57,1.2,14.57,7.79,11.38,1.2,13.79,10.96,9.1,1.76,10.75,11.31,10.48,4.41,12.6,10.05,8.25,2.85
9,12,16,133.22,8.33,13.18,2.0,13.18,10.98,9.98,2.0,12.72,9.49,7.92,3.03,9.65,9.38,8.55,6.34,10.8,9.0,7.65,2.55
9,12,17,92.5,5.78,10.86,0.6,10.38,5.99,7.79,0.6,10.86,7.14,4.21,1.57,6.89,6.07,6.07,3.03,7.95,6.6,5.55,1.8
9,12,18,57.31,3.58,7.43,0.8,6.79,3.19,3.19,0.8,7.43,5.28,2.45,1.17,4.69,3.58,4.41,0.83,4.35,4.5,2.85,1.8
9,12,19,25.7,1.61,2.8,0.83,2.8,1.4,2.6,1.2,2.45,1.66,1.08,2.15,1.65,0.83,1.65,0.83,1.35,1.35,1.2,1.5
9,12,20,3.18,0.2,0.39,0.0,0.2,0.2,0.2,0.0,0.2,0.2,0.39,0.2,0.28,0.28,0.28,0.0,0.3,0.15,0.15,0.15
9,13,8,1.78,0.11,0.3,0.0,0.2,0.0,0.0,0.2,0.2,0.2,0.0,0.1,0.0,0.0,0.0,0.28,0.3,0.15,0.0,0.15
9,13,9,20.61,1.29,2.85,0.2,2.6,0.8,0.2,0.6,0.68,1.17,0.59,2.54,1.1,1.1,1.1,1.38,2.85,1.95,0.75,1.2
9,13,10,51.89,3.24,6.79,0.29,6.79,2.6,1.4,2.0,3.72,3.52,0.68,0.29,3.31,4.96,3.03,4.14,6.75,5.4,1.95,1.35
9,13,11,94.67,5.92,10.58,0.8,10.58,10.18,1.6,0.8,8.02,7.92,1.96,1.76,6.07,8.27,4.69,8.82,10.05,9.75,2.1,2.1
9,13,12,134.85,8.43,13.18,1.8,13.18,8.98,2.4,1.8,10.86,10.57,8.22,6.07,8.55,7.17,6.34,11.86,12.15,12.45,9.3,4.95
9,13,13,148.63,9.29,14.77,0.8,14.77,6.19,3.19,0.8,12.72,10.76,9.49,6.65,9.65,8.0,9.1,13.51,13.2,11.7,12.15,6.75
9,13,14,140.76,8.8,14.77,2.6,14.77,3.79,5.39,2.6,12.82,9.68,4.11,6.75,8.27,11.03,4.41,13.79,13.2,10.35,13.35,6.45
9,13,15,137.6,8.6,14.37,3.86,14.37,5.79,4.99,6.59,12.91,10.08,4.4,6.07,9.1,10.2,3.86,13.24,11.55,9.15,9.6,5.7
9,13,16,126.08,7.88,11.05,3.31,9.38,7.19,9.38,6.19,9.68,11.05,9.2,4.21,9.65,7.44,3.31,10.75,8.7,10.05,5.55,4.35
9,13,17,89.19,5.57,9.29,0.8,4.79,5.59,5.19,0.8,9.29,7.83,5.67,3.42,6.89,7.44,3.58,8.0,6.9,7.05,3.45,3.3
9,13,18,55.77,3.49,7.14,0.4,4.79,2.2,3.99,0.4,7.14,4.21,3.72,2.54,4.14,4.14,2.21,4.14,3.0,4.35,2.55,2.25
9,13,19,19.5,1.22,2.55,0.2,0.8,2.0,0.2,0.6,2.35,1.47,1.27,1.08,0.55,1.1,0.83,1.1,1.65,1.2,2.55,0.75
9,13,20,2.65,0.17,0.45,0.0,0.0,0.2,0.0,0.4,0.29,0.1,0.1,0.1,0.0,0.0,0.28,0.28,0.3,0.0,0.45,0.15
9,14,8,2.61,0.16,0.45,0.0,0.2,0.0,0.0,0.0,0.2,0.1,0.0,0.2,0.28,0.0,0.0,0.28,0.45,0.45,0.0,0.45
9,14,9,21.21,1.33,3.45,0.0,1.0,2.2,0.8,1.0,0.59,0.59,0.78,1.37,1.1,0.83,0.0,1.65,3.0,3.45,0.6,2.25
9,14,10,60.44,3.78,7.5,1.2,6.59,3.19,1.4,3.99,3.82,4.11,1.96,3.42,3.58,2.76,2.21,3.31,7.2,7.5,1.2,4.2
9,14,11,97.86,6.12,10.65,1.2,5.19,4.19,1.2,7.59,8.22,8.51,3.52,6.75,5.24,5.24,3.31,8.0,10.35,10.65,3.9,6.0
9,14,12,137.79,8.61,12.6,1.0,9.58,6.59,1.0,7.59,11.25,11.35,7.83,7.83,9.1,6.34,7.72,11.86,12.45,12.6,4.2,10.5
9,14,13,148.48,9.28,13.2,1.4,8.78,6.39,1.4,7.59,12.72,12.91,10.66,12.72,8.82,9.93,1.93,11.58,13.05,13.2,4.05,12.75
9,14,14,147.08,9.19,15.57,2.4,15.57,7.39,2.4,2.6,13.11,13.21,6.36,7.34,4.96,12.13,3.58,12.68,13.05,13.8,5.1,13.8
9,14,15,132.89,8.31,14.57,1.6,14.57,6.59,4.39,1.6,11.54,9.68,6.85,5.58,6.62,11.58,6.89,9.65,12.15,8.25,3.9,13.05
9,14,16,130.47,8.15,13.4,1.6,4.59,5.79,5.39,1.6,11.25,13.4,10.47,7.04,6.07,10.75,9.65,6.07,10.35,11.1,6.0,10.95
9,14,17,118.99,7.44,11.35,3.39,3.39,3.99,3.79,5.99,10.76,11.35,9.1,10.08,8.27,8.27,8.55,8.0,6.6,8.4,4.65,7.8
9,14,18,60.13,3.76,8.32,1.6,1.6,2.0,1.6,2.0,6.85,8.32,2.93,2.84,4.96,4.69,5.51,3.03,3.45,4.65,2.25,3.45
9,14,19,24.22,1.51,2.54,0.2,0.2,1.8,1.0,1.8,2.45,2.54,1.86,1.57,1.65,1.65,1.65,1.1,1.35,1.5,0.9,1.2
9,14,20,2.55,0.16,0.39,0.0,0.0,0.2,0.0,0.2,0.2,0.2,0.39,0.2,0.28,0.0,0.0,0.28,0.15,0.15,0.15,0.15
9,15,8,2.39,0.15,0.45,0.0,0.2,0.0,0.2,0.0,0.1,0.1,0.1,0.1,0.28,0.28,0.28,0.0,0.15,0.15,0.45,0.0
9,15,9,21.42,1.34,2.8,0.4,1.4,2.8,0.8,0.4,0.78,0.98,0.98,0.78,1.1,1.65,1.65,1.65,2.1,1.5,1.95,0.9
9,15,10,59.92,3.74,7.5,1.2,4.79,6.59,1.6,1.2,3.62,1.27,3.42,2.64,3.31,4.96,5.51,4.96,3.45,7.5,2.85,2.25
9,15,11,113.69,7.11,9.78,2.99,8.78,9.78,2.99,5.39,6.95,6.16,5.28,4.4,6.34,8.27,9.65,9.1,6.75,9.6,8.7,5.55
9,15,12,151.11,9.44,12.9,3.82,11.38,12.58,8.98,5.99,3.82,11.54,12.23,6.36,9.1,10.48,11.86,6.89,6.6,12.9,11.25,9.15
9,15,13,157.79,9.86,13.65,5.38,7.99,13.18,9.18,7.79,8.02,12.91,5.38,12.42,11.03,11.86,12.68,8.0,6.0,13.65,10.8,6.9
9,15,14,149.83,9.36,13.65,2.64,2.8,10.38,2.8,6.19,12.23,12.82,2.64,8.71,11.86,12.41,12.41,12.13,12.15,13.65,3.9,12.75
9,15,15,140.93,8.81,13.3,2.6,2.6,12.38,10.18,5.99,12.82,13.3,6.55,11.05,12.13,11.86,3.58,4.14,11.85,12.9,2.7,6.9
9,15,16,123.64,7.73,12.62,1.0,1.0,11.98,2.2,2.8,12.52,12.62,8.02,6.75,10.48,10.48,3.58,2.21,10.5,10.95,8.4,9.15
9,15,17,109.43,6.84,10.76,1.4,2.99,9.58,1.8,1.4,10.66,10.76,8.9,5.77,8.55,8.0,2.48,6.89,7.8,8.25,9.0,6.6
9,15,18,74.82,4.68,7.53,0.83,2.8,5.99,2.0,4.99,7.53,7.53,7.53,5.18,5.24,4.41,0.83,4.14,4.2,4.5,5.4,2.55
9,15,19,28.45,1.78,2.64,0.6,0.6,2.4,1.0,2.6,2.35,2.15,2.45,2.64,1.93,1.65,1.93,1.65,1.2,1.5,1.35,1.05
9,15,20,3.16,0.2,0.55,0.0,0.2,0.0,0.2,0.2,0.2,0.2,0.2,0.1,0.28,0.0,0.55,0.28,0.3,0.15,0.15,0.15
9,16,8,2.71,0.17,0.45,0.0,0.2,0.2,0.0,0.2,0.2,0.0,0.1,0.2,0.0,0.28,0.0,0.28,0.3,0.0,0.3,0.45
9,16,9,29.66,1.85,3.45,0.59,2.99,2.8,2.6,2.8,0.68,0.78,0.59,0.88,1.38,1.38,1.65,1.38,2.4,0.9,3.0,3.45
9,16,10,75.32,4.71,7.2,1.47,6.99,4.39,5.59,7.19,3.82,2.54,1.47,2.93,3.31,4.69,5.24,4.96,6.45,3.0,7.2,5.55
9,16,11,120.68,7.54,10.78,4.4,7.79,6.79,10.78,10.38,7.92,4.4,6.07,4.7,6.62,5.79,8.82,8.82,6.6,6.0,10.35,8.85
9,16,12,156.38,9.77,13.18,4.59,4.59,8.58,13.18,12.58,10.76,6.95,11.35,9.78,8.82,7.72,11.31,11.31,10.95,10.5,10.35,7.65
9,16,13,178.9,11.18,14.37,2.0,2.0,8.78,14.37,8.78,12.52,11.05,13.11,12.82,10.75,10.75,12.41,12.96,13.2,11.1,12.3,12.0
9,16,14,177.36,11.08,13.78,3.99,3.99,6.19,13.78,10.38,13.11,10.47,13.6,7.83,11.86,11.03,12.96,12.96,13.5,11.4,12.75,11.55
9,16,15,173.31,10.83,13.98,2.93,4.79,7.79,10.78,13.98,13.5,13.7,13.5,2.93,11.58,6.62,12.41,12.68,12.9,12.3,12.45,11.4
9,16,16,156.24,9.76,13.11,3.03,5.79,5.79,12.38,10.38,12.13,13.11,13.01,5.58,9.93,3.03,11.03,11.03,10.2,11.55,10.65,10.65
9,16,17,126.27,7.89,11.35,1.65,3.39,3.39,9.98,9.58,9.59,10.76,11.35,10.27,8.27,1.65,8.27,8.27,8.1,8.1,8.1,7.2
9,16,18,84.55,5.28,8.12,1.38,3.99,6.99,6.39,6.59,7.63,5.67,8.12,6.85,3.86,1.38,4.69,4.69,4.35,4.5,4.5,4.35
9,16,19,26.4,1.65,2.8,0.83,2.8,2.2,2.2,1.0,2.15,1.76,2.25,2.25,0.83,1.1,1.38,1.38,1.35,1.05,1.35,1.35
9,16,20,2.26,0.14,0.28,0.0,0.2,0.2,0.2,0.0,0.2,0.1,0.1,0.1,0.0,0.28,0.28,0.0,0.15,0.15,0.15,0.15
9,17,8,3.1,0.19,0.45,0.0,0.0,0.0,0.0,0.2,0.2,0.39,0.2,0.2,0.28,0.0,0.0,0.28,0.3,0.45,0.3,0.3
9,17,9,20.86,1.3,3.15,0.39,1.2,1.0,0.6,2.8,0.59,0.39,0.98,0.49,1.1,0.55,1.38,1.38,1.8,0.45,3.15,3.0
9,17,10,61.95,3.87,6.99,0.45,2.99,3.19,2.0,6.99,3.13,0.49,2.84,3.82,3.86,2.76,5.24,4.69,6.3,0.45,6.3,6.9
9,17,11,97.25,6.08,10.05,0.88,4.19,6.59,4.99,9.58,4.01,0.88,6.07,8.32,6.34,2.21,8.82,8.55,3.9,2.85,10.05,9.9
9,17,12,148.68,9.29,13.18,2.15,9.78,6.79,10.58,13.18,9.68,2.15,10.76,10.96,8.0,4.41,11.03,11.31,10.2,6.0,12.0,11.85
9,17,13,185.81,11.61,14.57,6.16,13.18,7.79,11.58,14.57,12.33,6.16,13.11,12.13,10.75,9.65,12.68,12.68,13.2,9.9,13.2,12.9
9,17,14,195.67,12.23,14.57,8.55,8.58,8.78,14.57,14.37,13.3,11.25,13.79,12.33,11.58,8.55,12.96,12.96,12.9,13.65,13.2,12.9
9,17,15,179.68,11.23,13.8,3.03,4.39,6.39,13.78,13.18,13.21,13.11,13.11,12.23,11.58,3.03,12.41,12.41,12.75,13.8,12.45,11.85
9,17,16,151.61,9.48,13.7,0.4,0.4,1.4,6.59,11.18,11.25,13.7,13.01,12.13,10.48,6.62,10.75,10.75,10.65,11.55,10.95,10.2
9,17,17,116.28,7.27,11.45,0.0,0.0,1.6,3.59,10.18,10.66,11.45,10.47,10.66,8.0,3.58,8.27,8.27,7.8,6.3,8.1,7.35
9,17,18,70.56,4.41,7.43,0.4,0.4,2.0,2.8,5.99,7.43,6.46,5.77,7.24,5.24,2.21,4.41,4.41,4.35,4.05,3.9,3.9
9,17,19,24.25,1.52,2.2,0.2,0.2,0.4,1.8,2.2,2.15,1.86,2.15,2.15,1.65,1.38,1.38,1.38,1.35,1.5,1.35,1.35
9,17,20,2.02,0.13,0.3,0.0,0.0,0.0,0.0,0.2,0.2,0.29,0.1,0.2,0.28,0.0,0.0,0.0,0.15,0.3,0.15,0.15
9,18,8,2.89,0.18,0.3,0.0,0.2,0.2,0.2,0.2,0.1,0.1,0.2,0.1,0.28,0.0,0.28,0.28,0.15,0.15,0.3,0.15
9,18,9,26.47,1.65,3.19,0.29,2.6,1.8,3.19,2.6,0.68,0.29,0.59,0.68,1.1,1.38,1.38,1.93,2.85,0.9,3.15,1.35
9,18,10,74.48,4.65,7.95,0.2,6.99,2.8,7.79,7.19,3.72,0.2,3.82,3.23,3.31,4.96,5.51,4.41,6.9,1.2,7.95,4.5
9,18,11,120.71,7.54,11.18,1.65,10.58,3.79,11.18,10.78,8.32,1.76,8.8,7.04,6.34,1.65,9.65,8.27,10.05,2.4,10.65,9.45
9,18,12,160.71,10.04,13.58,4.05,12.58,5.79,13.58,12.58,11.25,4.11,11.84,8.9,8.82,8.0,11.86,10.75,12.15,4.05,13.05,11.4
9,18,13,184.77,11.55,14.97,5.28,13.78,6.19,14.97,12.98,13.3,5.28,13.79,11.25,10.2,11.86,12.96,11.86,13.2,7.05,13.95,12.15
9,18,14,176.68,11.04,15.57,3.82,14.17,4.59,15.57,9.18,11.84,3.82,14.67,11.15,12.13,11.31,13.24,12.41,13.65,4.2,14.1,10.65
9,18,15,172.26,10.77,14.77,4.79,13.98,4.79,14.77,6.79,11.45,4.79,14.58,10.17,10.2,10.75,12.96,11.58,12.6,9.0,13.2,10.65
9,18,16,156.9,9.81,13.7,3.91,12.38,6.99,12.78,11.98,11.35,3.91,13.7,7.83,10.2,10.2,11.03,8.55,9.6,5.55,11.25,9.6
9,18,17,116.68,7.29,11.64,2.76,9.18,6.19,10.38,4.99,10.57,3.13,11.64,10.08,8.27,8.27,8.27,2.76,6.0,3.15,8.4,5.4
9,18,18,65.17,4.07,8.32,1.2,3.79,1.2,6.79,4.39,3.52,2.25,8.32,6.07,5.24,3.86,4.96,2.48,2.85,1.65,4.5,3.3
9,18,19,23.75,1.48,2.4,0.0,2.4,0.0,2.4,1.2,1.57,0.88,2.15,1.86,1.65,1.1,1.38,2.21,1.2,0.9,1.5,1.35
9,18,20,1.98,0.12,0.28,0.0,0.2,0.0,0.2,0.0,0.2,0.2,0.1,0.2,0.28,0.0,0.0,0.0,0.15,0.15,0.15,0.15
9,19,8,2.84,0.18,0.3,0.0,0.2,0.0,0.2,0.2,0.2,0.1,0.1,0.1,0.0,0.28,0.28,0.28,0.15,0.3,0.3,0.15
9,19,9,24.49,1.53,3.0,0.2,2.99,0.2,2.99,0.4,0.98,0.88,0.49,0.98,1.1,1.65,1.38,0.55,2.7,1.95,3.0,2.25
9,19,10,74.95,4.68,7.65,1.38,7.39,1.4,7.59,2.6,3.33,3.82,3.91,3.52,3.31,5.51,5.24,1.38,6.6,5.85,7.65,5.85
9,19,11,115.01,7.19,11.18,1.65,8.98,2.6,11.18,3.99,5.87,4.4,8.8,7.14,6.62,8.55,9.38,1.65,9.0,7.5,10.95,8.4
9,19,12,147.0,9.19,13.38,2.76,12.38,4.59,13.38,5.19,4.21,5.28,11.84,9.78,8.82,11.86,11.31,2.76,10.65,10.65,12.75,11.55
9,19,13,154.93,9.68,14.77,2.93,13.98,3.39,14.77,4.59,2.93,10.66,13.6,7.43,11.03,9.93,12.68,5.24,7.65,11.85,13.65,11.55
9,19,14,173.82,10.86,14.97,1.8,14.17,1.8,14.97,3.39,7.53,11.25,14.28,8.9,12.13,13.51,12.96,10.48,12.45,12.6,13.65,9.75
9,19,15,157.65,9.85,13.98,1.4,13.58,1.4,13.98,8.39,7.73,3.72,13.89,4.7,11.31,12.96,12.41,11.58,10.95,11.85,12.6,6.6
9,19,16,136.04,8.5,13.21,0.6,9.98,0.6,12.58,11.18,4.89,2.15,13.21,4.79,8.82,11.03,11.03,9.93,4.95,10.35,10.8,9.75
9,19,17,102.64,6.41,11.45,0.6,6.39,0.6,9.78,5.59,5.28,1.57,11.45,7.14,7.72,8.55,8.0,7.17,4.35,5.25,8.1,5.7
9,19,18,67.56,4.22,8.02,0.4,5.39,0.4,6.59,4.99,2.84,3.91,8.02,5.48,3.31,4.96,4.41,3.31,1.95,3.75,4.5,3.75
9,19,19,22.43,1.4,2.2,0.2,1.6,0.2,2.2,1.8,1.17,0.98,2.15,1.47,1.65,1.65,1.38,1.38,0.9,1.2,1.35,1.35
9,19,20,1.53,0.1,0.28,0.0,0.0,0.0,0.2,0.2,0.0,0.1,0.1,0.2,0.28,0.0,0.0,0.0,0.15,0.0,0.15,0.15
9,20,8,2.54,0.16,0.3,0.0,0.0,0.0,0.0,0.2,0.1,0.2,0.2,0.1,0.0,0.28,0.28,0.28,0.0,0.3,0.3,0.3
9,20,9,23.16,1.45,3.0,0.4,0.4,0.4,2.99,2.6,0.68,0.88,0.68,0.59,0.83,1.65,1.38,1.38,0.6,2.7,3.0,2.4
9,20,10,67.67,4.23,7.59,1.05,1.6,1.4,7.59,6.59,1.47,4.3,3.91,3.42,2.48,5.24,5.24,3.58,1.05,6.15,7.35,6.3
9,20,11,109.56,6.85,11.38,2.0,2.0,2.6,11.38,10.18,2.84,5.77,8.51,7.73,3.31,8.82,9.1,7.17,3.6,6.45,10.65,9.45
9,20,12,150.38,9.4,13.78,5.24,6.19,7.19,13.78,12.38,5.58,7.73,11.64,10.37,5.24,11.31,11.03,7.44,8.4,8.1,12.75,11.25
9,20,13,165.93,10.37,15.37,5.28,9.18,9.98,15.37,12.58,6.16,5.28,13.4,11.64,8.27,12.68,12.41,11.03,5.85,6.3,13.5,12.3
9,20,14,186.4,11.65,15.57,6.26,8.78,12.18,15.57,13.38,12.62,6.26,13.89,12.23,6.62,12.68,12.68,12.41,13.5,7.8,13.65,12.15
9,20,15,178.37,11.15,14.77,3.58,6.99,13.78,14.77,13.18,13.21,8.22,13.99,10.08,3.58,11.86,12.13,11.58,9.6,12.3,12.6,10.5
9,20,16,156.05,9.75,13.21,1.93,6.79,11.78,12.78,8.39,12.72,11.64,13.21,12.42,1.93,10.2,10.75,7.44,5.55,10.8,10.95,8.7
9,20,17,112.03,7.0,11.64,2.6,2.6,6.59,9.98,3.99,11.64,9.2,11.35,10.37,3.03,6.62,8.27,4.69,3.3,7.05,7.95,5.4
9,20,18,74.32,4.64,7.92,0.6,2.8,5.19,6.79,0.6,5.77,6.07,7.92,7.24,4.41,4.41,4.41,3.86,2.4,3.75,4.35,4.35
9,20,19,24.65,1.54,2.64,0.6,1.4,2.4,2.4,0.6,1.08,1.76,1.86,2.64,1.38,1.65,1.1,0.83,0.9,1.35,1.35,1.95
9,20,20,1.7,0.11,0.29,0.0,0.0,0.0,0.0,0.0,0.2,0.1,0.1,0.29,0.28,0.0,0.28,0.0,0.15,0.15,0.0,0.15
9,21,8,1.76,0.11,0.3,0.0,0.0,0.0,0.2,0.2,0.0,0.1,0.1,0.0,0.0,0.28,0.0,0.28,0.0,0.15,0.3,0.15
9,21,9,22.59,1.41,3.15,0.29,0.6,0.8,2.99,2.4,0.29,0.78,0.39,1.08,0.55,1.1,1.38,1.38,0.3,2.25,3.15,3.15
9,21,10,68.55,4.28,7.79,1.2,1.8,1.8,7.79,6.59,1.57,3.62,3.72,3.72,1.93,4.14,4.96,4.41,1.2,6.9,7.65,6.75
9,21,11,116.19,7.26,11.58,2.48,2.8,4.79,11.58,9.78,3.23,8.22,8.8,8.12,2.48,6.62,9.1,6.62,3.15,10.05,11.1,9.75
9,21,12,150.87,9.43,13.98,1.65,4.39,10.98,13.98,12.18,3.62,9.49,11.84,10.66,1.65,11.03,10.48,8.27,4.95,12.3,13.05,12.0
9,21,13,163.43,10.21,15.57,1.93,2.2,10.98,15.57,13.18,2.25,10.96,13.21,12.33,1.93,11.86,12.13,12.13,4.35,13.35,13.95,13.05
9,21,14,167.01,10.44,15.77,2.45,3.39,14.37,15.77,13.58,2.45,9.59,13.89,10.47,3.58,12.68,12.68,12.41,3.75,13.05,13.95,11.4
9,21,15,158.84,9.93,15.17,2.35,4.79,13.98,15.17,13.38,2.35,5.67,13.7,12.62,4.69,12.13,11.58,11.58,2.4,12.15,13.05,9.6
9,21,16,138.07,8.63,13.21,0.98,2.4,10.98,12.78,10.38,0.98,13.21,12.62,9.98,1.1,11.03,10.48,10.48,1.05,9.3,10.95,10.35
9,21,17,107.3,6.71,11.15,0.9,1.2,9.18,10.38,8.98,1.86,10.37,11.15,9.88,1.93,8.27,7.72,1.93,0.9,7.95,8.1,7.5
9,21,18,62.94,3.93,7.53,0.6,0.6,4.99,6.79,0.6,1.08,7.14,7.53,7.24,3.31,4.41,4.14,2.21,0.6,4.2,4.35,3.75
9,21,19,18.63,1.16,2.4,0.2,0.2,1.8,2.4,0.4,0.68,1.57,1.57,1.57,1.1,1.38,0.83,1.38,0.45,1.05,1.2,1.05
9,21,20,2.56,0.16,0.6,0.0,0.0,0.2,0.0,0.6,0.2,0.2,0.1,0.1,0.0,0.28,0.0,0.28,0.15,0.15,0.15,0.15
9,22,8,2.29,0.14,0.3,0.0,0.2,0.0,0.0,0.2,0.0,0.1,0.1,0.1,0.28,0.28,0.28,0.0,0.15,0.15,0.3,0.15
9,22,9,22.95,1.43,2.85,0.39,0.4,1.6,2.4,2.2,0.78,1.08,0.39,0.49,1.1,1.65,1.38,1.38,0.75,1.8,2.85,2.7
9,22,10,73.52,4.6,7.65,1.6,1.6,5.59,5.99,7.39,3.33,3.33,3.62,3.62,3.31,4.14,4.69,4.41,3.45,4.65,7.65,6.75
9,22,11,130.09,8.13,11.38,5.48,6.19,9.18,11.38,10.58,5.48,5.48,8.71,8.41,5.79,8.27,8.27,8.0,6.3,7.05,10.95,10.05
9,22,12,165.59,10.35,12.98,4.79,12.98,4.79,10.58,12.98,8.71,6.85,11.54,11.05,9.1,10.75,10.48,10.48,8.85,11.85,12.75,11.85
9,22,13,179.51,11.22,14.37,6.79,10.58,8.98,6.79,14.37,10.66,8.41,12.82,12.23,8.82,12.13,12.41,12.41,9.75,12.9,13.5,12.75
9,22,14,186.08,11.63,14.37,4.89,12.18,9.58,11.78,14.37,12.91,4.89,13.21,13.01,10.48,10.48,11.31,12.68,11.4,11.7,13.35,12.75
9,22,15,176.53,11.03,15.57,5.18,15.57,13.58,11.98,13.78,8.02,5.18,13.21,13.11,7.72,12.41,6.34,12.13,8.25,10.8,12.45,12.0
9,22,16,132.36,8.27,12.72,3.58,9.18,9.98,4.59,12.18,7.83,3.72,7.53,12.72,6.89,9.93,3.58,10.48,7.95,4.8,10.65,10.35
9,22,17,109.2,6.82,11.05,2.99,9.18,4.19,2.99,9.58,7.24,4.5,9.68,11.05,3.86,7.72,5.24,7.72,7.5,4.2,7.05,7.5
9,22,18,71.25,4.45,7.63,1.27,6.39,4.19,2.0,6.19,7.04,1.27,7.43,7.63,4.96,3.58,2.76,3.86,4.35,1.65,4.05,3.9
9,22,19,20.96,1.31,2.2,0.49,2.2,0.8,1.0,2.0,1.96,0.49,1.86,1.47,1.1,1.65,0.83,1.1,1.35,0.6,1.35,1.2
9,22,20,1.58,0.1,0.28,0.0,0.0,0.0,0.2,0.2,0.2,0.1,0.2,0.1,0.28,0.0,0.0,0.0,0.15,0.0,0.15,0.0
9,23,8,1.13,0.07,0.3,0.0,0.2,0.0,0.0,0.0,0.1,0.0,0.0,0.1,0.0,0.28,0.0,0.0,0.15,0.0,0.0,0.3
9,23,9,16.84,1.05,2.4,0.2,1.8,0.4,0.2,0.2,0.68,0.88,0.59,0.78,1.1,1.65,0.28,1.38,2.4,1.8,0.45,2.25
9,23,10,55.79,3.49,6.15,1.0,2.2,2.0,1.0,3.99,3.23,2.35,2.45,3.62,3.86,4.14,3.31,4.14,6.15,4.35,3.0,6.0
9,23,11,111.82,6.99,10.8,1.8,8.39,1.8,2.8,10.38,8.51,3.33,8.61,8.22,6.89,4.96,5.24,7.44,9.6,5.1,10.8,9.75
9,23,12,153.74,9.61,12.6,3.39,12.38,3.39,4.99,12.38,11.45,6.46,10.76,10.76,9.93,4.96,10.2,10.48,12.15,9.0,12.6,11.85
9,23,13,171.54,10.72,14.17,2.8,14.17,3.19,2.8,13.78,11.25,7.24,13.01,13.01,11.31,7.44,12.41,12.13,13.35,9.75,13.65,13.05
9,23,14,179.53,11.22,14.37,1.2,14.37,3.19,1.2,14.37,13.5,6.95,13.6,13.89,12.41,12.13,12.96,12.96,13.5,8.25,13.2,13.05
9,23,15,176.4,11.02,13.89,1.6,13.78,6.59,1.6,13.58,13.3,5.18,13.5,13.89,12.68,12.41,11.86,12.13,12.0,9.15,12.6,12.15
9,23,16,143.15,8.95,12.82,0.4,7.99,3.59,0.4,11.78,12.62,3.62,10.96,12.82,11.31,10.48,10.48,10.2,10.65,5.25,10.8,10.2
9,23,17,116.05,7.25,11.15,2.4,6.19,5.79,2.4,7.59,11.15,4.5,9.98,11.05,8.82,5.24,7.72,7.72,7.5,5.25,7.8,7.35
9,23,18,68.94,4.31,7.04,0.4,4.79,6.19,0.4,5.39,7.04,3.13,1.86,6.55,5.24,3.58,4.41,3.86,4.05,4.35,4.2,3.9
9,23,19,18.64,1.16,1.93,0.39,1.4,1.2,0.4,1.6,1.66,0.98,0.39,1.27,1.93,1.38,1.1,0.83,1.2,1.2,1.05,1.05
9,23,20,1.68,0.1,0.28,0.0,0.2,0.2,0.0,0.0,0.1,0.1,0.0,0.2,0.0,0.0,0.0,0.28,0.15,0.15,0.15,0.15
9,24,8,1.21,0.08,0.28,0.0,0.0,0.0,0.0,0.0,0.0,0.0,0.1,0.1,0.28,0.0,0.28,0.0,0.15,0.0,0.15,0.15
9,24,9,19.17,1.2,2.8,0.4,0.4,0.4,2.8,2.4,1.17,0.49,0.59,0.88,0.83,1.93,1.1,1.38,1.2,0.45,0.75,2.4
9,24,10,57.52,3.6,7.39,1.4,1.4,3.19,3.79,7.39,2.25,1.96,2.45,3.82,3.58,4.14,4.41,4.14,4.8,1.95,2.55,5.7
9,24,11,93.31,5.83,10.38,1.76,1.8,5.59,8.98,10.38,3.23,1.76,5.38,5.28,7.44,5.51,5.79,7.72,4.35,3.75,10.35,6.0
9,24,12,116.05,7.25,12.3,1.4,1.4,3.59,4.19,8.19,8.22,4.21,7.04,8.61,9.65,6.62,9.65,10.48,4.35,7.05,12.3,10.5
9,24,13,140.96,8.81,13.35,2.2,2.2,4.39,11.58,10.78,9.98,5.48,10.76,9.0,11.86,7.44,11.31,12.13,6.0,2.25,13.35,12.45
9,24,14,170.87,10.68,14.57,2.1,5.59,14.57,13.58,12.98,10.66,4.01,11.05,11.74,12.96,11.86,13.79,12.68,6.3,2.1,13.65,13.35
9,24,15,159.07,9.94,13.78,2.8,2.8,9.78,11.78,13.78,4.4,5.48,13.6,11.74,12.68,11.31,12.96,11.86,7.35,3.75,13.05,12.75
9,24,16,155.15,9.7,13.01,4.99,4.99,5.99,11.58,10.78,10.08,12.03,13.01,10.86,11.03,8.27,10.48,10.2,6.45,7.65,11.1,10.65
9,24,17,118.99,7.44,11.35,2.6,2.6,9.98,7.99,5.79,11.25,5.58,11.25,11.35,9.1,4.14,5.24,7.72,6.45,4.65,8.1,7.8
9,24,18,72.66,4.54,7.53,1.8,4.19,5.99,4.99,6.59,7.53,2.35,4.6,6.95,5.24,2.48,4.41,4.14,4.05,1.8,3.6,3.75
9,24,19,18.84,1.18,2.0,0.6,1.6,1.0,0.6,2.0,1.37,1.27,1.17,1.37,1.65,0.83,1.1,0.83,1.05,0.9,0.9,1.2
9,24,20,1.23,0.08,0.28,0.0,0.0,0.0,0.0,0.0,0.1,0.1,0.2,0.1,0.0,0.28,0.0,0.0,0.15,0.0,0.15,0.15
9,25,8,1.66,0.1,0.28,0.0,0.0,0.0,0.0,0.0,0.1,0.1,0.1,0.2,0.28,0.0,0.28,0.0,0.15,0.15,0.15,0.15
9,25,9,24.62,1.54,2.99,0.49,2.99,2.0,0.6,2.0,0.59,0.78,0.88,0.49,0.83,1.38,1.1,1.38,2.55,2.4,2.1,2.55
9,25,10,77.54,4.85,7.39,1.4,6.59,3.19,1.4,7.39,3.72,3.72,3.52,3.62,3.58,4.96,4.41,4.14,7.2,6.6,6.15,7.35
9,25,11,121.45,7.59,10.5,1.4,6.59,7.79,1.4,8.58,8.9,8.12,6.65,9.0,7.44,8.55,6.34,7.44,10.5,8.85,4.8,10.5
9,25,12,162.68,10.17,13.98,3.19,12.18,10.98,3.19,13.98,10.17,8.41,5.18,12.03,10.2,11.58,9.65,11.03,12.15,11.25,8.1,12.6
9,25,13,186.97,11.69,15.37,4.19,12.78,11.18,4.19,15.37,11.84,11.15,6.36,13.99,11.86,12.96,12.96,12.68,12.9,10.8,12.45,13.5
9,25,14,202.6,12.66,14.77,3.19,12.58,12.78,3.19,14.17,11.54,14.67,12.23,14.77,12.41,13.51,13.24,13.51,12.15,13.95,14.25,13.65
9,25,15,201.94,12.62,14.77,6.59,12.98,14.77,6.59,13.18,11.05,14.58,12.91,14.58,12.68,12.68,12.68,12.41,12.3,13.05,12.9,12.6
9,25,16,177.01,11.06,13.7,5.59,12.18,12.38,5.59,11.98,8.41,13.7,12.13,13.3,11.31,10.75,11.03,10.75,10.5,11.25,11.1,10.65
9,25,17,142.19,8.89,11.45,4.79,9.18,8.98,4.79,9.98,11.45,11.35,11.05,11.25,8.82,8.27,8.0,7.72,7.65,8.1,7.95,7.65
9,25,18,83.56,5.22,7.73,2.8,5.79,6.19,2.8,4.39,7.73,7.63,7.14,7.63,5.24,4.69,4.14,4.14,3.9,4.2,4.05,3.9
9,25,19,19.71,1.23,2.0,0.6,1.8,2.0,0.6,1.6,1.27,1.27,1.17,1.27,1.65,1.1,1.1,0.83,1.05,1.05,1.05,0.9
9,25,20,0.45,0.03,0.15,0.0,0.0,0.0,0.0,0.0,0.1,0.0,0.1,0.1,0.0,0.0,0.0,0.0,0.0,0.0,0.0,0.15
9,26,8,2.54,0.16,0.3,0.0,0.2,0.2,0.0,0.2,0.1,0.1,0.0,0.0,0.28,0.28,0.0,0.28,0.3,0.3,0.15,0.15
9,26,9,25.09,1.57,2.99,0.39,2.99,1.8,1.0,2.99,0.68,0.49,0.59,0.39,0.83,1.38,1.1,1.1,2.55,2.4,2.4,2.4
9,26,10,85.73,5.36,7.59,2.45,7.39,6.99,3.99,7.59,3.72,3.62,2.45,3.52,3.58,5.51,4.41,3.86,7.35,7.35,7.35,7.05
9,26,11,145.24,9.08,11.38,6.89,10.98,8.98,7.59,11.38,9.0,8.71,7.14,8.71,6.89,9.1,7.44,7.17,10.5,10.8,10.5,10.35
9,26,12,187.42,11.71,13.78,8.8,13.18,13.18,10.78,13.78,11.93,11.64,8.8,11.54,9.65,11.31,10.48,10.75,12.6,12.75,12.75,12.3
9,26,13,202.12,12.63,14.97,3.72,14.57,14.17,10.18,14.97,13.7,13.79,3.72,13.11,11.86,12.96,12.41,12.68,13.5,13.8,13.5,13.2
9,26,14,206.72,12.92,15.37,5.38,14.97,10.78,12.58,15.37,14.48,14.28,5.38,13.79,12.68,12.96,12.96,13.24,13.35,13.65,13.05,13.2
9,26,15,195.69,12.23,14.38,5.87,14.17,6.39,12.98,14.37,14.38,14.09,5.87,13.89,12.68,12.13,12.41,12.68,12.45,12.9,12.45,11.85
9,26,16,170.63,10.66,13.3,4.19,12.58,4.19,9.98,12.58,13.3,12.91,8.32,13.11,11.03,10.75,10.48,10.75,10.65,9.45,10.2,10.35
9,26,17,130.31,8.14,11.25,2.8,9.58,2.8,6.19,9.78,11.25,9.39,7.63,11.25,8.55,8.0,7.72,7.72,7.8,7.8,7.5,7.35
9,26,18,75.2,4.7,7.63,1.2,6.39,1.2,3.99,6.19,7.53,2.25,6.07,7.63,5.24,4.69,4.41,3.86,3.9,4.2,3.75,3.9
9,26,19,18.24,1.14,2.0,0.2,2.0,0.2,1.2,2.0,1.27,1.08,1.37,1.08,1.38,1.1,0.83,0.83,0.9,0.9,1.2,0.9
9,26,20,0.65,0.04,0.15,0.0,0.0,0.0,0.0,0.0,0.0,0.1,0.0,0.1,0.0,0.0,0.0,0.0,0.15,0.15,0.0,0.15
9,27,8,1.31,0.08,0.28,0.0,0.0,0.0,0.0,0.0,0.2,0.0,0.1,0.0,0.0,0.28,0.0,0.28,0.15,0.0,0.15,0.15
9,27,9,23.72,1.48,2.99,0.49,2.6,1.0,1.2,2.99,0.78,0.59,0.68,0.49,0.83,1.65,1.38,0.83,2.55,1.5,2.25,2.4
9,27,10,74.44,4.65,7.59,1.96,7.59,6.19,3.39,7.19,1.96,2.45,3.42,3.33,3.31,4.96,4.14,3.86,7.35,4.05,4.05,7.2
9,27,11,143.87,8.99,10.98,6.89,10.98,9.78,9.98,10.78,8.02,8.32,8.51,8.61,6.89,8.82,7.44,6.89,10.65,7.95,9.9,10.35
9,27,12,183.65,11.48,13.38,9.65,13.38,10.38,11.98,13.18,11.93,9.88,10.57,11.74,9.65,11.31,10.75,10.75,12.75,10.8,12.3,12.3
9,27,13,201.7,12.61,14.37,8.8,14.37,11.98,13.18,14.17,13.7,8.8,11.25,13.6,11.58,12.68,12.41,12.68,13.35,11.55,13.2,13.2
9,27,14,212.95,13.31,14.97,10.17,14.97,13.78,13.18,14.37,14.48,10.17,13.11,14.48,12.68,12.96,12.41,12.96,13.35,13.35,13.35,13.35
9,27,15,196.91,12.31,14.28,6.46,13.98,13.78,10.18,13.78,14.28,13.21,6.46,12.03,12.41,12.41,12.13,11.86,12.6,13.05,12.45,12.3
9,27,16,172.86,10.8,13.3,2.8,12.38,11.98,2.8,12.18,13.3,13.21,12.03,9.49,11.03,10.75,10.48,10.48,10.65,10.95,10.65,10.5
9,27,17,131.44,8.22,11.35,3.19,8.78,8.39,3.19,9.38,11.35,11.05,9.98,8.71,8.55,8.27,7.72,7.72,7.65,7.95,5.85,6.9
9,27,18,80.03,5.0,7.43,1.4,4.79,5.99,1.4,5.79,7.43,7.34,6.85,7.34,5.24,4.41,4.14,3.86,4.05,4.05,3.6,3.75
9,27,19,18.5,1.16,2.0,0.4,2.0,1.8,0.4,1.8,1.08,1.08,1.17,0.98,1.38,1.1,0.83,0.83,0.9,1.05,1.2,0.9
9,27,20,0.5,0.03,0.15,0.0,0.0,0.0,0.0,0.0,0.1,0.0,0.1,0.0,0.0,0.0,0.0,0.0,0.0,0.15,0.0,0.15
9,28,8,1.63,0.1,0.3,0.0,0.0,0.2,0.0,0.0,0.0,0.1,0.2,0.1,0.0,0.28,0.0,0.0,0.15,0.15,0.3,0.15
9,28,9,18.58,1.16,2.8,0.0,0.0,2.8,0.4,0.4,0.49,0.49,0.78,0.39,0.83,1.1,1.1,1.1,2.4,2.4,1.65,2.25
9,28,10,65.24,4.08,7.35,0.0,0.0,7.19,1.6,0.8,3.52,3.72,2.84,3.33,3.31,4.96,4.14,3.58,7.35,7.35,4.5,7.05
9,28,11,112.21,7.01,10.8,0.0,0.0,10.78,3.99,2.6,8.8,7.24,8.51,4.99,6.62,7.72,7.17,6.89,10.5,10.8,10.2,5.4
9,28,12,155.61,9.73,12.75,0.0,0.0,12.58,8.58,8.19,11.84,11.15,11.84,7.04,9.65,11.03,10.48,10.48,12.6,11.85,12.75,5.55
9,28,13,175.71,10.98,13.79,0.0,0.0,12.38,13.78,9.18,13.5,11.05,13.79,7.04,11.31,12.41,12.41,12.96,13.35,11.7,13.65,7.2
9,28,14,183.56,11.47,14.58,0.0,0.0,13.58,10.98,8.98,13.79,9.29,14.58,13.01,12.13,12.68,12.68,12.96,13.35,10.65,13.65,11.25
9,28,15,169.91,10.62,13.5,0.0,0.0,10.98,12.78,8.98,13.5,8.61,11.93,12.42,12.41,11.31,11.86,12.68,12.45,8.1,12.75,9.15
9,28,16,146.98,9.19,12.82,0.0,0.0,10.58,12.18,6.59,12.42,9.59,12.82,5.97,11.03,8.82,10.2,10.48,10.5,7.65,10.35,7.8
9,28,17,105.57,6.6,11.54,0.0,0.0,6.59,9.58,2.2,10.96,6.07,11.54,4.99,8.55,4.41,7.44,7.44,7.65,4.65,7.8,5.7
9,28,18,66.56,4.16,7.63,0.0,0.0,4.59,6.19,1.4,7.24,3.91,7.63,6.36,4.96,2.76,4.14,3.58,3.75,3.0,4.05,3.0
9,28,19,15.92,1.0,1.8,0.0,0.0,1.2,1.8,0.6,0.88,1.08,0.88,1.27,1.38,1.1,0.55,0.83,0.9,0.9,1.05,1.5
9,28,20,0.55,0.03,0.2,0.0,0.0,0.0,0.0,0.2,0.1,0.0,0.0,0.1,0.0,0.0,0.0,0.0,0.0,0.15,0.0,0.0
9,29,8,2.49,0.16,0.3,0.0,0.2,0.2,0.2,0.0,0.1,0.1,0.1,0.0,0.0,0.28,0.28,0.28,0.15,0.15,0.3,0.15
9,29,9,21.44,1.34,2.8,0.0,2.8,2.4,2.6,0.0,0.39,0.49,0.39,0.59,1.1,1.1,0.83,1.1,2.55,2.1,2.25,0.75
9,29,10,76.29,4.77,7.65,0.4,7.59,6.99,7.59,0.4,3.03,3.33,3.23,1.27,3.03,4.41,4.41,3.86,7.5,7.35,7.65,4.65
9,29,11,123.97,7.75,11.18,1.08,10.78,9.98,11.18,1.4,7.92,8.41,8.9,1.08,6.34,7.72,7.17,6.34,10.8,10.35,10.8,4.8
9,29,12,162.8,10.17,13.78,2.93,12.78,12.38,13.78,2.99,12.13,10.86,11.74,2.93,9.38,10.75,10.75,10.48,12.75,12.15,12.75,4.2
9,29,13,186.51,11.66,14.97,4.39,13.98,13.58,14.97,4.39,13.7,12.42,13.7,6.07,11.31,12.13,12.13,12.68,13.5,12.9,13.65,5.4
9,29,14,181.28,11.33,15.17,4.01,14.57,13.98,15.17,4.19,14.18,13.11,14.18,4.01,12.13,12.41,12.41,7.44,13.35,12.45,13.5,4.2
9,29,15,177.26,11.08,14.37,4.05,13.78,12.98,14.37,7.19,13.7,12.62,14.09,7.34,11.86,11.86,11.58,5.24,12.3,11.85,12.45,4.05
9,29,16,171.27,10.7,13.01,6.89,12.18,11.58,12.58,10.78,12.52,11.74,13.01,8.61,10.48,10.2,10.2,6.89,10.35,9.45,10.65,10.05
9,29,17,131.26,8.2,11.15,3.86,9.58,8.98,9.78,8.78,10.76,9.39,11.15,7.92,8.27,7.72,7.17,3.86,7.5,6.3,7.65,6.45
9,29,18,74.95,4.68,7.14,2.21,5.99,5.39,6.19,3.59,6.75,5.48,7.14,5.67,4.69,3.31,4.14,2.21,3.6,3.75,3.9,3.15
9,29,19,17.57,1.1,1.8,0.68,1.8,1.4,1.8,1.6,0.88,1.17,0.68,0.78,1.1,0.83,0.83,1.1,0.9,0.9,0.9,0.9
9,29,20,0.3,0.02,0.1,0.0,0.0,0.0,0.0,0.0,0.1,0.1,0.1,0.0,0.0,0.0,0.0,0.0,0.0,0.0,0.0,0.0
9,30,8,1.86,0.12,0.28,0.0,0.0,0.0,0.2,0.2,0.1,0.1,0.0,0.1,0.28,0.0,0.0,0.28,0.15,0.15,0.15,0.15
9,30,9,25.11,1.57,2.99,0.39,2.8,2.4,2.8,2.99,0.49,0.78,0.49,0.39,0.83,1.38,0.83,0.83,1.5,2.1,2.25,2.25
9,30,10,80.06,5.0,7.59,2.55,7.39,6.99,7.39,7.59,3.33,3.72,2.84,3.33,3.03,3.31,3.86,3.58,2.55,6.9,6.75,7.5
9,30,11,138.69,8.67,11.18,4.41,10.58,10.38,11.18,11.18,8.51,7.43,7.83,8.61,6.07,4.41,6.62,6.89,8.7,10.05,9.6,10.65
9,30,12,183.92,11.5,13.78,7.72,12.78,12.38,13.58,13.78,11.35,9.49,11.45,12.03,9.38,7.72,10.2,11.03,12.3,11.4,12.45,12.6
9,30,13,208.98,13.06,14.97,10.2,13.98,13.78,14.97,14.57,12.72,13.3,12.62,13.79,10.2,11.86,11.86,12.68,13.2,12.75,13.2,13.5
9,30,14,215.33,13.46,14.97,11.86,14.57,14.37,14.77,14.97,13.11,13.6,13.5,14.58,11.86,12.41,12.13,12.96,13.35,13.05,12.75,13.35
9,30,15,203.84,12.74,14.58,8.55,13.78,13.78,13.98,13.98,13.4,13.79,13.5,14.58,11.31,8.55,11.58,12.41,12.45,12.3,12.15,12.3
9,30,16,181.13,11.32,13.5,8.55,12.18,11.98,12.18,12.18,12.82,13.11,12.52,13.5,9.93,8.55,10.75,10.48,10.35,10.05,10.2,10.35
9,30,17,137.57,8.6,11.45,3.86,9.38,9.18,9.18,9.38,10.57,11.25,10.86,11.45,8.0,3.86,6.89,7.72,7.2,7.65,7.5,7.5
9,30,18,78.14,4.88,7.34,2.48,5.99,4.79,5.79,5.99,6.75,6.95,6.16,7.34,4.41,2.76,2.48,3.58,3.6,3.9,3.9,3.75
9,30,19,16.01,1.0,1.8,0.68,1.8,1.2,1.6,1.6,0.88,0.68,0.68,0.68,1.1,0.83,0.83,0.83,0.75,0.9,0.75,0.9
9,30,20,0.4,0.02,0.15,0.0,0.0,0.0,0.0,0.0,0.0,0.1,0.0,0.0,0.0,0.0,0.0,0.0,0.15,0.15,0.0,0.0
10,1,8,1.51,0.09,0.3,0.0,0.0,0.0,0.2,0.0,0.1,0.0,0.1,0.1,0.28,0.0,0.28,0.0,0.0,0.0,0.3,0.15
10,1,9,19.24,1.2,2.8,0.39,1.0,1.0,0.6,2.8,0.68,1.47,0.68,0.39,0.83,1.38,0.83,0.83,0.9,2.25,1.65,1.95
10,1,10,64.35,4.02,7.39,1.37,1.8,3.19,3.59,7.39,2.93,1.37,2.74,3.13,2.76,4.14,3.58,3.58,4.65,4.95,7.35,7.2
10,1,11,102.18,6.39,10.58,3.72,3.79,5.59,5.59,10.58,4.79,4.99,3.72,8.61,6.34,7.17,6.34,6.62,7.8,5.85,4.2,10.2
10,1,12,156.45,9.78,12.78,6.79,6.79,9.18,6.79,12.78,8.22,9.59,10.86,11.35,9.38,10.48,10.2,10.48,9.6,7.5,10.8,12.45
10,1,13,185.39,11.59,13.78,4.79,6.39,4.79,12.78,13.78,11.84,10.66,13.21,12.91,11.03,11.86,11.86,12.68,12.6,12.75,13.2,13.05
10,1,14,190.2,11.89,14.17,6.07,12.78,8.19,13.98,14.17,13.4,6.07,13.4,13.21,11.86,10.75,12.13,12.41,13.2,9.15,12.6,12.9
10,1,15,183.17,11.45,13.78,5.85,13.58,7.79,10.98,13.78,13.3,9.39,13.5,13.21,11.31,11.31,11.31,11.86,12.0,5.85,12.0,12.0
10,1,16,159.57,9.97,12.72,5.28,12.18,9.58,6.79,11.78,12.72,5.28,12.52,12.23,9.93,8.0,9.93,9.93,10.35,8.1,10.35,9.9
10,1,17,123.84,7.74,10.86,4.59,9.78,4.59,4.59,8.98,10.86,8.51,10.08,10.47,7.72,6.62,7.17,7.17,7.2,6.15,6.9,7.05
10,1,18,67.03,4.19,6.85,2.45,4.99,4.39,3.19,5.59,6.85,2.45,5.67,6.65,4.41,3.03,3.03,3.58,3.6,2.7,3.45,3.45
10,1,19,15.61,0.98,1.8,0.55,1.8,1.2,0.8,1.6,0.68,0.98,1.08,0.59,1.1,1.1,0.83,0.55,0.75,0.75,1.05,0.75
10,2,8,1.46,0.09,0.28,0.0,0.2,0.0,0.0,0.2,0.1,0.0,0.0,0.1,0.0,0.0,0.28,0.28,0.15,0.0,0.0,0.15
10,2,9,17.51,1.09,2.8,0.29,2.8,0.8,0.6,2.4,0.59,0.39,0.68,0.29,1.1,0.83,0.83,1.1,1.95,0.75,0.45,1.95
10,2,10,60.59,3.79,7.39,1.0,7.39,1.0,1.8,7.19,3.23,1.57,2.93,2.93,2.76,2.48,3.58,3.03,7.05,4.2,2.1,7.35
10,2,11,107.88,6.74,10.98,2.2,10.98,5.59,2.2,10.38,7.83,3.62,3.03,8.61,6.34,4.96,6.62,6.07,10.5,7.05,3.75,10.35
10,2,12,143.31,8.96,13.38,2.54,13.38,7.99,2.99,12.78,11.64,7.14,2.54,11.35,9.65,6.62,10.2,9.38,12.3,9.3,3.9,12.15
10,2,13,158.54,9.91,14.57,4.05,14.57,8.98,4.79,13.78,13.3,5.38,4.99,12.72,11.03,6.62,11.58,10.75,13.2,9.75,4.05,13.05
10,2,14,165.64,10.35,14.97,5.25,14.97,5.99,9.58,13.98,14.28,6.65,5.38,13.4,12.13,6.89,12.68,11.31,13.2,7.05,5.25,12.9
10,2,15,164.01,10.25,14.09,5.19,13.58,10.38,5.19,13.78,14.09,6.95,5.77,12.82,11.86,6.34,10.75,10.2,12.3,7.95,10.5,11.55
10,2,16,136.56,8.54,12.03,3.59,11.98,6.39,3.59,11.78,12.03,6.26,5.38,11.54,10.48,8.0,9.93,8.0,9.75,6.0,6.15,9.3
10,2,17,101.91,6.37,10.86,2.4,9.58,5.39,2.4,9.18,10.86,4.5,3.82,8.61,8.0,6.89,6.62,5.51,7.2,4.05,3.15,6.15
10,2,18,56.2,3.51,6.26,0.6,5.19,2.8,0.6,5.59,6.26,3.52,3.03,4.7,4.41,2.21,3.58,2.76,3.45,3.0,2.1,3.0
10,2,19,13.45,0.84,1.6,0.2,1.6,1.2,0.2,1.6,0.78,0.78,0.68,0.88,1.1,0.83,0.55,0.55,0.9,0.6,0.45,0.75
10,2,20,0.1,0.01,0.1,0.0,0.0,0.0,0.0,0.0,0.1,0.0,0.0,0.0,0.0,0.0,0.0,0.0,0.0,0.0,0.0,0.0
10,3,8,1.21,0.08,0.28,0.0,0.0,0.0,0.0,0.0,0.1,0.0,0.0,0.1,0.0,0.28,0.28,0.0,0.15,0.15,0.0,0.15
10,3,9,21.22,1.33,2.2,0.59,1.0,2.2,2.0,1.8,0.78,0.59,0.78,0.78,0.83,1.1,1.38,1.38,2.1,1.95,1.5,1.05
10,3,10,68.23,4.26,7.59,1.38,3.39,6.79,7.59,5.59,2.74,2.93,2.93,2.64,2.76,4.41,1.38,3.03,5.4,7.35,5.4,3.9
10,3,11,112.06,7.0,10.98,1.93,4.79,3.99,10.98,8.39,7.24,6.36,8.02,5.97,6.34,7.44,1.93,5.51,9.45,8.55,10.05,7.05
10,3,12,147.77,9.24,12.38,2.4,12.38,2.4,12.38,10.58,11.25,8.22,9.59,8.51,9.38,11.03,3.58,8.27,11.4,10.35,9.15,9.3
10,3,13,173.17,10.82,14.57,4.96,14.57,6.39,14.17,12.38,12.72,7.63,12.72,10.47,11.58,9.38,4.96,10.75,12.75,8.7,13.35,10.65
10,3,14,174.98,10.94,14.77,4.79,14.77,4.79,10.38,12.58,14.28,7.92,14.67,11.25,12.96,9.38,7.17,11.03,12.9,7.35,12.75,10.8
10,3,15,189.87,11.87,14.77,8.85,13.38,10.98,14.77,11.98,13.6,12.33,14.48,10.66,12.68,10.48,11.58,10.2,11.85,8.85,12.3,9.75
10,3,16,152.01,9.5,12.72,6.85,11.98,7.79,9.18,10.38,6.85,8.71,12.72,9.39,10.48,8.0,10.48,8.55,10.5,8.1,10.95,7.95
10,3,17,117.01,7.31,9.98,5.48,9.38,6.19,9.98,7.59,9.49,5.48,9.59,7.24,7.72,7.44,6.07,5.79,7.2,5.55,6.75,5.55
10,3,18,62.74,3.92,6.19,1.8,5.59,1.8,6.19,3.99,6.16,4.01,4.21,3.82,4.69,4.41,2.21,2.76,3.45,3.6,3.15,2.7
10,3,19,12.79,0.8,1.6,0.49,0.8,0.6,1.6,0.8,0.59,0.49,0.59,0.98,0.83,0.83,0.55,0.83,0.75,0.9,0.75,0.9
10,3,20,0.15,0.01,0.15,0.0,0.0,0.0,0.0,0.0,0.0,0.0,0.0,0.0,0.0,0.0,0.0,0.0,0.0,0.15,0.0,0.0
10,4,8,0.88,0.06,0.28,0.0,0.0,0.0,0.0,0.0,0.0,0.1,0.1,0.1,0.0,0.0,0.28,0.0,0.15,0.0,0.15,0.0
10,4,9,16.92,1.06,1.8,0.39,0.6,1.4,1.6,1.8,0.88,0.68,0.39,0.78,0.83,1.38,0.83,1.1,0.6,0.9,1.8,1.35
10,4,10,59.03,3.69,7.05,2.15,2.2,3.99,4.39,5.39,2.15,3.52,2.74,2.74,2.48,4.41,4.14,3.03,3.45,2.7,7.05,4.65
10,4,11,107.85,6.74,10.38,3.19,3.19,6.39,10.38,8.58,3.33,8.8,6.75,6.46,5.79,7.17,7.17,5.79,4.5,6.6,9.0,7.95
10,4,12,138.43,8.65,12.15,3.62,4.59,7.79,7.19,10.78,3.62,7.14,9.78,9.59,8.82,11.03,11.03,8.82,6.0,10.05,12.15,10.05
10,4,13,161.83,10.11,12.96,6.15,8.58,12.78,9.38,12.18,8.12,9.49,8.8,11.35,8.55,11.86,12.96,11.03,6.15,9.0,10.5,11.1
10,4,14,153.2,9.57,12.96,3.19,6.39,7.79,3.19,12.38,8.02,10.27,7.92,11.74,11.86,10.2,12.96,11.03,6.9,10.95,10.35,11.25
10,4,15,160.17,10.01,12.38,5.39,12.38,7.79,5.39,11.78,9.2,9.98,10.86,11.45,12.13,11.03,12.13,10.2,10.65,7.5,7.5,10.2
10,4,16,143.55,8.97,12.91,2.4,11.98,5.39,2.4,9.98,10.47,11.15,12.91,10.17,10.2,8.82,10.48,8.55,10.35,9.0,3.45,8.25
10,4,17,114.65,7.17,9.29,3.58,8.98,6.59,8.39,7.39,9.29,8.32,8.71,7.83,7.72,3.58,7.44,5.51,7.35,6.6,5.25,5.7
10,4,18,65.97,4.12,6.26,2.76,5.59,3.79,5.39,3.99,6.26,4.99,5.67,3.82,4.14,2.76,3.31,2.76,3.45,3.75,3.45,2.85
10,4,19,12.36,0.77,1.6,0.39,1.6,1.4,0.6,0.8,0.49,0.49,0.39,0.98,0.83,0.55,0.55,0.83,0.75,0.6,0.75,0.75
10,4,20,0.15,0.01,0.15,0.0,0.0,0.0,0.0,0.0,0.0,0.0,0.0,0.0,0.0,0.0,0.0,0.0,0.0,0.0,0.15,0.0
10,5,8,0.53,0.03,0.28,0.0,0.0,0.0,0.0,0.0,0.0,0.1,0.0,0.0,0.0,0.28,0.0,0.0,0.15,0.0,0.0,0.0
10,5,9,16.39,1.02,1.8,0.2,0.2,1.6,0.6,1.4,0.49,0.68,0.98,0.88,1.1,0.83,0.83,1.1,1.8,1.2,1.2,1.5
10,5,10,52.68,3.29,7.05,0.4,0.4,5.19,1.0,5.19,2.25,1.57,2.93,2.64,2.21,3.58,3.31,2.76,7.05,2.1,5.7,4.8
10,5,11,95.21,5.95,10.35,1.4,1.4,5.79,1.6,8.58,6.65,6.55,4.7,6.55,4.69,7.17,6.62,5.51,10.35,4.95,6.0,8.1
10,5,12,131.89,8.24,12.3,2.8,3.99,6.79,2.8,10.78,9.88,9.39,3.52,9.59,6.07,10.48,10.48,8.82,12.3,10.95,6.0,10.05
10,5,13,152.75,9.55,13.78,3.03,13.78,4.99,3.19,12.38,13.7,8.41,3.03,11.45,8.0,12.68,11.86,11.03,13.35,10.2,3.45,11.25
10,5,14,158.09,9.88,14.57,2.8,14.57,3.59,2.8,12.38,14.38,10.37,4.79,12.13,11.03,13.24,10.75,11.31,13.35,6.6,5.55,11.25
10,5,15,152.96,9.56,14.18,2.99,13.78,2.99,6.99,11.78,14.18,8.9,6.36,11.74,12.13,12.13,9.38,10.2,12.3,5.1,4.65,10.35
10,5,16,130.19,8.14,13.21,1.6,12.18,1.6,4.39,9.98,13.21,6.46,5.77,10.76,9.65,10.48,5.51,8.55,10.2,7.5,5.4,8.55
10,5,17,99.46,6.22,10.96,1.2,9.58,1.2,3.99,7.59,10.96,6.95,2.45,8.12,8.27,7.72,3.31,6.07,7.35,6.6,3.6,5.7
10,5,18,55.5,3.47,6.07,1.2,5.19,1.2,2.6,3.99,6.07,5.09,2.25,3.91,4.41,3.58,3.03,2.48,3.45,3.45,1.95,2.85
10,5,19,11.47,0.72,1.0,0.2,1.0,0.2,0.8,0.8,0.59,0.68,0.78,0.88,0.55,0.83,0.83,0.83,0.6,0.75,0.6,0.75
10,6,8,0.98,0.06,0.28,0.0,0.0,0.0,0.0,0.2,0.1,0.0,0.0,0.1,0.28,0.0,0.0,0.0,0.15,0.0,0.15,0.0
10,6,9,18.63,1.16,2.8,0.29,2.8,0.6,2.6,1.6,0.29,0.78,0.29,0.59,0.55,1.1,1.38,1.1,1.5,0.9,1.5,1.05
10,6,10,66.2,4.14,7.39,1.8,6.79,1.8,7.39,5.39,2.64,2.15,2.54,2.54,2.48,3.86,2.76,2.76,7.05,4.35,7.05,4.65
10,6,11,124.05,7.75,11.18,3.03,8.98,5.99,11.18,9.58,8.61,3.03,8.22,6.55,6.07,7.17,5.51,5.51,10.35,8.55,10.35,8.4
10,6,12,170.89,10.68,13.58,7.59,11.38,7.59,13.58,11.18,11.54,10.66,11.25,9.49,9.1,10.2,10.2,8.82,12.15,11.25,12.3,10.2
10,6,13,199.1,12.44,15.17,11.03,13.58,11.38,15.17,12.58,13.3,12.62,12.91,11.25,11.31,11.86,11.86,11.03,13.05,12.75,13.2,11.25
10,6,14,201.6,12.6,15.17,9.75,14.37,9.78,15.17,13.78,13.7,13.5,13.11,11.74,12.41,12.13,12.13,11.03,12.9,12.9,13.2,9.75
10,6,15,188.12,11.76,14.17,7.05,13.78,10.78,14.17,12.38,13.6,13.3,12.82,9.59,11.86,11.58,11.31,10.2,12.0,11.55,12.15,7.05
10,6,16,158.64,9.92,12.82,6.99,11.78,6.99,11.98,9.58,12.82,12.42,11.93,7.14,10.75,10.2,9.65,8.0,10.05,7.65,10.2,7.5
10,6,17,125.48,7.84,10.57,4.5,9.18,5.59,9.38,8.19,10.17,10.57,10.08,8.12,8.0,7.72,6.89,5.79,6.9,7.35,7.05,4.5
10,6,18,65.27,4.08,5.77,2.1,5.39,4.79,5.59,3.59,5.77,5.28,5.18,4.01,4.14,3.86,3.31,2.21,3.45,3.3,3.3,2.1
10,6,19,11.41,0.71,1.4,0.28,1.0,1.2,1.4,0.4,0.39,0.49,0.39,1.08,0.55,0.55,0.28,0.83,0.75,0.6,0.75,0.75
10,6,20,0.3,0.02,0.15,0.0,0.0,0.0,0.0,0.0,0.0,0.0,0.0,0.0,0.0,0.0,0.0,0.0,0.0,0.15,0.0,0.15
10,7,8,0.86,0.05,0.28,0.0,0.0,0.0,0.0,0.2,0.0,0.0,0.0,0.1,0.28,0.0,0.28,0.0,0.0,0.0,0.0,0.0
10,7,9,19.61,1.23,2.8,0.29,2.4,2.4,2.8,1.6,0.39,0.49,0.29,0.68,0.83,1.1,0.55,0.83,1.35,1.35,1.35,1.2
10,7,10,72.02,4.5,7.39,2.21,4.99,6.79,7.39,5.79,2.54,2.54,2.45,2.45,2.21,3.58,3.03,2.76,6.9,6.9,6.9,4.8
10,7,11,134.5,8.41,10.78,4.41,10.18,10.58,10.78,9.18,8.41,8.32,8.12,6.65,5.51,6.89,6.62,4.41,9.75,10.5,10.35,8.25
10,7,12,180.28,11.27,13.58,8.82,12.78,13.18,13.58,11.78,11.64,11.45,10.96,9.59,8.82,10.2,9.65,9.1,12.3,12.6,12.15,10.5
10,7,13,199.83,12.49,14.57,10.48,12.38,13.98,14.57,12.98,13.3,13.01,12.13,11.25,10.48,11.86,11.86,11.03,12.9,13.65,12.9,11.55
10,7,14,206.57,12.91,14.57,11.31,14.37,14.37,14.57,12.98,13.79,13.5,12.91,11.93,11.58,12.13,12.13,11.31,12.9,13.5,13.05,11.55
10,7,15,195.06,12.19,14.17,10.5,14.17,13.18,13.78,12.58,12.33,13.01,12.72,11.64,11.31,11.31,11.03,10.75,12.15,12.6,12.0,10.5
10,7,16,166.22,10.39,12.91,8.41,11.38,11.18,11.78,10.98,12.91,8.41,11.74,10.66,9.93,9.93,9.65,8.82,10.05,10.35,9.9,8.55
10,7,17,126.74,7.92,10.47,5.85,6.99,8.78,9.18,7.99,10.47,10.17,10.08,8.51,7.17,7.17,6.89,6.34,7.05,7.05,7.05,5.85
10,7,18,64.47,4.03,5.39,2.48,4.99,4.79,5.39,4.59,5.18,4.6,4.99,4.11,3.86,3.58,3.31,2.48,3.3,3.45,3.15,2.7
10,7,19,10.69,0.67,1.4,0.28,1.2,1.0,1.4,0.8,0.49,0.39,0.39,0.68,0.83,0.28,0.28,0.55,0.75,0.45,0.6,0.6
10,8,8,1.16,0.07,0.28,0.0,0.0,0.0,0.0,0.0,0.1,0.1,0.0,0.1,0.0,0.28,0.28,0.0,0.0,0.15,0.15,0.0
10,8,9,17.44,1.09,2.8,0.29,2.6,1.4,2.8,1.8,0.29,0.29,0.29,0.59,0.55,1.1,0.55,0.83,1.2,0.75,1.2,1.2
10,8,10,68.44,4.28,7.19,2.0,6.99,2.0,7.19,5.99,2.54,2.45,2.35,2.45,2.21,3.58,3.03,2.76,6.6,6.6,6.6,5.1
10,8,11,132.23,8.26,10.98,5.24,10.38,7.39,10.98,9.58,8.22,8.12,8.02,6.95,5.51,6.62,6.07,5.24,10.05,10.2,10.2,8.7
10,8,12,173.46,10.84,13.38,8.55,12.38,11.98,13.38,11.98,11.45,9.39,10.96,9.88,8.55,9.93,9.65,9.38,11.7,10.05,12.0,10.8
10,8,13,193.29,12.08,14.57,10.05,12.98,13.38,14.57,13.18,13.21,10.86,12.52,11.64,10.2,10.48,11.86,11.31,12.6,10.05,12.75,11.7
10,8,14,203.87,12.74,14.57,11.03,13.98,13.78,14.57,12.98,13.89,13.3,13.11,11.84,11.58,11.03,12.13,11.58,12.45,13.05,12.75,11.85
10,8,15,186.79,11.67,13.79,7.95,12.98,12.78,13.78,11.18,13.79,11.15,13.01,12.13,11.03,11.03,11.58,10.2,11.7,7.95,11.7,10.8
10,8,16,160.65,10.04,12.62,3.39,11.38,9.98,11.58,3.39,12.62,12.52,12.33,11.35,9.65,9.1,9.93,8.27,9.9,10.2,9.75,8.7
10,8,17,119.78,7.49,10.47,2.8,8.19,8.58,8.78,2.8,10.47,9.98,10.47,9.1,7.17,5.51,6.89,6.34,6.75,5.85,6.9,6.0
10,8,18,62.36,3.9,5.19,2.76,4.39,4.19,5.19,4.39,4.5,4.79,4.99,4.21,3.86,3.31,3.03,2.76,3.15,3.45,3.3,2.85
10,8,19,10.15,0.63,1.2,0.29,1.0,0.8,1.2,0.4,0.39,0.49,0.29,0.68,0.55,0.55,0.55,0.55,0.6,0.75,0.6,0.75
10,8,20,0.15,0.01,0.15,0.0,0.0,0.0,0.0,0.0,0.0,0.0,0.0,0.0,0.0,0.0,0.0,0.0,0.0,0.15,0.0,0.0
10,9,8,0.25,0.02,0.15,0.0,0.0,0.0,0.0,0.0,0.0,0.1,0.0,0.0,0.0,0.0,0.0,0.0,0.15,0.0,0.0,0.0
10,9,9,15.87,0.99,2.8,0.2,2.8,0.2,1.6,1.2,0.59,0.29,0.49,0.59,0.83,1.1,0.55,0.83,1.35,1.05,1.2,1.2
10,9,10,63.26,3.95,7.79,1.93,7.79,2.0,3.99,5.79,2.54,2.35,2.35,2.35,1.93,3.58,3.03,2.76,6.0,5.7,6.15,4.95
10,9,11,124.56,7.78,11.18,4.96,11.18,10.18,9.98,7.99,8.22,6.95,6.65,5.38,5.51,5.79,6.07,4.96,10.2,8.25,8.55,8.7
10,9,12,166.5,10.41,13.58,8.27,13.58,12.58,12.78,11.18,12.13,9.68,8.8,9.2,8.55,8.82,9.38,8.27,12.3,11.1,8.7,9.45
10,9,13,186.16,11.64,14.97,8.7,14.97,13.58,13.58,11.78,13.7,11.25,9.78,9.78,10.2,11.03,11.58,9.93,13.5,12.3,10.5,8.7
10,9,14,186.5,11.66,14.87,6.45,14.77,13.78,12.58,10.98,14.87,14.18,12.82,6.55,11.31,11.86,12.13,8.82,13.35,11.85,10.2,6.45
10,9,15,177.97,11.12,14.67,6.75,13.98,12.58,13.58,9.58,14.67,14.09,8.12,8.41,11.03,10.75,11.58,10.75,12.6,11.85,7.65,6.75
10,9,16,155.5,9.72,13.6,6.19,11.98,11.18,9.58,6.19,13.6,12.82,11.25,8.32,9.65,9.65,9.38,8.0,10.35,9.9,7.2,6.45
10,9,17,109.02,6.81,11.15,3.39,9.18,8.58,6.79,3.39,11.15,6.75,10.17,3.42,7.17,7.17,6.62,3.58,7.35,6.75,7.35,3.6
10,9,18,54.69,3.42,5.59,1.4,5.59,4.79,3.39,1.4,5.09,4.7,4.5,1.47,3.86,3.31,3.03,2.76,3.3,2.85,3.15,1.5
10,9,19,9.71,0.61,1.2,0.39,1.2,1.0,0.8,0.4,0.39,0.39,0.39,0.39,0.55,0.55,0.55,0.55,0.6,0.9,0.6,0.45
10,9,20,0.1,0.01,0.1,0.0,0.0,0.0,0.0,0.0,0.1,0.0,0.0,0.0,0.0,0.0,0.0,0.0,0.0,0.0,0.0,0.0
10,10,8,0.3,0.02,0.2,0.0,0.0,0.2,0.0,0.0,0.0,0.0,0.0,0.1,0.0,0.0,0.0,0.0,0.0,0.0,0.0,0.0
10,10,9,16.83,1.05,2.8,0.39,2.6,2.2,2.8,0.4,0.39,0.39,0.39,0.98,0.55,0.83,0.55,0.55,1.2,1.2,0.75,1.05
10,10,10,69.69,4.36,7.59,2.15,7.39,6.99,7.59,2.8,2.25,2.25,2.15,3.23,2.21,3.31,2.76,2.76,6.3,6.3,6.3,5.1
10,10,11,122.44,7.65,11.58,1.57,11.18,11.18,11.58,4.59,8.22,8.32,7.92,1.57,5.24,6.34,5.79,4.96,10.2,10.35,10.2,4.8
10,10,12,160.26,10.02,13.58,3.15,13.58,13.58,12.58,7.19,11.45,11.45,10.76,3.52,8.55,9.65,9.38,8.82,12.15,12.3,12.15,3.15
10,10,13,174.2,10.89,14.77,1.76,14.77,14.77,10.58,10.98,13.01,13.11,11.15,1.76,10.2,11.31,11.58,10.48,13.05,13.05,7.65,6.75
10,10,14,178.97,11.19,15.17,0.98,14.77,14.97,15.17,10.58,13.6,13.79,8.71,0.98,11.03,11.58,12.13,11.31,12.9,13.05,12.0,2.4
10,10,15,163.14,10.2,14.57,0.45,13.78,13.98,14.57,4.79,13.21,13.6,11.25,0.59,10.75,11.31,11.03,9.93,12.0,11.85,10.05,0.45
10,10,16,144.14,9.01,12.52,0.9,11.78,12.18,10.78,6.59,12.13,12.52,11.84,0.98,9.1,10.2,9.1,6.34,10.05,9.9,9.75,0.9
10,10,17,108.4,6.78,10.47,1.05,8.78,8.98,8.19,4.19,10.17,10.47,9.68,1.37,7.17,7.17,6.62,3.86,6.75,7.05,6.9,1.05
10,10,18,55.72,3.48,6.19,0.45,5.19,5.19,6.19,3.59,4.4,4.4,4.01,1.27,3.58,3.31,2.76,1.93,3.15,3.3,3.0,0.45
10,10,19,10.34,0.65,1.2,0.28,1.2,1.2,1.2,1.0,0.49,0.29,0.39,0.78,0.28,0.55,0.28,0.28,0.6,0.75,0.75,0.3
10,11,8,0.38,0.02,0.28,0.0,0.0,0.0,0.0,0.0,0.0,0.1,0.0,0.0,0.0,0.0,0.0,0.28,0.0,0.0,0.0,0.0
10,11,9,17.21,1.08,2.6,0.29,2.4,2.6,2.2,2.4,0.39,0.29,0.39,0.68,1.1,0.83,0.55,0.83,0.45,1.05,0.6,0.45
10,11,10,63.3,3.96,7.39,1.65,6.39,7.39,6.99,6.79,1.86,2.15,2.05,1.66,1.65,3.58,2.76,2.48,3.9,6.45,5.55,1.65
10,11,11,120.26,7.52,11.38,3.03,9.98,11.38,10.98,10.38,6.36,8.22,7.43,5.38,3.03,6.07,5.79,4.96,6.15,10.8,9.9,3.45
10,11,12,166.62,10.41,13.98,4.96,12.18,13.98,13.58,12.78,9.59,11.64,8.9,10.08,4.96,9.93,9.65,8.55,9.6,12.6,10.5,8.1
10,11,13,181.87,11.37,15.37,3.31,12.98,15.37,14.97,10.78,11.05,13.4,12.33,11.25,3.31,12.13,11.86,4.14,9.9,13.65,12.75,12.0
10,11,14,185.88,11.62,15.57,3.31,13.18,15.57,15.17,8.39,10.47,14.09,12.91,12.72,3.31,11.86,11.86,9.1,8.7,13.5,12.75,12.3
10,11,15,179.42,11.21,14.37,4.14,11.18,14.37,14.37,12.18,12.42,13.79,12.52,12.52,4.14,11.31,11.03,4.14,10.05,12.6,11.55,11.25
10,11,16,145.21,9.08,12.62,3.31,7.59,12.38,11.38,11.58,5.67,12.62,11.05,11.54,3.31,9.65,9.1,6.34,3.6,10.35,9.75,9.3
10,11,17,103.85,6.49,10.66,1.8,4.99,9.38,6.59,8.19,4.01,10.66,9.59,9.78,2.21,7.17,6.07,3.31,1.8,7.2,6.6,6.3
10,11,18,46.86,2.93,5.59,1.1,2.0,5.59,1.8,4.79,1.96,4.21,3.72,3.72,1.1,3.31,2.48,1.38,1.8,3.3,3.0,2.7
10,11,19,7.8,0.49,1.2,0.0,0.6,1.2,0.4,0.6,0.39,0.2,0.39,0.39,0.0,0.28,0.55,0.55,0.45,0.75,0.45,0.6
10,11,20,0.15,0.01,0.15,0.0,0.0,0.0,0.0,0.0,0.0,0.0,0.0,0.0,0.0,0.0,0.0,0.0,0.15,0.0,0.0,0.0
10,12,8,0.2,0.01,0.1,0.0,0.0,0.0,0.0,0.0,0.0,0.1,0.0,0.1,0.0,0.0,0.0,0.0,0.0,0.0,0.0,0.0
10,12,9,17.15,1.07,2.8,0.15,1.0,2.8,2.4,2.4,0.59,0.29,0.29,0.59,1.1,0.83,0.28,0.83,0.15,1.2,1.05,1.35
10,12,10,62.32,3.89,7.39,1.2,5.99,7.39,6.99,6.59,1.47,2.05,2.05,1.96,1.38,3.58,2.21,2.21,1.2,6.3,5.55,5.4
10,12,11,121.51,7.59,11.38,2.85,9.98,11.38,10.78,10.38,3.33,8.22,7.34,7.53,3.31,6.34,4.96,4.96,2.85,10.95,9.75,9.45
10,12,12,168.19,10.51,13.78,4.14,12.38,13.78,13.18,12.58,5.77,11.74,10.57,10.86,4.14,10.2,8.27,8.82,9.6,12.9,11.85,11.55
10,12,13,186.39,11.65,15.17,4.14,12.98,15.17,14.37,13.78,5.58,13.3,12.03,12.62,4.14,12.41,11.03,11.58,8.7,13.65,12.6,12.45
10,12,14,190.17,11.89,15.37,4.01,13.58,15.37,14.77,13.98,4.01,13.79,12.52,13.01,6.89,12.41,11.31,11.58,8.7,13.5,12.45,12.3
10,12,15,181.62,11.35,14.37,4.6,10.58,14.37,13.78,13.18,4.6,13.7,12.23,13.01,10.48,11.86,10.2,11.03,7.65,12.3,11.4,11.25
10,12,16,158.45,9.9,12.72,5.7,9.58,12.58,11.58,10.98,6.46,12.72,11.25,11.84,9.38,9.93,8.55,9.1,5.7,10.35,9.3,9.15
10,12,17,116.43,7.28,10.57,3.13,8.39,9.18,8.78,7.39,3.13,10.57,9.59,9.78,6.62,7.17,5.79,6.34,4.05,7.05,6.3,6.3
10,12,18,57.18,3.57,5.39,2.21,4.19,5.39,5.19,4.99,3.03,3.62,3.62,3.72,3.31,3.58,2.21,2.48,3.0,3.15,2.85,2.85
10,12,19,8.82,0.55,1.2,0.28,0.8,1.2,1.0,1.0,0.39,0.39,0.29,0.29,0.55,0.28,0.55,0.28,0.3,0.6,0.45,0.45
10,13,8,0.63,0.04,0.28,0.0,0.0,0.0,0.0,0.0,0.0,0.1,0.1,0.0,0.0,0.0,0.0,0.28,0.0,0.0,0.15,0.0
10,13,9,15.06,0.94,2.6,0.2,0.4,2.2,2.6,2.2,0.2,0.29,0.29,0.39,0.83,0.83,0.83,0.55,0.6,1.05,0.9,0.9
10,13,10,58.38,3.65,7.39,0.68,2.6,6.59,7.39,6.39,0.68,1.96,1.96,1.96,1.65,3.31,2.48,2.21,2.85,5.7,5.4,5.25
10,13,11,113.82,7.11,11.18,1.37,2.99,9.98,11.18,9.98,1.37,8.02,7.34,7.34,2.76,6.34,4.96,4.96,6.75,10.35,9.9,9.6
10,13,12,156.31,9.77,13.78,3.91,4.79,12.78,13.78,12.18,3.91,11.64,10.66,10.96,4.41,9.93,8.82,9.1,8.1,12.15,11.7,11.4
10,13,13,177.45,11.09,14.77,4.79,4.79,13.58,14.77,12.98,6.07,13.3,12.23,12.42,6.07,12.13,11.03,11.58,8.7,13.05,12.6,12.15
10,13,14,192.44,12.03,15.17,8.27,11.98,13.18,15.17,12.38,10.96,14.09,12.42,12.82,8.27,12.41,11.58,11.58,8.55,12.75,12.3,12.0
10,13,15,181.72,11.36,14.17,8.98,8.98,9.98,14.17,9.98,9.2,13.99,11.93,12.72,10.48,11.86,10.75,11.03,12.15,12.0,11.4,11.1
10,13,16,152.8,9.55,11.98,6.39,6.39,10.18,11.98,10.38,9.78,7.63,11.45,11.74,8.82,9.93,8.82,9.1,8.25,10.05,9.3,9.0
10,13,17,105.68,6.6,9.49,2.35,3.79,8.98,9.18,8.19,6.55,2.35,9.49,7.83,6.34,7.44,6.07,6.07,4.95,6.75,6.3,5.4
10,13,18,47.81,2.99,5.19,1.27,1.8,4.99,5.19,4.59,2.35,1.27,3.13,2.84,3.03,3.31,2.48,2.48,1.65,3.45,2.85,2.4
10,13,19,7.99,0.5,1.0,0.2,0.2,0.8,1.0,1.0,0.29,0.29,0.29,0.39,0.55,0.28,0.55,0.55,0.3,0.6,0.45,0.45
10,13,20,0.1,0.01,0.1,0.0,0.0,0.0,0.0,0.0,0.0,0.1,0.0,0.0,0.0,0.0,0.0,0.0,0.0,0.0,0.0,0.0
10,14,9,15.14,0.95,2.6,0.29,0.4,2.4,2.6,2.0,0.68,0.68,0.29,0.29,0.55,0.55,0.55,0.55,0.9,1.05,0.9,0.75
10,14,10,56.41,3.53,7.19,0.4,0.4,7.19,6.99,6.99,0.78,2.05,2.25,1.86,1.93,3.31,2.48,2.48,1.5,5.55,5.55,5.1
10,14,11,104.52,6.53,10.98,0.6,0.6,10.98,10.58,9.98,1.08,5.38,6.55,7.34,4.69,6.34,4.96,4.69,1.95,10.5,9.45,9.45
10,14,12,133.68,8.35,12.38,1.6,1.6,12.38,11.18,12.38,5.09,7.73,5.77,10.66,7.44,10.2,9.1,9.1,4.35,9.3,6.0,11.4
10,14,13,171.67,10.73,13.58,4.39,4.39,13.58,11.58,13.38,9.29,12.62,8.22,12.33,9.38,12.13,11.31,11.31,8.85,12.15,9.0,12.15
10,14,14,186.91,11.68,15.17,2.6,2.6,15.17,8.78,13.58,13.6,13.5,12.33,12.52,11.86,12.68,11.58,11.31,9.9,13.35,12.0,12.15
10,14,15,177.51,11.09,14.67,2.4,2.4,7.39,10.78,12.98,13.7,14.67,12.23,12.52,10.48,11.58,10.48,10.75,12.3,12.6,11.55,11.1
10,14,16,146.04,9.13,12.72,3.59,3.59,5.19,9.18,11.18,11.35,12.72,10.76,11.74,4.69,9.93,7.44,8.82,10.65,10.35,9.3,9.15
10,14,17,114.72,7.17,10.76,3.03,7.59,3.79,8.19,8.58,10.57,10.76,7.63,9.98,3.03,7.17,6.34,6.34,5.85,7.2,5.55,6.15
10,14,18,49.54,3.1,4.99,1.65,3.99,3.59,4.79,4.99,3.03,3.23,2.35,3.13,1.65,3.03,2.48,2.48,2.85,3.0,2.25,2.7
10,14,19,7.34,0.46,0.8,0.2,0.8,0.8,0.8,0.8,0.29,0.29,0.29,0.2,0.28,0.28,0.28,0.28,0.45,0.6,0.45,0.45
10,15,8,0.1,0.01,0.1,0.0,0.0,0.0,0.0,0.0,0.0,0.0,0.1,0.0,0.0,0.0,0.0,0.0,0.0,0.0,0.0,0.0
10,15,9,14.91,0.93,2.4,0.29,1.0,2.4,2.4,0.6,0.88,0.29,0.59,0.39,0.83,0.83,0.55,0.55,1.35,0.6,0.75,0.9
10,15,10,53.07,3.32,7.19,1.76,5.19,7.19,6.39,2.4,2.15,1.96,2.15,1.76,1.93,3.31,2.48,2.21,3.75,2.25,3.0,4.95
10,15,11,113.39,7.09,10.98,4.69,7.79,10.98,9.98,5.79,6.55,8.02,5.09,7.43,4.96,6.07,4.69,4.69,9.0,5.55,7.2,9.6
10,15,12,160.99,10.06,13.18,6.75,7.19,13.18,12.38,12.58,9.1,11.84,8.41,11.05,8.27,10.2,8.82,8.82,11.7,6.75,9.15,11.55
10,15,13,181.59,11.35,14.77,5.79,5.79,14.77,13.78,9.78,9.29,13.79,12.33,12.72,10.75,12.13,10.75,11.31,12.75,7.2,12.15,12.3
10,15,14,181.28,11.33,15.17,4.99,4.99,15.17,13.98,6.79,8.12,14.58,12.82,13.4,11.58,12.13,11.31,11.86,12.45,7.2,12.45,12.45
10,15,15,179.65,11.23,14.38,6.6,7.39,12.98,13.18,7.99,11.84,14.38,12.42,13.6,11.86,11.86,10.75,10.75,10.95,6.6,11.55,11.55
10,15,16,157.72,9.86,13.3,3.59,3.59,11.98,11.38,9.38,11.25,13.3,11.84,12.42,9.93,9.65,8.82,9.38,9.9,5.85,9.6,9.45
10,15,17,108.06,6.75,10.76,1.8,1.8,8.58,8.78,3.79,5.48,10.76,9.88,10.37,6.62,6.89,5.79,6.07,6.3,4.2,6.45,6.3
10,15,18,46.08,2.88,4.99,1.0,2.2,4.99,4.59,1.0,3.03,2.84,2.64,2.84,3.86,2.48,2.48,2.48,3.0,1.95,2.85,2.85
10,15,19,5.26,0.33,0.6,0.1,0.2,0.6,0.6,0.2,0.39,0.2,0.2,0.1,0.28,0.28,0.28,0.28,0.6,0.3,0.3,0.45
10,15,20,0.1,0.01,0.1,0.0,0.0,0.0,0.0,0.0,0.0,0.0,0.0,0.1,0.0,0.0,0.0,0.0,0.0,0.0,0.0,0.0
10,16,8,0.1,0.01,0.1,0.0,0.0,0.0,0.0,0.0,0.0,0.1,0.0,0.0,0.0,0.0,0.0,0.0,0.0,0.0,0.0,0.0
10,16,9,11.16,0.7,2.4,0.1,1.0,2.4,0.4,0.2,0.68,0.29,0.59,0.1,0.55,0.55,0.55,0.55,0.9,1.05,1.2,0.15
10,16,10,45.61,2.85,6.99,0.78,1.8,6.99,3.39,3.59,1.76,1.86,2.05,0.78,1.65,3.03,2.21,1.65,5.55,5.25,3.15,0.9
10,16,11,97.98,6.12,10.58,1.37,6.99,10.58,4.19,7.59,4.99,7.53,6.36,1.37,4.96,6.07,5.24,3.31,7.5,10.35,9.0,1.95
10,16,12,123.73,7.73,12.98,3.19,5.59,12.98,3.19,8.19,9.39,10.47,7.14,3.33,8.82,9.65,7.44,6.34,7.05,12.3,6.9,4.95
10,16,13,136.68,8.54,14.17,3.19,5.39,14.17,3.19,10.78,8.71,13.11,4.79,6.16,10.48,12.13,9.65,6.62,7.8,12.6,4.65,6.45
10,16,14,135.16,8.45,13.38,3.03,5.59,13.38,4.19,5.79,13.11,13.11,3.82,6.26,11.58,12.13,7.17,3.03,8.4,12.9,6.15,8.55
10,16,15,129.42,8.09,13.18,2.93,3.99,13.18,4.59,8.78,9.88,12.33,2.93,5.09,11.58,11.58,10.75,5.79,6.6,11.7,5.25,5.4
10,16,16,100.55,6.28,12.03,2.85,4.79,11.38,4.19,4.79,3.91,12.03,4.21,4.99,9.93,9.93,6.07,3.03,5.25,9.75,2.85,3.45
10,16,17,64.79,4.05,10.17,1.0,1.2,8.78,2.2,1.0,2.15,10.17,3.52,2.45,7.44,6.89,3.86,1.93,2.4,5.85,2.85,2.1
10,16,18,24.14,1.51,4.19,0.2,0.2,4.19,0.6,0.6,1.17,2.54,0.59,0.78,2.76,3.03,1.65,1.38,0.45,2.85,0.6,0.75
10,16,19,4.37,0.27,0.8,0.0,0.0,0.8,0.0,0.0,0.2,0.39,0.1,0.29,0.55,0.28,0.28,0.28,0.15,0.45,0.15,0.45
10,17,8,0.28,0.02,0.28,0.0,0.0,0.0,0.0,0.0,0.0,0.0,0.0,0.0,0.28,0.0,0.0,0.0,0.0,0.0,0.0,0.0
10,17,9,8.77,0.55,1.4,0.0,0.2,1.4,0.2,0.2,0.29,0.39,0.39,0.39,0.55,0.55,0.83,0.83,0.0,0.9,0.9,0.75
10,17,10,32.81,2.05,4.8,0.2,0.2,4.39,1.2,2.0,1.17,1.86,0.78,1.37,1.65,3.03,2.48,2.48,0.75,4.8,1.8,2.85
10,17,11,70.17,4.39,9.15,0.8,0.8,6.39,1.4,4.19,2.93,6.55,1.17,4.3,4.41,5.51,4.41,4.41,3.0,9.0,2.55,9.15
10,17,12,109.74,6.86,11.58,1.2,1.2,11.38,2.2,11.58,5.48,9.88,2.05,3.33,6.89,9.38,6.62,8.55,5.4,11.1,3.75,10.95
10,17,13,133.85,8.37,13.18,1.6,1.8,11.58,1.6,13.18,6.26,12.62,5.97,4.6,6.34,11.58,8.27,10.75,7.5,12.6,7.2,12.0
10,17,14,142.12,8.88,13.7,1.4,2.0,11.78,1.4,12.38,4.21,13.7,8.9,12.82,6.07,11.58,6.07,11.31,6.6,12.75,9.6,10.95
10,17,15,121.43,7.59,13.11,1.6,1.6,11.18,1.6,6.59,2.54,13.11,6.55,12.72,5.24,11.03,6.07,10.2,3.15,11.7,7.05,11.1
10,17,16,112.47,7.03,12.33,1.0,1.2,10.98,1.0,4.99,2.25,12.33,10.37,11.64,6.07,9.1,7.44,8.55,3.3,9.9,6.75,6.6
10,17,17,79.23,4.95,9.98,0.2,0.2,8.39,0.8,7.39,2.25,9.98,3.52,8.12,3.86,6.34,5.79,5.79,1.8,6.6,2.85,5.55
10,17,18,30.71,1.92,4.19,0.4,0.4,4.19,0.4,2.2,1.17,2.05,1.57,2.25,1.93,2.76,1.93,2.21,0.9,2.85,1.5,2.4
10,17,19,5.04,0.32,0.6,0.0,0.0,0.6,0.0,0.6,0.29,0.2,0.29,0.29,0.28,0.28,0.28,0.28,0.3,0.45,0.45,0.45
10,18,9,11.88,0.74,2.2,0.15,0.4,1.6,1.0,2.2,0.49,0.2,0.59,0.29,0.28,1.1,0.83,1.1,0.6,0.15,0.45,0.6
10,18,10,40.61,2.54,6.59,0.98,1.8,4.99,6.59,3.99,1.47,0.98,1.57,1.47,1.38,2.48,1.93,2.21,2.25,1.35,1.8,4.35
10,18,11,74.75,4.67,8.98,1.38,3.59,7.99,6.99,8.98,3.23,2.15,3.62,1.76,1.38,5.51,4.69,3.86,2.85,5.55,6.75,5.85
10,18,12,119.48,7.47,12.38,2.25,7.39,12.38,6.99,6.99,4.11,10.76,9.2,3.91,3.03,9.38,8.55,6.34,2.25,9.45,10.95,7.8
10,18,13,141.06,8.82,12.38,2.76,10.18,12.38,10.18,11.58,3.52,11.05,9.78,4.11,2.76,11.86,11.03,9.93,3.0,7.95,10.65,11.1
10,18,14,145.03,9.06,13.98,2.76,5.79,10.78,8.98,13.98,5.67,12.72,8.22,4.21,2.76,11.86,11.03,10.48,6.15,12.75,8.7,10.95
10,18,15,140.59,8.79,13.38,4.01,5.39,8.19,8.78,13.38,6.36,12.23,9.98,4.01,7.44,11.03,10.2,10.75,4.8,10.35,8.85,8.85
10,18,16,108.45,6.78,9.38,3.23,5.19,3.79,6.99,8.39,3.23,9.2,6.85,3.42,8.82,9.38,8.27,8.82,4.2,9.3,6.15,6.45
10,18,17,75.63,4.73,8.22,2.35,2.6,3.59,4.39,2.6,2.35,8.22,6.85,2.35,6.89,6.34,5.51,5.79,3.15,6.0,4.95,4.05
10,18,18,29.56,1.85,3.03,0.78,1.4,1.6,2.2,1.0,0.98,1.96,2.15,0.78,3.03,2.48,1.65,1.93,1.5,2.7,2.7,1.5
10,18,19,5.02,0.31,0.6,0.1,0.2,0.2,0.6,0.2,0.2,0.39,0.39,0.1,0.28,0.28,0.55,0.28,0.15,0.45,0.6,0.15
10,19,9,8.45,0.53,2.2,0.0,0.2,0.6,2.2,0.0,0.39,0.39,0.29,0.2,0.0,1.1,0.28,0.55,0.6,0.6,0.75,0.3
10,19,10,35.17,2.2,6.59,0.0,1.2,2.6,6.59,0.0,1.37,2.54,1.47,0.68,1.38,2.76,1.93,1.1,2.55,3.9,4.35,0.75
10,19,11,61.88,3.87,9.98,0.6,1.4,2.2,9.98,0.6,1.66,2.45,6.36,2.74,4.41,4.96,4.69,3.03,2.1,3.75,9.3,2.25
10,19,12,78.25,4.89,12.18,0.78,1.4,3.59,12.18,0.8,2.15,0.78,10.27,2.15,8.55,8.55,8.55,2.48,2.55,1.5,11.25,1.5
10,19,13,85.45,5.34,13.18,0.59,3.39,2.2,13.18,1.6,1.57,0.59,12.13,2.15,9.1,8.55,11.03,3.31,1.65,1.2,12.0,1.8
10,19,14,83.49,5.22,13.58,0.29,3.59,1.4,13.58,1.4,3.62,0.29,12.82,3.52,5.79,5.79,11.03,2.21,3.0,0.45,12.15,2.85
10,19,15,85.0,5.31,13.18,0.3,2.6,1.6,13.18,2.2,8.22,0.39,12.62,3.72,1.1,4.96,10.2,2.76,7.05,0.3,11.1,3.0
10,19,16,81.93,5.12,11.54,0.2,1.6,0.6,10.98,4.99,9.39,0.2,11.54,3.23,2.21,3.86,8.55,3.03,8.85,0.3,9.15,3.45
10,19,17,55.55,3.47,9.0,0.29,2.4,0.4,7.19,2.0,3.72,0.29,9.0,1.86,4.41,2.48,5.79,2.21,5.85,0.45,6.0,1.5
10,19,18,18.69,1.17,2.55,0.0,1.0,0.2,1.2,0.4,1.57,0.1,1.66,0.49,2.48,1.38,1.93,0.28,2.55,0.0,2.4,1.05
10,19,19,2.55,0.16,0.6,0.0,0.2,0.0,0.2,0.0,0.29,0.1,0.2,0.1,0.0,0.0,0.28,0.28,0.6,0.0,0.3,0.0
10,20,9,7.5,0.47,1.6,0.0,0.6,0.0,1.0,1.6,0.39,0.0,0.49,0.39,0.55,0.28,0.55,0.0,0.9,0.0,0.45,0.3
10,20,10,32.16,2.01,5.55,0.15,4.79,0.4,5.39,4.19,2.15,0.2,1.37,0.98,1.38,0.28,1.93,0.55,5.55,0.15,2.25,0.6
10,20,11,62.96,3.94,9.45,0.39,6.39,0.4,7.19,6.39,7.43,0.39,6.26,0.98,4.14,1.1,4.41,1.38,9.45,0.6,5.85,0.6
10,20,12,85.4,5.34,11.85,0.4,10.18,0.4,5.39,4.39,9.98,0.49,9.68,2.64,5.79,1.38,8.0,0.83,11.85,0.9,11.4,2.1
10,20,13,94.61,5.91,12.78,0.3,12.78,0.6,2.8,3.79,10.76,0.39,8.22,3.52,9.1,1.65,10.2,1.1,11.1,0.3,12.15,6.15
10,20,14,96.88,6.06,12.15,0.4,9.38,0.4,2.0,3.39,10.17,0.49,12.13,5.48,11.03,1.1,11.03,1.93,7.5,0.6,12.15,8.1
10,20,15,92.59,5.79,11.85,0.3,7.99,0.4,3.39,4.99,11.25,0.49,9.0,5.28,6.89,0.83,9.93,1.1,11.85,0.3,11.25,7.65
10,20,16,69.76,4.36,9.98,0.2,9.98,0.2,5.99,2.0,6.75,0.98,6.07,4.01,2.48,0.55,8.55,1.65,8.25,0.6,8.25,3.45
10,20,17,50.66,3.17,7.39,0.2,7.39,0.2,6.99,0.2,5.67,0.59,2.54,1.08,4.41,0.28,5.51,1.1,6.75,0.45,5.85,1.65
10,20,18,22.12,1.38,4.39,0.0,4.39,0.2,2.99,0.2,1.66,0.39,1.47,0.98,1.38,0.55,2.21,0.0,2.55,0.3,2.4,0.45
10,20,19,4.14,0.26,0.6,0.0,0.4,0.0,0.4,0.2,0.49,0.1,0.29,0.2,0.28,0.0,0.28,0.0,0.6,0.15,0.45,0.3
10,21,9,8.72,0.55,2.0,0.0,2.0,0.6,0.6,0.0,0.29,0.29,0.49,0.39,0.55,0.28,0.28,0.55,0.9,0.45,0.75,0.3
10,21,10,41.11,2.57,6.79,1.1,6.79,4.79,2.4,1.2,1.57,1.47,2.05,1.47,1.38,2.21,1.93,1.1,4.5,4.8,2.1,1.35
10,21,11,87.21,5.45,10.18,2.54,10.18,6.19,4.19,3.19,7.24,6.16,4.99,2.54,4.96,5.79,4.69,4.14,9.75,5.4,4.05,3.75
10,21,12,125.22,7.83,12.15,2.0,10.78,4.19,8.19,2.0,11.15,8.02,7.34,4.21,8.55,9.65,9.1,6.34,12.15,10.65,8.25,4.65
10,21,13,136.56,8.54,13.05,4.8,7.79,5.99,8.98,5.39,10.47,8.8,5.77,9.0,10.75,10.48,10.75,5.79,13.05,13.05,4.8,5.7
10,21,14,147.59,9.22,11.86,4.99,11.58,4.99,11.18,9.38,11.84,7.24,8.71,5.87,11.86,11.31,11.58,9.65,10.8,6.9,8.25,6.45
10,21,15,148.65,9.29,13.78,3.42,13.78,3.59,12.78,7.39,9.98,11.25,11.05,3.42,11.58,8.27,11.03,10.48,11.7,8.4,10.2,3.75
10,21,16,112.53,7.03,11.25,1.95,10.78,2.4,10.98,3.59,8.02,5.87,11.25,2.05,9.93,7.72,8.82,7.72,4.2,7.95,9.3,1.95
10,21,17,75.06,4.69,8.98,1.2,2.8,2.4,8.98,3.59,6.26,5.58,6.95,1.37,7.17,3.86,5.79,2.76,4.95,5.55,5.85,1.2
10,21,18,30.13,1.88,4.59,0.6,0.6,2.8,4.59,1.2,1.66,1.37,1.86,0.88,2.76,0.83,1.93,1.1,3.15,2.1,2.55,0.75
10,21,19,3.79,0.24,0.4,0.0,0.4,0.0,0.4,0.4,0.29,0.2,0.29,0.2,0.28,0.0,0.28,0.0,0.3,0.3,0.3,0.15
10,22,9,11.1,0.69,2.0,0.2,1.8,0.8,2.0,0.4,0.29,0.2,0.29,0.39,0.55,0.55,0.28,0.55,0.9,0.45,0.75,0.9
10,22,10,48.66,3.04,6.99,0.68,6.99,5.39,6.99,2.2,1.47,1.37,1.17,0.68,1.38,2.48,1.93,2.21,4.35,3.3,4.35,2.4
10,22,11,98.85,6.18,10.98,0.45,10.98,10.58,10.98,1.0,6.85,6.46,6.75,0.88,2.76,5.51,4.96,4.14,10.05,6.3,10.2,0.45
10,22,12,136.34,8.52,13.58,1.0,13.58,7.59,13.38,1.0,10.96,8.12,11.25,5.18,3.31,9.65,9.1,6.62,12.15,9.75,12.15,2.55
10,22,13,169.1,10.57,14.97,1.6,14.97,11.78,14.77,1.6,13.01,11.15,13.11,7.92,4.41,11.58,11.86,6.89,12.9,10.35,12.9,9.9
10,22,14,173.86,10.87,15.17,1.8,11.98,10.78,15.17,1.8,13.89,10.57,13.89,7.63,6.89,12.41,11.86,5.24,12.9,13.2,12.75,12.9
10,22,15,152.54,9.53,13.98,3.86,9.18,9.78,13.98,5.59,9.88,11.45,13.5,4.7,6.89,11.58,10.75,3.86,11.7,12.15,11.55,6.0
10,22,16,131.71,8.23,12.33,1.93,9.98,6.19,11.98,5.79,10.57,12.33,12.23,3.52,8.27,9.65,8.82,1.93,6.45,10.05,9.3,4.65
10,22,17,91.64,5.73,9.29,0.4,6.19,8.78,8.78,0.4,9.29,2.15,9.1,1.86,6.89,6.62,6.07,3.31,6.45,6.3,6.3,3.15
10,22,18,32.42,2.03,4.59,0.4,4.59,2.8,4.59,0.4,1.17,1.76,0.98,0.98,1.38,2.21,1.93,1.38,2.55,2.55,2.55,0.6
10,22,19,4.28,0.27,0.6,0.0,0.6,0.2,0.4,0.0,0.29,0.2,0.2,0.2,0.28,0.28,0.28,0.0,0.45,0.15,0.45,0.3
10,23,9,7.74,0.48,2.0,0.0,0.0,0.2,2.0,0.4,0.29,0.2,0.2,0.39,0.28,0.55,0.28,0.55,0.15,0.75,0.75,0.75
10,23,10,38.53,2.41,6.99,0.6,0.8,0.6,6.99,2.4,1.86,1.37,1.17,1.47,1.38,2.48,1.93,1.38,1.65,4.5,4.35,4.2
10,23,11,87.67,5.48,10.58,1.0,2.99,1.0,10.58,3.79,3.42,6.36,6.46,5.28,3.58,5.24,4.41,2.76,3.15,9.45,9.75,9.45
10,23,12,127.49,7.97,11.7,4.19,4.99,4.59,11.38,4.19,4.99,10.47,10.37,6.65,6.62,9.38,8.27,5.24,5.55,11.7,11.7,11.4
10,23,13,144.59,9.04,13.58,3.39,3.39,7.99,13.58,5.59,6.36,13.01,12.42,9.78,8.27,11.58,11.03,6.34,4.95,8.4,12.75,9.15
10,23,14,145.14,9.07,14.28,3.19,3.19,9.98,12.58,5.99,6.16,14.28,12.03,9.39,12.13,12.13,11.31,7.17,3.6,7.05,10.8,7.35
10,23,15,126.26,7.89,14.18,1.6,1.6,5.39,11.58,3.59,5.87,14.18,12.62,3.52,10.2,11.31,10.48,7.72,4.35,10.2,9.15,4.5
10,23,16,110.87,6.93,12.62,0.8,0.8,4.39,8.78,4.19,8.8,12.62,10.47,3.62,5.24,9.65,8.55,4.96,6.6,7.8,9.15,5.25
10,23,17,75.2,4.7,9.0,1.0,1.0,6.39,2.99,1.4,4.99,9.0,8.61,1.57,5.51,7.17,5.51,2.76,3.3,6.45,6.15,2.4
10,23,18,26.92,1.68,4.19,0.2,0.6,4.19,1.2,0.2,1.57,0.78,0.78,1.08,3.03,2.48,1.93,0.83,1.8,2.85,2.55,1.05
10,23,19,3.1,0.19,0.4,0.0,0.0,0.4,0.0,0.2,0.29,0.2,0.2,0.2,0.28,0.28,0.0,0.0,0.3,0.3,0.3,0.15
10,24,9,8.19,0.51,2.0,0.15,1.2,0.2,2.0,0.4,0.39,0.2,0.2,0.29,0.28,0.55,0.55,0.28,0.15,0.75,0.6,0.15
10,24,10,35.71,2.23,6.59,0.78,3.19,1.2,6.59,2.0,1.96,1.47,1.08,0.78,1.1,2.21,1.65,1.38,1.5,4.5,4.2,0.9
10,24,11,84.94,5.31,10.2,1.17,3.99,2.8,9.98,3.39,6.46,5.77,6.16,1.17,4.69,5.24,4.41,3.58,4.5,10.2,9.6,3.0
10,24,12,118.45,7.4,12.58,2.35,3.39,3.59,12.58,4.59,5.58,9.88,10.37,2.35,8.55,9.38,7.72,7.17,6.3,11.55,11.7,3.75
10,24,13,125.74,7.86,13.78,2.54,2.8,2.8,13.78,6.79,4.3,5.67,12.23,2.54,10.48,11.58,10.75,8.27,7.05,11.1,12.3,3.3
10,24,14,139.75,8.73,14.37,2.8,3.79,2.8,14.37,7.99,13.79,4.6,12.52,6.16,11.58,12.13,11.03,6.89,6.9,5.4,12.15,7.65
10,24,15,125.79,7.86,13.38,1.8,3.19,1.8,13.38,6.19,2.35,7.63,12.91,6.26,11.58,11.58,10.2,6.62,6.45,7.2,11.1,7.35
10,24,16,96.45,6.03,11.84,1.2,2.8,1.2,11.58,4.19,3.03,4.11,11.84,3.23,9.65,9.38,8.0,5.24,3.9,5.25,9.0,4.05
10,24,17,67.23,4.2,8.39,0.6,2.2,0.6,8.39,1.6,4.7,2.93,8.32,1.96,6.89,5.79,5.79,2.76,3.6,3.15,6.0,2.55
10,24,18,24.83,1.55,4.19,0.4,0.6,0.4,4.19,0.6,0.88,1.17,0.68,1.27,2.48,1.93,1.65,1.93,1.5,1.2,2.4,1.95
10,24,19,3.23,0.2,0.4,0.0,0.2,0.0,0.4,0.0,0.2,0.2,0.2,0.29,0.0,0.28,0.28,0.28,0.15,0.15,0.3,0.3
10,25,8,1.42,0.09,0.83,0.0,0.0,0.0,0.0,0.0,0.0,0.29,0.0,0.0,0.0,0.83,0.0,0.0,0.0,0.3,0.0,0.0
10,25,9,12.73,0.8,2.76,0.0,1.8,0.0,1.4,0.0,0.2,1.37,0.29,0.2,0.55,2.76,0.28,0.28,0.75,1.8,0.9,0.15
10,25,10,45.45,2.84,6.79,0.2,6.79,0.6,6.79,0.2,1.17,3.62,1.17,1.57,1.1,4.41,1.65,1.38,4.35,3.15,3.3,4.2
10,25,11,95.22,5.95,10.78,0.6,10.78,0.8,10.38,0.6,6.55,3.82,5.77,5.48,4.41,6.34,4.41,3.03,10.2,4.05,9.45,9.15
10,25,12,125.69,7.86,12.98,0.6,12.98,0.6,12.78,7.59,10.96,3.82,9.49,6.75,8.55,3.58,8.0,4.14,12.15,2.85,11.1,10.35
10,25,13,147.91,9.24,13.98,2.2,13.98,2.2,13.58,8.39,12.91,3.72,12.42,8.9,10.75,6.89,10.75,6.07,12.75,3.75,12.3,8.55
10,25,14,147.49,9.22,14.57,2.8,14.17,2.8,14.57,8.58,13.79,3.82,10.37,7.43,11.58,6.07,9.65,5.51,12.45,3.6,11.4,11.7
10,25,15,140.29,8.77,13.38,2.7,13.38,2.8,10.18,10.38,13.3,3.82,10.86,6.75,11.31,5.24,9.38,6.89,11.4,2.7,11.55,10.35
10,25,16,112.14,7.01,12.03,1.93,11.38,3.19,5.79,7.39,12.03,3.13,11.25,6.07,9.1,1.93,8.27,4.41,9.3,4.8,8.4,5.7
10,25,17,71.68,4.48,8.39,0.83,8.39,1.6,4.79,3.59,8.12,1.08,8.02,2.25,5.24,0.83,5.24,3.03,6.15,2.55,6.0,4.8
10,25,18,22.83,1.43,3.99,0.0,3.99,0.0,3.79,1.0,0.68,0.2,0.68,0.78,1.93,0.0,1.65,1.38,2.4,0.15,2.4,1.8
10,25,19,2.48,0.16,0.4,0.0,0.4,0.0,0.4,0.0,0.2,0.0,0.1,0.2,0.0,0.0,0.0,0.28,0.3,0.0,0.3,0.3
10,26,8,3.39,0.21,1.4,0.0,0.0,1.4,0.0,0.0,0.0,0.29,0.0,0.0,0.0,1.1,0.0,0.0,0.0,0.6,0.0,0.0
10,26,9,22.83,1.43,6.39,0.1,1.8,6.39,1.8,1.4,0.39,1.08,0.2,0.1,0.83,2.76,0.55,0.28,0.75,3.6,0.75,0.15
10,26,10,64.35,4.02,9.45,0.98,6.59,9.18,6.79,3.19,1.66,5.87,0.98,1.17,1.65,4.69,1.38,1.1,4.2,9.45,3.9,2.55
10,26,11,112.5,7.03,10.95,3.03,10.18,8.39,10.58,4.59,4.6,9.88,5.97,3.42,4.14,9.38,4.14,3.03,9.6,10.95,9.75,3.9
10,26,12,157.7,9.86,13.18,5.7,12.78,10.38,13.18,10.58,9.59,9.88,10.47,5.87,8.27,12.13,8.0,6.07,11.7,11.55,11.55,5.7
10,26,13,174.76,10.92,14.37,7.19,13.98,11.38,14.37,7.19,11.45,12.62,12.33,8.71,10.2,12.13,10.75,8.55,12.3,7.8,12.45,8.55
10,26,14,171.02,10.69,14.17,5.4,13.38,6.39,14.17,9.78,12.91,9.68,12.91,8.71,11.31,11.58,10.75,10.75,12.3,5.4,12.3,8.7
10,26,15,155.96,9.75,12.98,2.99,12.98,2.99,12.38,8.98,12.42,11.45,12.62,9.1,10.75,6.89,9.93,8.27,10.5,7.65,11.1,7.95
10,26,16,122.36,7.65,11.35,3.99,10.98,4.19,10.78,3.99,11.25,6.75,11.35,6.75,9.1,4.41,8.27,6.34,8.85,5.7,9.15,4.5
10,26,17,73.55,4.6,7.59,1.08,7.39,2.6,7.59,3.79,6.95,1.08,7.14,4.5,6.34,1.93,4.96,2.48,4.8,2.1,5.85,4.05
10,26,18,22.89,1.43,3.79,0.2,3.59,0.2,3.79,1.2,1.08,0.2,0.59,1.27,2.21,0.28,1.65,0.83,2.25,0.3,2.4,1.05
10,26,19,2.51,0.16,0.3,0.0,0.2,0.0,0.2,0.2,0.2,0.0,0.2,0.2,0.0,0.0,0.28,0.28,0.3,0.0,0.15,0.3
10,27,8,3.63,0.23,0.75,0.0,0.6,0.2,0.0,0.0,0.39,0.29,0.0,0.0,0.55,0.55,0.0,0.0,0.75,0.3,0.0,0.0
10,27,9,24.01,1.5,4.35,0.2,1.8,1.2,1.6,0.2,1.66,1.57,0.2,0.49,1.65,2.48,0.28,0.83,4.35,4.2,0.75,0.75
10,27,10,55.3,3.46,7.35,0.98,2.4,2.0,6.59,2.8,4.21,5.87,0.98,1.27,3.31,4.96,1.38,1.38,7.35,5.4,3.9,1.5
10,27,11,87.11,5.44,10.18,1.96,3.39,2.0,10.18,4.19,4.4,3.62,5.67,1.96,6.07,8.55,4.14,4.14,5.25,9.6,9.3,4.65
10,27,12,107.68,6.73,12.38,1.65,4.59,3.59,12.38,5.99,5.97,5.09,10.08,1.66,6.07,9.38,8.27,5.51,4.35,11.7,11.4,1.65
10,27,13,122.92,7.68,13.38,1.76,6.99,3.19,13.38,10.78,5.38,5.87,12.03,1.76,5.24,11.86,10.75,5.24,5.55,10.05,12.15,2.7
10,27,14,108.25,6.77,13.58,1.2,5.79,1.2,13.58,11.38,2.25,6.36,12.52,1.66,4.96,11.31,11.03,3.86,2.85,4.65,11.85,3.0
10,27,15,92.18,5.76,12.78,1.0,1.8,1.0,12.78,3.19,2.54,2.35,12.13,3.13,3.86,9.1,9.93,7.72,2.85,3.75,10.8,5.25
10,27,16,83.02,5.19,10.86,0.4,0.6,0.4,10.78,8.98,3.72,3.13,10.86,2.25,2.21,6.07,8.0,7.72,3.6,3.45,8.7,2.55
10,27,17,48.04,3.0,7.79,0.2,0.6,0.2,7.79,4.79,1.37,1.17,6.55,1.47,1.65,1.93,5.51,4.96,1.2,1.2,5.7,1.95
10,27,18,14.86,0.93,3.39,0.0,0.0,0.0,3.39,2.4,0.2,0.2,0.78,1.08,0.0,0.0,1.38,1.38,0.15,0.3,2.1,1.5
10,27,19,1.46,0.09,0.4,0.0,0.0,0.0,0.4,0.0,0.0,0.0,0.1,0.1,0.0,0.0,0.28,0.28,0.0,0.0,0.3,0.0
10,28,8,2.18,0.14,0.8,0.0,0.8,0.0,0.0,0.0,0.0,0.1,0.0,0.0,0.28,0.55,0.0,0.0,0.15,0.3,0.0,0.0
10,28,9,13.69,0.86,4.19,0.0,4.19,0.4,1.4,0.2,0.29,1.08,0.29,0.0,0.83,1.65,0.28,0.83,0.3,1.2,0.6,0.15
10,28,10,36.49,2.28,6.19,0.45,4.99,1.6,6.19,1.6,0.49,2.54,1.57,0.59,1.65,3.86,1.38,1.93,1.35,2.1,4.2,0.45
10,28,11,61.56,3.85,7.72,0.8,2.8,4.59,6.99,0.8,1.17,4.01,4.4,2.05,5.51,7.72,3.86,3.86,1.5,3.6,6.75,1.95
10,28,12,85.16,5.32,10.65,0.8,3.59,4.79,10.58,0.8,0.98,6.75,9.59,2.35,2.21,9.93,8.0,5.79,1.2,4.95,10.65,3.0
10,28,13,104.05,6.5,12.0,1.4,3.39,4.39,11.58,1.4,1.57,9.39,11.74,4.01,4.14,9.65,10.75,7.44,2.1,5.85,12.0,4.65
10,28,14,115.52,7.22,12.62,1.6,2.8,4.39,12.38,1.6,2.35,6.75,12.62,7.04,3.31,9.93,10.2,10.2,3.3,10.5,12.0,6.15
10,28,15,103.59,6.47,10.27,1.2,3.39,2.99,10.18,1.2,4.6,3.72,10.27,7.73,5.51,7.44,9.93,9.93,2.25,7.8,9.9,6.75
10,28,16,76.24,4.77,8.41,1.6,2.4,1.6,5.59,1.6,2.54,2.35,6.36,8.41,2.21,6.34,8.27,7.72,3.0,5.1,5.55,7.2
10,28,17,37.8,2.36,5.67,0.4,0.4,0.8,2.2,1.4,1.27,0.98,3.13,5.67,1.1,1.93,4.41,3.86,1.65,1.5,3.0,4.5
10,28,18,9.46,0.59,1.95,0.0,0.0,0.2,0.6,0.2,0.29,0.1,0.88,0.88,0.28,0.0,1.38,1.65,0.15,0.0,0.9,1.95
10,28,19,0.63,0.04,0.28,0.0,0.0,0.0,0.0,0.0,0.0,0.0,0.1,0.1,0.0,0.0,0.28,0.0,0.0,0.0,0.0,0.15
10,29,8,3.55,0.22,1.4,0.0,0.4,1.4,0.0,0.0,0.0,0.29,0.0,0.0,0.28,0.28,0.0,0.0,0.15,0.75,0.0,0.0
10,29,9,20.09,1.26,6.39,0.0,2.6,6.39,0.0,0.2,0.39,0.88,0.2,0.2,1.1,1.93,0.55,0.55,0.9,3.9,0.15,0.15
10,29,10,51.06,3.19,9.98,0.2,4.39,9.98,0.4,0.2,0.88,5.58,1.57,0.78,3.58,4.69,1.65,2.21,2.1,9.9,2.55,0.6
10,29,11,74.33,4.65,11.98,0.2,7.99,11.98,1.0,0.2,0.78,10.47,2.15,0.78,5.24,8.82,2.48,4.14,3.6,11.85,2.25,0.6
10,29,12,98.85,6.18,14.17,0.0,8.78,14.17,2.2,0.0,3.72,12.62,5.58,0.98,6.07,11.03,3.86,6.89,3.45,12.75,6.3,0.45
10,29,13,112.96,7.06,13.98,0.0,5.39,13.98,2.6,0.0,8.71,13.11,5.77,3.62,4.41,11.58,6.34,9.1,6.75,12.45,6.75,2.4
10,29,14,102.85,6.43,12.13,0.0,3.59,9.58,1.8,0.0,3.82,12.13,3.23,7.04,4.41,10.75,7.72,9.38,9.75,11.4,3.9,4.35
10,29,15,94.04,5.88,11.54,0.0,3.99,10.78,0.8,0.0,4.21,11.54,1.57,6.85,3.86,8.82,7.17,9.1,7.65,9.0,1.95,6.75
10,29,16,61.69,3.86,8.19,0.0,1.2,8.19,0.4,0.0,2.64,6.16,1.57,3.82,5.24,5.79,3.31,7.17,3.15,5.85,1.8,5.4
10,29,17,27.65,1.73,3.86,0.0,1.2,2.99,0.2,0.0,0.88,0.78,0.78,2.15,2.48,1.65,3.03,3.86,1.5,2.25,1.35,2.55
10,29,18,5.74,0.36,1.38,0.0,0.2,0.2,0.2,0.0,0.2,0.1,0.1,0.78,0.0,0.0,1.38,1.38,0.15,0.3,0.15,0.6
10,29,19,0.25,0.02,0.15,0.0,0.0,0.0,0.0,0.0,0.0,0.0,0.0,0.1,0.0,0.0,0.0,0.0,0.0,0.0,0.0,0.15
10,30,8,4.53,0.28,1.4,0.0,0.0,1.4,0.0,0.0,0.1,0.2,0.0,0.1,0.55,0.55,0.0,0.28,0.15,0.75,0.0,0.45
10,30,9,20.36,1.27,5.99,0.0,0.2,5.99,0.0,0.0,0.29,0.78,0.29,0.78,1.65,1.65,0.28,1.1,0.75,3.45,0.15,3.0
10,30,10,60.24,3.77,10.05,0.0,1.0,9.98,0.8,0.0,1.47,5.67,1.66,5.28,3.03,4.69,1.93,3.58,1.35,10.05,2.4,7.35
10,30,11,92.24,5.76,12.0,0.0,1.4,11.78,1.6,0.0,1.27,10.47,2.64,9.59,3.86,9.1,3.58,8.0,1.8,12.0,4.05,11.1
10,30,12,101.81,6.36,13.18,0.0,1.4,13.18,2.2,0.0,0.98,12.52,2.84,9.2,6.62,10.48,4.14,10.2,1.35,12.6,2.25,11.85
10,30,13,109.87,6.87,13.38,0.0,0.8,13.38,3.99,0.0,1.17,13.11,4.11,11.84,9.1,11.58,3.31,10.48,0.9,12.6,2.85,10.65
10,30,14,99.94,6.25,12.78,0.0,0.8,12.78,3.59,0.0,1.96,12.62,2.64,9.88,8.0,10.48,2.21,9.93,1.5,11.4,2.7,9.45
10,30,15,77.58,4.85,11.35,0.0,0.8,10.58,3.99,0.0,1.47,11.35,1.76,7.24,5.79,5.24,2.76,8.0,1.35,9.0,1.95,6.3
10,30,16,52.13,3.26,7.59,0.0,0.4,7.59,3.79,0.0,0.98,5.77,1.76,4.5,4.69,3.58,2.48,4.14,0.45,5.85,1.35,4.8
10,30,17,17.36,1.08,2.99,0.0,0.2,2.99,1.4,0.0,0.59,0.59,0.59,0.98,1.38,1.38,1.38,1.38,0.45,2.1,0.3,1.65
10,30,18,2.55,0.16,0.83,0.0,0.0,0.2,0.0,0.0,0.0,0.1,0.29,0.1,0.28,0.0,0.83,0.0,0.0,0.3,0.3,0.15
10,30,19,0.28,0.02,0.28,0.0,0.0,0.0,0.0,0.0,0.0,0.0,0.0,0.0,0.0,0.0,0.28,0.0,0.0,0.0,0.0,0.0
10,31,8,4.04,0.25,1.4,0.0,0.2,1.4,0.0,0.0,0.2,0.2,0.2,0.1,0.28,0.28,0.0,0.28,0.15,0.75,0.0,0.0
10,31,9,22.26,1.39,4.19,0.0,0.4,4.19,0.4,0.0,1.66,1.08,0.49,0.68,1.38,1.65,1.93,1.65,2.25,3.3,0.45,0.75
10,31,10,44.1,2.76,9.15,0.0,0.8,6.59,0.6,0.0,1.57,5.28,1.66,1.17,2.21,4.41,3.58,1.38,3.3,9.15,0.9,1.5
10,31,11,61.52,3.84,11.98,0.0,1.6,11.98,0.8,0.0,3.13,5.67,1.57,4.7,3.03,8.55,3.86,1.93,4.35,6.15,1.2,3.0
10,31,12,88.95,5.56,11.93,0.0,3.79,10.98,1.4,0.0,2.93,11.93,3.72,6.65,4.96,11.03,3.31,1.1,6.0,11.4,1.8,7.95
10,31,13,83.31,5.21,12.18,0.0,2.99,12.18,2.0,0.0,2.84,9.2,2.45,9.39,4.14,11.31,2.48,1.38,3.3,9.3,2.55,7.8
10,31,14,85.22,5.33,10.48,0.0,1.4,9.98,1.8,0.0,3.23,9.68,2.74,10.27,6.89,10.48,6.89,2.21,3.0,8.25,1.8,6.6
10,31,15,73.63,4.6,11.64,0.0,1.0,8.98,1.6,0.0,3.33,11.64,2.25,7.73,4.14,8.55,4.41,1.1,2.1,9.0,1.5,6.3
10,31,16,42.47,2.65,5.99,0.0,0.8,5.99,1.6,0.0,1.96,5.09,1.66,2.54,3.31,5.51,1.93,0.83,2.25,5.85,0.9,2.25
10,31,17,13.43,0.84,2.25,0.0,0.2,2.2,0.2,0.0,0.88,0.78,0.78,0.88,1.1,0.83,0.55,0.83,1.05,2.25,0.3,0.6
10,31,18,1.61,0.1,0.28,0.0,0.0,0.2,0.0,0.0,0.1,0.1,0.0,0.2,0.28,0.28,0.0,0.0,0.15,0.15,0.0,0.15
11,1,8,4.14,0.26,0.75,0.0,0.0,0.2,0.4,0.0,0.2,0.2,0.2,0.2,0.28,0.28,0.28,0.55,0.15,0.15,0.3,0.75
11,1,9,21.38,1.34,3.15,0.0,0.2,1.2,2.8,0.0,0.98,1.76,0.98,0.78,1.1,1.65,1.93,1.1,0.6,1.95,1.2,3.15
11,1,10,59.77,3.74,9.38,0.0,0.8,1.6,9.38,0.0,4.01,2.74,3.23,5.18,3.03,4.14,3.03,3.58,3.75,3.3,2.7,9.3
11,1,11,93.42,5.84,11.25,0.0,0.8,2.0,6.39,0.0,8.8,4.21,2.84,9.29,7.17,6.89,5.51,7.72,9.6,6.0,4.95,11.25
11,1,12,102.18,6.39,11.54,0.0,1.2,1.8,5.59,0.0,10.86,4.99,4.01,11.54,6.62,6.34,9.38,9.1,10.8,7.2,2.55,10.2
11,1,13,115.44,7.21,13.5,0.0,2.4,2.4,10.38,0.0,11.54,4.5,3.91,13.5,8.27,5.51,10.2,9.38,11.7,6.6,4.35,10.8
11,1,14,105.4,6.59,11.58,0.0,0.8,2.2,11.58,0.0,6.95,5.87,7.43,10.57,9.93,9.65,9.93,4.69,9.6,5.7,1.8,8.7
11,1,15,70.31,4.39,9.1,0.0,0.6,1.4,4.79,0.0,3.72,2.84,3.62,9.1,6.07,8.82,4.41,6.34,5.25,3.0,2.7,7.65
11,1,16,40.51,2.53,6.62,0.0,0.2,1.0,4.59,0.0,1.27,1.76,2.74,3.13,4.14,6.62,4.41,1.65,2.1,1.8,1.05,4.05
11,1,17,16.21,1.01,1.93,0.0,0.2,0.2,1.0,0.0,0.98,0.68,1.37,1.37,1.93,1.65,1.1,1.38,0.75,0.75,1.2,1.65
11,1,18,0.98,0.06,0.28,0.0,0.0,0.0,0.0,0.0,0.1,0.0,0.1,0.2,0.0,0.28,0.0,0.0,0.0,0.0,0.15,0.15
11,2,8,5.69,0.36,0.75,0.0,0.0,0.2,0.2,0.0,0.39,0.29,0.29,0.29,0.55,0.28,0.55,0.55,0.45,0.3,0.6,0.75
11,2,9,19.25,1.2,2.85,0.4,1.0,2.4,0.4,0.4,1.37,1.08,1.08,0.78,0.83,1.1,1.38,0.83,0.9,1.5,1.35,2.85
11,2,10,55.14,3.45,7.8,0.8,1.4,3.99,0.8,1.0,4.3,2.54,3.42,4.01,3.58,3.86,3.58,3.31,3.3,5.55,2.7,7.8
11,2,11,88.66,5.54,10.18,1.2,2.4,10.18,1.4,1.2,5.48,4.21,3.33,5.58,8.0,8.82,4.69,7.72,4.65,8.4,4.8,7.8
11,2,12,77.33,4.83,10.48,1.6,3.39,4.79,1.6,1.6,5.09,3.23,3.42,4.21,8.82,9.93,7.72,10.48,2.4,3.0,3.3,4.35
11,2,13,86.22,5.39,11.03,1.4,4.79,6.79,1.6,1.4,3.33,1.57,2.54,9.68,8.82,8.0,7.17,11.03,5.4,2.25,2.7,9.15
11,2,14,81.97,5.12,12.72,0.9,9.18,4.59,1.4,1.2,3.23,1.27,1.57,12.72,7.44,8.0,8.82,8.0,3.3,0.9,1.65,8.7
11,2,15,66.48,4.15,11.64,0.9,2.99,2.8,1.4,1.0,2.74,1.76,1.57,11.64,5.51,8.82,4.41,7.44,3.15,0.9,1.65,8.7
11,2,16,41.13,2.57,5.55,0.4,2.0,1.4,0.4,0.6,2.35,1.08,0.88,4.5,4.14,5.51,3.58,5.24,1.95,1.05,0.9,5.55
11,2,17,13.99,0.87,1.65,0.2,0.8,0.2,0.2,0.2,1.08,0.49,0.78,1.08,1.65,1.1,0.83,1.38,1.35,0.6,0.6,1.65
11,2,18,0.7,0.04,0.2,0.0,0.0,0.0,0.0,0.0,0.1,0.1,0.0,0.2,0.0,0.0,0.0,0.0,0.15,0.0,0.0,0.15
11,3,8,6.21,0.39,1.0,0.0,0.4,1.0,0.4,1.0,0.2,0.2,0.29,0.1,0.28,0.28,0.28,0.28,0.3,0.6,0.6,0.0
11,3,9,33.37,2.09,6.39,0.6,2.6,6.39,2.6,4.79,0.88,0.68,1.27,0.78,0.83,1.1,1.1,1.65,2.4,3.3,2.4,0.6
11,3,10,80.94,5.06,10.38,1.27,2.4,10.38,9.78,8.19,2.93,5.48,3.33,1.27,3.31,2.21,3.58,3.03,6.3,10.05,7.35,1.35
11,3,11,115.7,7.23,13.18,1.8,4.59,13.18,9.78,10.58,3.82,10.96,7.43,2.93,4.69,4.69,8.27,3.58,7.5,12.3,9.6,1.8
11,3,12,129.48,8.09,14.17,2.7,6.39,14.17,8.19,11.18,3.62,13.5,9.0,4.5,6.07,6.07,9.93,3.86,8.4,13.2,8.7,2.7
11,3,13,140.23,8.76,14.77,1.65,4.39,14.77,10.18,13.98,4.4,14.18,8.9,4.79,9.93,6.62,10.2,5.79,7.2,13.05,10.2,1.65
11,3,14,136.46,8.53,13.89,1.95,10.18,13.38,9.98,12.78,5.67,13.89,10.08,3.23,7.72,3.86,9.65,6.34,5.25,12.0,10.5,1.95
11,3,15,117.07,7.32,12.42,2.21,6.39,11.38,6.19,10.38,10.08,12.42,8.61,3.03,2.21,5.79,7.72,6.62,3.75,9.45,9.3,3.75
11,3,16,62.69,3.92,8.19,0.4,0.4,8.19,2.99,6.99,4.4,4.4,1.27,1.86,3.86,3.31,5.51,3.31,5.1,6.0,3.6,1.5
11,3,17,22.16,1.38,2.99,0.0,0.0,2.8,1.4,2.99,0.68,0.59,0.88,0.68,0.83,1.38,1.38,1.65,1.8,2.1,2.1,0.9
11,3,18,0.98,0.06,0.28,0.0,0.0,0.0,0.0,0.2,0.0,0.1,0.1,0.0,0.28,0.0,0.0,0.0,0.15,0.15,0.0,0.0
11,4,8,7.26,0.45,1.0,0.0,0.0,0.4,1.0,0.8,0.29,0.49,0.2,0.29,0.28,0.55,0.28,0.28,0.15,0.9,0.75,0.6
11,4,9,34.2,2.14,6.39,0.2,0.2,0.8,6.39,6.39,1.47,1.27,0.49,0.68,1.65,2.21,1.1,1.65,1.8,2.4,2.85,2.85
11,4,10,80.75,5.05,10.38,0.8,0.8,1.6,10.38,10.18,3.52,2.93,5.28,5.09,1.93,3.03,3.58,3.03,7.65,2.85,9.6,9.3
11,4,11,120.7,7.54,12.98,1.2,1.2,3.99,12.98,12.18,8.61,2.84,9.78,10.47,3.03,3.58,8.0,7.44,8.7,4.95,11.55,11.4
11,4,12,123.12,7.7,13.78,1.66,1.8,5.79,13.78,13.38,6.55,1.66,6.95,12.91,4.96,6.62,9.65,6.07,7.5,3.0,10.35,12.15
11,4,13,125.83,7.86,13.6,2.1,4.19,6.59,11.98,13.58,5.77,2.25,12.91,13.6,3.03,6.07,8.55,2.21,9.15,2.1,11.85,12.0
11,4,14,117.33,7.33,13.58,2.64,4.19,6.99,13.58,12.78,2.64,3.23,11.84,13.11,5.24,6.34,4.96,3.03,3.9,2.85,11.55,11.1
11,4,15,95.03,5.94,12.23,1.0,1.0,2.6,10.18,10.78,2.84,3.33,12.23,11.45,3.58,3.31,8.0,2.48,2.55,2.55,9.3,8.85
11,4,16,57.68,3.6,7.79,1.38,1.6,2.8,6.59,7.79,1.86,2.45,3.91,3.72,2.21,2.76,4.41,1.38,2.4,2.85,5.85,5.1
11,4,17,20.27,1.27,2.8,0.39,0.4,0.4,2.8,2.4,0.68,1.17,0.39,0.49,1.65,0.83,1.38,1.38,1.2,1.05,2.1,1.95
11,4,18,1.48,0.09,0.28,0.0,0.0,0.0,0.0,0.2,0.1,0.1,0.1,0.1,0.0,0.28,0.0,0.0,0.15,0.15,0.15,0.15
11,5,8,5.78,0.36,1.0,0.0,0.2,0.0,1.0,0.0,0.39,0.1,0.2,0.1,0.55,0.28,0.28,0.28,0.75,0.15,0.75,0.75
11,5,9,26.25,1.64,6.59,0.15,2.6,2.2,6.59,0.8,1.17,0.29,0.39,0.49,0.83,0.83,0.83,0.83,2.7,0.15,2.85,2.7
11,5,10,73.29,4.58,10.38,0.68,3.79,1.6,10.38,2.0,4.79,0.68,4.99,4.99,3.31,1.65,3.58,3.03,6.75,2.4,9.9,9.45
11,5,11,116.88,7.31,12.78,0.83,6.79,2.99,12.78,1.6,8.51,1.86,10.57,10.27,7.44,0.83,8.0,7.44,9.3,4.95,12.15,11.4
11,5,12,132.47,8.28,14.37,0.55,4.19,2.99,14.37,2.2,8.02,3.33,12.82,12.42,8.55,0.55,11.03,10.75,8.55,7.2,13.05,12.45
11,5,13,136.93,8.56,14.57,0.55,4.79,3.59,14.57,1.4,7.24,4.79,13.6,13.01,9.93,0.55,11.03,11.03,10.2,6.3,12.9,12.0
11,5,14,133.6,8.35,13.58,0.28,7.39,5.79,13.58,2.2,10.08,6.16,13.3,12.62,7.72,0.28,10.2,9.93,6.6,5.1,11.7,10.95
11,5,15,115.34,7.21,11.84,0.28,10.58,1.0,11.18,3.19,9.98,5.48,11.84,11.35,5.24,0.28,8.27,8.0,7.65,3.45,9.15,8.7
11,5,16,59.52,3.72,7.99,0.2,2.6,0.2,7.99,2.6,4.01,1.37,3.42,3.42,3.58,0.83,5.51,5.24,6.0,1.5,5.7,5.55
11,5,17,17.63,1.1,2.8,0.2,1.0,0.2,2.8,1.2,1.27,0.49,0.39,0.39,1.38,0.28,1.1,0.83,1.8,0.45,2.1,1.95
11,5,18,1.03,0.06,0.28,0.0,0.0,0.0,0.0,0.0,0.1,0.0,0.1,0.1,0.0,0.0,0.0,0.28,0.15,0.0,0.15,0.15
11,6,8,4.72,0.3,1.0,0.0,0.0,0.0,1.0,0.6,0.39,0.0,0.1,0.29,0.28,0.28,0.28,0.0,0.3,0.0,0.6,0.6
11,6,9,23.72,1.48,6.39,0.0,0.4,0.0,6.39,3.39,1.17,0.1,0.49,0.59,0.83,1.65,0.83,0.83,1.8,0.15,2.85,2.25
11,6,10,73.34,4.58,10.78,0.8,0.8,1.6,10.78,8.78,3.13,1.37,4.89,4.01,3.31,3.31,3.58,3.03,7.05,1.5,10.05,6.15
11,6,11,106.58,6.66,13.58,0.88,4.19,1.4,13.58,10.58,4.21,0.88,10.76,7.43,7.17,3.31,8.0,7.17,5.1,1.5,12.3,9.0
11,6,12,114.79,7.17,14.97,0.4,4.59,0.4,14.97,4.39,9.68,0.59,13.11,4.6,6.89,4.41,11.31,10.75,5.85,0.9,13.2,9.15
11,6,13,110.65,6.92,15.17,1.2,2.99,1.2,15.17,2.4,7.63,1.27,13.89,3.13,8.82,3.31,11.31,11.03,8.25,1.2,12.9,6.15
11,6,14,100.07,6.25,13.98,0.55,2.4,0.6,13.98,4.19,5.97,1.27,13.5,4.11,7.44,0.55,10.48,9.93,5.55,1.35,11.55,7.2
11,6,15,75.45,4.72,12.13,0.2,1.6,0.2,11.78,3.59,3.23,1.76,12.13,2.45,2.76,1.1,8.55,8.0,1.8,1.5,9.45,5.55
11,6,16,51.09,3.19,8.39,0.2,0.8,0.2,8.39,2.2,2.84,2.74,3.13,2.15,2.48,0.83,5.24,5.24,2.1,3.9,5.85,3.0
11,6,17,14.81,0.93,2.6,0.0,0.0,0.0,2.6,0.6,0.98,0.68,0.29,1.17,0.28,0.28,1.1,0.83,1.65,0.9,2.1,1.35
11,6,18,1.06,0.07,0.28,0.0,0.0,0.0,0.0,0.0,0.0,0.0,0.1,0.1,0.28,0.0,0.0,0.28,0.0,0.0,0.15,0.15
11,7,8,5.4,0.34,0.8,0.0,0.4,0.6,0.8,0.4,0.2,0.29,0.1,0.1,0.0,0.28,0.28,0.0,0.45,0.6,0.75,0.15
11,7,9,32.24,2.01,6.19,0.49,4.59,4.39,6.19,1.2,0.98,1.08,0.49,0.88,0.83,1.1,0.83,0.83,2.7,2.7,2.7,0.75
11,7,10,83.17,5.2,10.58,0.2,3.59,9.58,10.58,0.2,4.21,4.21,4.7,3.03,3.31,4.14,3.31,2.76,8.25,9.3,9.6,2.4
11,7,11,134.36,8.4,12.78,0.4,6.79,11.38,12.78,0.4,9.88,4.89,10.17,6.36,7.72,8.0,7.72,7.17,11.55,10.65,12.0,6.9
11,7,12,167.4,10.46,14.17,1.2,13.18,8.58,14.17,1.2,10.86,12.42,12.82,3.03,10.2,11.58,11.31,10.2,11.4,12.3,12.75,11.4
11,7,13,147.97,9.25,14.57,0.6,12.18,5.59,14.57,0.6,11.05,6.46,13.3,5.77,11.31,11.03,11.31,10.75,8.4,3.3,12.75,9.6
11,7,14,134.23,8.39,13.78,1.4,7.79,4.59,13.78,1.4,7.24,2.74,13.21,8.22,11.03,10.75,9.93,9.65,9.75,3.3,11.4,9.45
11,7,15,100.17,6.26,11.64,0.2,3.59,1.6,11.38,0.2,9.0,1.57,11.64,4.5,9.38,8.82,8.27,7.72,7.5,2.25,9.15,3.6
11,7,16,56.68,3.54,8.19,0.4,4.19,0.6,8.19,0.4,2.54,0.98,2.64,1.86,6.07,5.51,5.24,4.96,4.95,1.2,5.7,1.65
11,7,17,15.45,0.97,2.4,0.0,1.4,0.2,2.4,0.0,0.78,0.39,0.39,0.68,1.38,1.1,1.1,0.83,1.95,0.6,1.8,0.45
11,7,18,0.88,0.06,0.3,0.0,0.0,0.0,0.0,0.0,0.1,0.0,0.1,0.1,0.0,0.28,0.0,0.0,0.0,0.0,0.3,0.0
11,8,8,4.67,0.29,0.6,0.0,0.4,0.2,0.4,0.0,0.29,0.1,0.1,0.39,0.28,0.0,0.28,0.28,0.6,0.15,0.6,0.6
11,8,9,28.36,1.77,6.19,0.0,6.19,0.0,5.59,0.6,1.08,1.08,0.49,1.08,0.55,1.1,0.55,1.65,1.8,1.35,2.4,2.85
11,8,10,70.32,4.39,10.78,0.6,10.18,0.8,10.78,1.6,4.5,1.08,4.4,2.25,3.31,3.58,3.03,2.76,7.8,0.6,9.3,4.35
11,8,11,107.14,6.7,12.58,1.05,12.58,1.4,5.39,5.99,9.1,2.74,9.29,2.45,7.72,8.27,7.44,7.17,11.55,1.05,11.55,3.45
11,8,12,129.64,8.1,14.37,1.08,14.37,2.2,10.78,9.38,11.45,3.13,10.96,1.08,10.48,9.93,10.48,8.55,12.0,2.25,11.25,1.35
11,8,13,135.49,8.47,14.77,0.45,14.77,3.19,14.17,7.59,12.91,4.11,12.62,1.08,11.03,8.82,10.75,10.75,10.35,3.9,9.0,0.45
11,8,14,119.34,7.46,12.98,0.75,12.78,1.6,12.98,2.4,11.84,7.14,7.43,2.54,11.03,10.48,10.2,8.82,9.3,5.1,4.95,0.75
11,8,15,106.31,6.64,10.76,1.0,10.58,1.0,10.58,3.59,9.78,5.18,10.76,1.96,9.1,6.89,8.0,4.14,9.15,4.5,9.15,1.95
11,8,16,60.97,3.81,7.59,1.0,3.39,3.39,7.59,1.0,2.84,2.15,2.64,2.54,6.07,3.86,5.24,3.31,5.4,4.05,4.05,3.45
11,8,17,18.49,1.16,2.0,0.39,1.0,1.2,2.0,0.6,0.68,0.98,0.39,0.88,1.1,1.1,0.83,0.83,1.8,1.65,1.95,1.5
11,8,18,0.85,0.05,0.2,0.0,0.2,0.2,0.0,0.0,0.0,0.1,0.1,0.1,0.0,0.0,0.0,0.0,0.15,0.0,0.0,0.0
11,9,8,4.23,0.26,0.6,0.0,0.0,0.0,0.6,0.6,0.29,0.2,0.1,0.1,0.28,0.28,0.28,0.0,0.3,0.45,0.6,0.15
11,9,9,26.07,1.63,5.79,0.4,0.4,0.6,5.79,5.39,1.47,0.98,0.49,0.68,0.83,1.38,0.83,1.38,1.35,1.65,2.25,0.6
11,9,10,73.28,4.58,9.98,1.2,1.2,2.2,9.98,9.58,4.21,3.52,4.11,4.01,3.03,3.58,2.48,3.03,4.95,4.65,8.7,4.05
11,9,11,116.06,7.25,12.58,1.0,1.0,3.79,12.58,11.58,6.36,9.49,9.49,7.43,7.44,8.0,7.17,2.48,6.3,7.65,10.95,4.35
11,9,12,149.03,9.31,13.58,1.2,1.2,11.18,13.58,12.78,6.55,9.39,12.13,10.76,9.38,10.75,10.2,1.38,10.35,12.0,11.85,5.55
11,9,13,138.53,8.66,14.17,1.2,1.2,11.38,14.17,12.98,4.11,9.59,12.82,12.82,10.75,8.0,10.75,2.21,6.15,6.3,11.55,3.75
11,9,14,121.58,7.6,13.18,0.6,0.6,2.0,13.18,12.18,3.72,6.85,12.33,13.01,10.48,8.27,9.65,4.41,3.0,9.0,10.5,2.4
11,9,15,115.06,7.19,11.35,1.0,1.0,6.59,10.78,10.18,3.62,11.35,10.57,10.76,8.55,8.55,8.0,2.76,1.35,8.1,8.1,4.8
11,9,16,62.04,3.88,7.79,1.2,1.8,5.99,7.79,7.59,2.45,2.25,2.05,2.35,3.31,4.41,4.69,2.21,1.2,5.85,5.25,2.85
11,9,17,17.08,1.07,2.0,0.39,1.0,1.2,2.0,1.8,0.68,0.49,0.39,0.39,1.1,1.1,0.83,0.55,0.6,1.95,1.65,1.35
11,9,18,1.71,0.11,0.28,0.0,0.0,0.0,0.2,0.2,0.0,0.1,0.1,0.1,0.0,0.28,0.0,0.28,0.0,0.15,0.15,0.15
11,10,7,0.6,0.04,0.6,0.0,0.0,0.0,0.0,0.6,0.0,0.0,0.0,0.0,0.0,0.0,0.0,0.0,0.0,0.0,0.0,0.0
11,10,8,8.3,0.52,5.39,0.0,0.2,0.2,0.4,5.39,0.1,0.2,0.1,0.1,0.28,0.0,0.28,0.0,0.3,0.0,0.6,0.15
11,10,9,32.42,2.03,9.58,0.39,0.4,1.6,5.79,9.58,1.57,0.49,0.39,0.59,1.1,1.1,1.93,0.83,2.4,1.05,2.25,1.35
11,10,10,83.95,5.25,11.58,2.4,2.4,6.59,9.78,11.58,4.5,4.3,4.11,4.11,3.03,3.86,2.76,2.48,6.0,2.55,9.0,6.9
11,10,11,135.3,8.46,12.78,2.4,2.4,12.18,12.38,12.78,7.34,7.63,9.29,9.2,6.62,7.72,6.34,6.62,8.55,4.05,11.25,10.95
11,10,12,158.35,9.9,13.58,2.0,2.0,13.18,13.58,12.98,4.5,11.84,12.03,11.93,9.1,11.03,9.38,10.2,6.75,5.85,12.3,11.7
11,10,13,157.33,9.83,13.58,1.8,1.8,13.38,13.58,12.18,3.62,12.72,12.72,12.52,8.82,11.03,9.38,10.48,4.05,7.5,12.0,11.55
11,10,14,150.53,9.41,12.72,1.0,1.0,12.18,12.58,10.18,2.93,12.72,12.33,12.33,7.72,9.93,9.65,9.93,4.35,11.4,10.8,10.5
11,10,15,119.4,7.46,10.47,0.6,0.6,8.78,10.38,7.59,3.72,10.47,10.17,10.37,4.14,8.27,7.17,7.44,4.65,9.0,8.4,8.25
11,10,16,61.83,3.86,7.39,0.4,0.4,7.39,7.19,1.8,3.82,1.86,1.86,1.76,2.21,4.69,4.69,4.96,3.15,5.55,5.4,5.1
11,10,17,15.58,0.97,1.95,0.0,0.0,1.8,1.8,0.2,0.98,0.39,0.39,0.39,0.55,1.1,0.83,0.55,1.2,1.95,1.65,1.8
11,10,18,1.31,0.08,0.28,0.0,0.0,0.0,0.0,0.0,0.0,0.1,0.1,0.1,0.0,0.28,0.0,0.28,0.15,0.0,0.15,0.15
11,11,8,4.19,0.26,0.75,0.0,0.2,0.4,0.4,0.4,0.2,0.2,0.1,0.1,0.28,0.28,0.28,0.0,0.0,0.75,0.15,0.45
11,11,9,30.2,1.89,5.39,0.2,0.2,4.39,5.39,5.39,1.08,1.37,1.08,0.39,1.1,1.1,0.83,0.83,0.9,2.85,1.2,2.1
11,11,10,79.67,4.98,9.78,1.2,1.2,9.38,9.78,9.78,3.03,3.52,1.96,4.11,2.48,3.31,2.21,2.21,3.9,6.15,7.95,8.7
11,11,11,108.06,6.75,12.38,2.4,2.4,8.98,12.18,12.38,3.82,4.4,3.62,9.39,2.48,7.72,6.62,6.62,3.0,4.5,8.85,11.1
11,11,12,134.28,8.39,13.58,2.8,2.8,5.59,13.58,13.58,4.5,10.17,6.36,12.33,3.58,10.48,10.48,9.93,3.15,9.9,5.85,12.0
11,11,13,155.57,9.72,13.98,3.03,7.19,8.39,13.38,13.98,7.24,8.8,12.62,12.72,3.03,8.82,8.0,10.75,6.6,10.95,11.25,11.85
11,11,14,151.31,9.46,12.98,3.31,6.39,9.38,12.58,12.98,10.27,8.41,12.13,12.52,3.31,6.62,8.82,9.65,9.6,7.65,10.5,10.5
11,11,15,116.82,7.3,10.78,1.65,9.38,4.79,10.38,10.78,7.92,4.4,9.88,10.17,1.65,6.34,7.44,7.44,5.4,4.5,8.25,8.1
11,11,16,69.96,4.37,7.59,1.66,6.99,3.79,7.19,7.59,2.35,2.74,1.86,1.66,4.41,3.58,4.96,4.69,4.8,3.45,4.95,4.95
11,11,17,17.8,1.11,1.8,0.2,1.6,0.2,1.4,1.6,0.98,1.17,0.59,0.39,1.38,0.83,0.83,0.83,1.5,1.05,1.65,1.8
11,11,18,1.13,0.07,0.28,0.0,0.0,0.0,0.0,0.2,0.1,0.0,0.1,0.0,0.0,0.0,0.28,0.0,0.15,0.15,0.0,0.15
11,12,8,4.44,0.28,0.55,0.1,0.2,0.2,0.4,0.2,0.2,0.2,0.1,0.2,0.28,0.55,0.28,0.28,0.45,0.15,0.45,0.3
11,12,9,30.34,1.9,5.19,0.49,2.4,2.4,4.99,5.19,0.78,0.59,0.68,0.49,0.55,2.21,0.83,0.83,2.25,1.95,2.1,2.1
11,12,10,89.84,5.62,9.58,2.21,4.59,5.59,9.58,9.18,3.91,4.01,3.72,3.82,2.76,4.96,2.21,2.21,8.4,8.4,8.25,8.25
11,12,11,126.58,7.91,11.98,2.4,2.4,6.99,11.98,11.58,2.54,9.59,8.61,8.9,7.44,5.79,6.62,6.34,4.95,11.4,10.8,10.65
11,12,12,152.01,9.5,13.58,2.99,2.99,7.99,13.58,12.58,3.23,11.45,11.64,11.54,9.65,9.38,9.65,9.93,3.9,11.4,11.7,11.4
11,12,13,160.14,10.01,13.78,3.79,3.79,7.79,13.78,12.18,3.91,12.23,12.03,11.93,10.48,11.31,10.48,10.48,5.25,11.85,11.4,11.25
11,12,14,143.69,8.98,12.58,2.2,2.2,6.59,12.58,10.78,5.18,12.33,11.54,10.96,10.2,9.65,9.38,8.55,3.0,10.65,10.35,9.75
11,12,15,114.56,7.16,10.58,1.4,1.4,2.8,10.58,9.98,3.33,9.59,9.2,9.49,8.55,8.0,7.17,7.17,2.85,8.55,8.1,7.8
11,12,16,60.73,3.8,7.39,0.4,0.4,1.4,7.39,7.19,2.35,1.47,1.66,1.57,5.51,5.24,4.14,4.41,3.15,5.1,4.95,4.8
11,12,17,14.84,0.93,1.65,0.2,0.2,0.4,1.4,1.4,0.59,0.59,0.68,0.59,1.1,0.83,0.83,0.83,0.75,1.5,1.5,1.65
11,12,18,0.35,0.02,0.2,0.0,0.0,0.0,0.2,0.0,0.0,0.0,0.0,0.0,0.0,0.0,0.0,0.0,0.0,0.0,0.0,0.15
11,13,8,3.27,0.2,0.45,0.0,0.0,0.0,0.2,0.4,0.1,0.1,0.1,0.2,0.28,0.28,0.28,0.28,0.15,0.15,0.45,0.3
11,13,9,22.17,1.39,5.19,0.49,0.6,0.6,5.19,4.39,0.78,0.68,0.49,0.78,0.83,1.1,0.55,1.38,0.9,0.75,1.95,1.2
11,13,10,58.96,3.68,9.78,0.9,1.2,2.0,9.78,7.99,3.13,1.17,3.82,1.17,1.93,3.03,2.48,2.21,6.15,0.9,8.7,3.3
11,13,11,95.7,5.98,12.38,1.57,5.39,4.99,12.38,9.38,3.33,1.96,9.0,1.57,5.51,3.58,6.62,6.34,3.0,2.4,11.1,9.15
11,13,12,124.92,7.81,13.78,2.15,5.59,7.79,13.78,11.18,4.21,4.21,11.54,2.15,8.55,6.89,9.93,9.1,3.45,6.15,12.15,8.25
11,13,13,129.4,8.09,13.98,2.35,4.59,9.18,13.98,12.58,5.28,4.79,12.42,2.35,10.48,6.62,10.48,9.65,7.2,3.9,11.7,4.2
11,13,14,108.01,6.75,12.58,1.76,4.99,7.59,12.58,6.99,2.54,4.21,11.93,1.76,9.38,5.51,9.38,9.1,3.15,3.45,10.65,4.8
11,13,15,89.16,5.57,10.98,1.8,10.18,5.39,10.98,3.19,2.64,2.93,9.0,1.86,8.55,3.58,7.44,6.62,1.8,4.35,8.25,2.4
11,13,16,53.45,3.34,7.39,0.83,6.59,2.4,7.39,2.6,2.64,2.15,1.57,1.17,5.24,0.83,4.69,3.58,3.0,2.55,4.95,2.1
11,13,17,14.58,0.91,1.95,0.28,1.0,0.6,1.4,0.6,0.59,1.08,0.68,0.59,0.83,0.28,0.55,0.83,1.95,1.05,1.65,0.9
11,13,18,0.2,0.01,0.1,0.0,0.0,0.0,0.0,0.0,0.0,0.1,0.1,0.0,0.0,0.0,0.0,0.0,0.0,0.0,0.0,0.0
11,14,8,2.91,0.18,0.55,0.0,0.2,0.2,0.4,0.0,0.2,0.0,0.1,0.1,0.28,0.0,0.28,0.55,0.0,0.0,0.45,0.15
11,14,9,17.95,1.12,5.39,0.2,1.2,0.2,5.39,0.4,0.68,0.98,0.39,0.68,1.1,0.83,0.55,1.65,0.75,0.75,1.8,0.6
11,14,10,54.12,3.38,10.18,1.2,1.2,1.6,10.18,2.6,2.35,2.35,3.72,2.84,2.48,2.76,2.21,3.03,2.7,3.45,8.55,2.1
11,14,11,101.3,6.33,12.78,2.21,9.38,3.39,12.78,3.99,8.02,4.7,9.0,3.91,2.76,4.69,6.62,2.21,9.15,4.05,11.25,5.4
11,14,12,112.18,7.01,13.98,1.8,2.6,3.39,13.98,7.19,9.88,3.03,11.93,3.91,3.86,5.79,9.93,4.14,11.1,1.8,12.15,7.5
11,14,13,119.59,7.47,14.17,2.2,2.2,8.58,14.17,3.99,7.63,5.77,12.62,6.26,4.14,5.79,10.2,5.24,7.95,5.4,12.15,7.5
11,14,14,101.05,6.32,12.98,2.4,2.4,3.19,12.98,4.59,8.61,3.33,12.33,3.03,4.14,5.51,9.38,2.76,9.45,3.3,10.8,5.25
11,14,15,72.54,4.53,10.98,1.2,3.59,1.2,10.98,2.8,4.5,3.42,9.1,1.96,3.86,3.31,7.72,1.65,4.65,3.6,8.4,1.8
11,14,16,44.56,2.78,7.59,0.2,0.2,2.2,7.59,2.2,2.25,1.86,1.08,1.76,4.14,2.21,4.41,2.21,4.05,1.8,5.25,1.35
11,14,17,11.74,0.73,1.65,0.39,0.4,0.4,1.4,0.6,0.78,0.39,0.39,0.59,0.83,0.55,0.83,0.83,1.05,0.45,1.65,0.6
11,14,18,0.63,0.04,0.28,0.0,0.0,0.0,0.0,0.0,0.1,0.0,0.0,0.1,0.28,0.0,0.0,0.0,0.15,0.0,0.0,0.0
11,15,8,2.69,0.17,0.45,0.0,0.2,0.0,0.4,0.0,0.1,0.1,0.2,0.1,0.0,0.28,0.28,0.28,0.15,0.15,0.45,0.0
11,15,9,23.43,1.46,4.99,0.0,3.59,0.0,4.99,0.2,1.08,0.59,0.39,0.98,0.83,1.38,0.55,1.65,1.8,2.4,1.8,1.2
11,15,10,62.91,3.93,9.98,0.0,9.18,0.2,9.98,0.0,4.01,1.27,3.62,1.27,2.48,3.58,2.21,2.76,6.75,6.15,8.4,1.05
11,15,11,100.0,6.25,12.38,0.2,10.78,0.6,12.38,0.2,7.34,1.47,8.71,2.05,7.17,6.62,6.34,6.34,10.5,7.2,11.1,1.2
11,15,12,124.07,7.75,13.78,0.8,10.38,1.6,13.78,0.8,10.27,1.96,11.93,2.05,10.2,9.93,10.2,8.27,11.55,7.65,11.85,1.65
11,15,13,122.31,7.64,14.17,0.9,8.58,2.2,14.17,1.4,10.37,2.74,12.33,2.15,11.03,10.2,10.75,7.44,11.55,4.65,11.85,0.9
11,15,14,111.94,7.0,13.38,1.05,8.58,2.2,13.38,1.8,11.45,4.4,12.13,1.96,10.2,9.93,9.65,4.96,6.45,3.3,10.5,1.05
11,15,15,89.27,5.58,11.18,1.05,8.19,1.4,11.18,2.4,8.61,2.25,8.71,1.37,7.72,7.44,7.72,2.48,6.9,3.75,8.1,1.05
11,15,16,49.79,3.11,7.59,0.6,4.19,1.2,7.59,3.79,1.47,2.15,1.08,1.08,5.24,4.41,4.41,1.93,3.9,1.8,4.95,0.6
11,15,17,14.48,0.9,1.5,0.45,1.2,0.6,1.2,0.8,0.68,1.08,0.49,0.49,0.83,1.1,0.83,0.83,1.35,1.05,1.5,0.45
11,15,18,0.5,0.03,0.15,0.0,0.0,0.0,0.0,0.0,0.1,0.0,0.0,0.1,0.0,0.0,0.0,0.0,0.15,0.0,0.0,0.15
11,16,8,2.79,0.17,0.45,0.0,0.4,0.0,0.2,0.0,0.1,0.1,0.1,0.0,0.28,0.28,0.28,0.0,0.45,0.15,0.45,0.0
11,16,9,18.82,1.18,4.39,0.15,4.39,0.8,3.39,0.2,0.59,0.59,0.49,0.29,0.55,1.38,0.55,1.1,1.8,1.05,1.5,0.15
11,16,10,63.93,4.0,9.78,0.6,9.18,1.8,9.78,0.6,3.82,2.84,3.62,1.47,2.48,3.03,2.21,1.65,8.7,3.0,8.7,1.05
11,16,11,108.81,6.8,12.38,0.6,11.98,4.39,12.38,0.6,9.49,8.32,8.02,2.15,7.17,6.62,6.34,1.65,11.1,5.4,10.8,2.4
11,16,12,134.47,8.4,13.98,1.0,7.19,11.58,13.98,1.0,12.52,6.75,11.25,1.76,9.93,8.55,9.93,1.93,12.15,11.7,11.85,2.4
11,16,13,130.43,8.15,14.17,0.2,5.19,12.38,14.17,0.2,13.21,5.18,12.42,1.27,10.75,9.65,10.48,1.93,12.0,7.65,12.0,1.95
11,16,14,122.47,7.65,12.98,0.4,6.39,11.98,12.98,0.4,11.54,3.33,12.42,2.45,10.75,9.65,9.38,1.65,10.5,6.75,10.65,1.65
11,16,15,98.03,6.13,10.98,0.0,8.19,8.78,10.98,0.0,8.32,3.23,8.61,2.54,8.82,7.44,7.72,1.65,7.2,3.45,8.25,2.85
11,16,16,55.4,3.46,6.79,0.2,3.99,6.59,6.79,0.2,1.27,2.15,0.88,1.86,5.24,4.41,4.69,0.83,5.1,4.2,5.1,2.1
11,16,17,13.35,0.83,1.5,0.0,0.4,1.2,1.2,0.0,0.59,0.68,0.39,0.88,0.83,1.1,0.55,0.28,1.5,1.5,1.5,0.75
11,16,18,0.5,0.03,0.15,0.0,0.0,0.0,0.0,0.0,0.0,0.1,0.1,0.0,0.0,0.0,0.0,0.0,0.15,0.0,0.15,0.0
11,17,8,2.47,0.15,0.4,0.0,0.0,0.2,0.4,0.0,0.1,0.0,0.1,0.1,0.28,0.28,0.28,0.28,0.15,0.15,0.15,0.0
11,17,9,18.05,1.13,4.39,0.3,0.6,4.39,2.2,0.8,1.08,0.39,0.88,0.68,1.1,0.55,0.55,1.38,1.2,0.45,1.5,0.3
11,17,10,49.6,3.1,8.98,0.6,0.6,8.98,7.79,2.6,2.84,0.88,3.33,2.54,2.48,1.1,2.21,1.65,1.2,1.35,8.85,1.2
11,17,11,82.01,5.13,12.58,1.0,1.0,11.38,12.58,5.79,3.42,1.08,8.32,2.54,4.96,2.21,6.34,6.34,1.5,1.95,10.05,2.55
11,17,12,96.6,6.04,13.78,1.37,1.6,12.58,13.78,3.99,3.52,1.37,11.93,2.05,8.55,2.21,9.93,4.69,2.7,3.75,11.4,2.55
11,17,13,110.26,6.89,14.37,1.4,1.4,12.58,14.37,2.0,6.65,2.93,11.84,6.16,9.93,2.48,10.48,4.69,5.4,6.15,10.05,3.15
11,17,14,119.47,7.47,13.18,0.6,0.6,11.78,13.18,6.39,4.21,10.37,12.62,6.95,6.34,3.31,9.65,6.62,4.5,10.05,9.9,3.0
11,17,15,90.68,5.67,10.98,0.2,0.2,9.78,10.98,1.8,2.54,7.63,8.41,5.87,3.86,3.86,7.44,5.51,3.3,7.95,8.4,3.15
11,17,16,54.94,3.43,7.19,0.2,0.2,6.39,7.19,3.19,1.27,1.57,0.78,1.76,3.58,4.41,4.41,4.14,1.65,4.65,5.1,4.65
11,17,17,12.47,0.78,1.5,0.0,0.0,1.0,1.2,1.0,0.39,0.59,0.29,0.59,0.83,0.83,0.55,0.55,0.45,1.5,1.5,1.2
11,17,18,0.45,0.03,0.15,0.0,0.0,0.0,0.0,0.0,0.0,0.1,0.1,0.1,0.0,0.0,0.0,0.0,0.0,0.0,0.15,0.0
11,18,8,2.36,0.15,0.3,0.0,0.2,0.0,0.2,0.0,0.1,0.2,0.1,0.1,0.0,0.28,0.28,0.0,0.3,0.15,0.3,0.15
11,18,9,28.55,1.78,4.59,0.39,4.59,3.59,4.59,3.19,0.49,1.76,0.39,0.49,0.55,1.38,0.55,0.83,1.5,1.95,1.35,1.35
11,18,10,83.22,5.2,9.78,1.65,9.58,4.59,9.78,9.38,3.72,2.64,3.23,3.13,2.48,2.76,1.93,1.65,8.7,3.3,8.4,7.95
11,18,11,140.27,8.77,12.78,5.77,11.98,6.19,12.78,11.78,9.39,5.77,8.71,7.63,6.89,6.34,6.07,5.79,11.4,7.95,11.4,10.2
11,18,12,162.44,10.15,13.98,5.38,13.58,6.79,13.98,12.98,12.72,5.38,12.03,11.35,8.55,9.38,9.65,8.55,7.5,7.95,12.15,9.9
11,18,13,163.24,10.2,14.57,4.2,13.18,4.39,14.57,10.18,13.21,5.58,12.82,11.05,11.03,10.2,10.2,9.93,10.2,4.2,12.0,10.5
11,18,14,152.44,9.53,13.3,4.2,13.18,4.59,13.18,11.78,13.3,5.09,12.42,7.24,10.2,9.1,9.38,9.38,10.8,4.2,10.65,7.95
11,18,15,112.54,7.03,10.98,3.42,9.38,5.59,10.98,4.39,8.61,3.42,7.83,4.89,8.55,7.44,7.17,7.44,8.55,3.9,8.25,6.15
11,18,16,57.81,3.61,6.99,0.78,5.79,4.79,6.99,3.19,1.37,1.17,0.78,1.47,5.24,4.69,4.14,4.69,4.35,1.5,4.95,2.7
11,18,17,13.52,0.84,1.65,0.39,1.0,0.6,1.0,0.4,0.88,0.59,0.39,0.39,0.83,0.83,0.83,0.83,1.35,0.45,1.65,1.5
11,18,18,0.25,0.02,0.15,0.0,0.0,0.0,0.0,0.0,0.0,0.0,0.0,0.1,0.0,0.0,0.0,0.0,0.15,0.0,0.0,0.0
11,19,8,2.14,0.13,0.3,0.0,0.0,0.2,0.2,0.0,0.0,0.2,0.1,0.0,0.28,0.28,0.28,0.0,0.0,0.3,0.15,0.15
11,19,9,23.52,1.47,3.99,0.3,0.8,3.39,3.99,2.99,0.39,0.98,0.59,0.78,0.83,0.83,1.65,1.65,0.3,1.65,1.35,1.35
11,19,10,60.94,3.81,7.79,1.05,2.0,7.79,6.99,2.8,1.37,2.93,3.03,2.93,2.76,2.76,2.48,1.65,1.05,5.1,7.65,7.65
11,19,11,102.18,6.39,11.18,2.05,2.4,11.18,9.18,2.99,2.05,7.83,8.02,3.72,6.07,6.34,4.96,5.79,2.1,10.2,10.5,8.85
11,19,12,131.26,8.2,12.58,2.54,3.39,12.58,11.18,3.59,2.54,10.96,10.57,7.14,6.89,9.93,5.51,9.93,2.55,11.7,11.25,11.55
11,19,13,130.52,8.16,13.58,1.8,4.19,12.78,13.58,3.19,2.05,11.93,12.23,6.95,5.51,10.2,5.51,10.75,1.8,11.55,11.4,6.9
11,19,14,118.62,7.41,12.58,1.35,4.59,11.98,12.58,2.4,1.57,11.35,11.84,4.7,9.1,9.38,4.69,5.79,1.35,10.2,10.05,7.05
11,19,15,88.99,5.56,9.78,0.75,3.59,9.78,9.78,1.0,0.88,7.04,7.14,4.7,7.72,7.44,3.86,3.86,0.75,7.95,7.8,5.7
11,19,16,44.49,2.78,6.39,0.2,1.8,6.19,6.39,0.2,1.08,1.17,1.17,1.86,4.69,3.86,1.65,1.38,1.5,4.65,3.9,3.0
11,19,17,12.04,0.75,1.35,0.0,0.8,1.0,1.0,0.0,0.39,0.59,0.49,0.98,0.83,0.83,0.55,0.83,0.6,1.35,0.75,1.05
11,19,18,0.15,0.01,0.15,0.0,0.0,0.0,0.0,0.0,0.0,0.0,0.0,0.0,0.0,0.0,0.0,0.0,0.0,0.0,0.15,0.0
11,20,8,1.66,0.1,0.3,0.0,0.0,0.2,0.0,0.0,0.1,0.1,0.0,0.1,0.0,0.28,0.0,0.28,0.15,0.3,0.0,0.15
11,20,9,14.3,0.89,3.99,0.0,0.4,3.99,0.6,0.2,1.57,0.49,0.29,0.88,0.0,0.83,0.0,0.55,1.8,1.05,0.6,1.05
11,20,10,56.34,3.52,9.18,0.6,1.8,9.18,2.8,0.6,2.25,2.93,3.03,2.64,1.65,2.48,1.93,1.65,3.45,8.1,6.6,5.25
11,20,11,103.15,6.45,11.78,0.8,2.8,11.78,3.59,0.8,7.43,8.12,6.16,6.75,5.51,6.62,3.58,5.51,8.7,10.95,6.0,8.85
11,20,12,121.63,7.6,13.38,1.4,6.39,13.38,3.79,1.4,5.58,11.45,4.99,8.22,6.07,10.2,1.93,9.38,10.2,12.0,5.1,11.55
11,20,13,127.25,7.95,13.78,1.4,4.19,13.78,3.59,1.4,9.98,12.52,4.5,6.65,8.55,10.48,6.34,8.82,9.15,11.85,5.25,10.2
11,20,14,116.06,7.25,12.98,0.8,3.79,12.98,5.99,0.8,8.22,12.03,5.87,3.13,7.44,9.65,4.14,8.27,10.2,10.5,8.7,4.35
11,20,15,86.43,5.4,10.58,0.4,2.2,10.58,6.79,0.4,4.6,6.95,4.7,3.13,7.44,7.72,1.38,7.44,4.35,8.25,6.0,4.5
11,20,16,49.74,3.11,6.79,0.2,2.2,6.79,4.79,0.2,2.25,0.78,2.05,1.96,4.41,4.69,2.21,3.31,4.65,4.95,1.2,3.3
11,20,17,10.64,0.67,1.65,0.0,0.6,1.0,0.6,0.0,0.68,0.29,0.39,0.29,1.1,0.83,0.28,0.83,1.35,1.65,0.3,0.45
11,20,18,0.4,0.02,0.2,0.0,0.0,0.2,0.0,0.0,0.1,0.1,0.0,0.0,0.0,0.0,0.0,0.0,0.0,0.0,0.0,0.0
11,21,8,1.03,0.06,0.3,0.0,0.0,0.0,0.2,0.0,0.0,0.0,0.0,0.1,0.0,0.0,0.28,0.0,0.15,0.3,0.0,0.0
11,21,9,14.15,0.88,3.79,0.15,0.4,3.79,1.2,0.2,0.78,0.39,0.49,0.49,1.1,0.83,0.55,1.38,0.6,0.9,0.15,0.9
11,21,10,44.14,2.76,9.18,0.4,1.2,9.18,3.39,0.4,2.15,3.03,1.08,0.78,2.76,2.48,1.93,3.31,2.4,8.55,0.75,0.75
11,21,11,74.51,4.66,11.78,0.8,1.8,11.78,4.39,0.8,4.6,8.32,1.76,1.76,2.76,6.34,5.79,3.86,5.7,11.25,1.5,2.1
11,21,12,105.13,6.57,13.18,2.25,6.39,13.18,4.99,2.4,4.01,12.03,2.35,2.35,3.86,9.93,9.38,4.41,12.0,12.15,3.45,2.25
11,21,13,128.12,8.01,13.58,3.3,10.18,13.58,8.78,4.79,9.88,12.91,3.91,3.82,3.58,10.48,10.2,4.96,11.55,12.0,4.2,3.3
11,21,14,131.35,8.21,12.52,2.8,2.8,12.38,3.99,6.19,11.84,12.52,6.75,9.1,4.96,9.65,10.75,7.72,11.25,10.8,4.05,6.6
11,21,15,87.87,5.49,10.38,1.0,1.0,10.38,6.79,2.4,7.14,6.85,4.5,5.38,1.38,7.72,1.65,3.58,9.15,8.4,4.35,7.2
11,21,16,44.91,2.81,6.39,0.59,1.0,6.39,2.0,3.99,1.86,0.59,1.57,2.84,1.1,4.41,0.83,3.03,4.8,4.95,2.25,3.3
11,21,17,12.65,0.79,1.65,0.2,0.2,1.0,0.2,0.2,0.88,0.39,1.27,0.98,1.1,0.55,0.55,0.83,1.65,1.65,0.3,0.9
11,21,18,0.91,0.06,0.28,0.0,0.0,0.0,0.0,0.0,0.0,0.0,0.1,0.1,0.0,0.28,0.28,0.0,0.0,0.0,0.15,0.0
11,22,8,0.7,0.04,0.2,0.0,0.0,0.2,0.0,0.0,0.0,0.1,0.1,0.0,0.0,0.0,0.0,0.0,0.0,0.15,0.15,0.0
11,22,9,14.4,0.9,3.59,0.0,0.0,3.59,1.6,0.2,0.39,0.49,0.68,0.68,0.28,0.83,0.83,1.38,0.3,1.05,1.2,0.9
11,22,10,43.28,2.7,8.98,0.2,0.2,8.98,2.0,0.4,1.27,2.93,2.54,0.88,0.83,2.21,1.93,2.76,0.3,7.95,6.75,1.35
11,22,11,73.36,4.58,11.38,0.8,1.6,11.38,5.99,0.8,1.86,7.83,5.38,1.37,2.76,6.62,3.86,2.76,0.9,10.8,7.5,1.95
11,22,12,97.34,6.08,12.58,1.0,3.59,12.58,11.18,1.0,9.0,11.25,4.99,1.76,1.65,9.93,2.48,3.03,5.1,11.7,6.45,1.65
11,22,13,118.44,7.4,14.37,0.8,5.99,12.98,14.37,0.8,9.98,12.13,11.25,2.93,3.03,10.75,1.1,3.58,9.0,11.7,7.8,1.05
11,22,14,122.89,7.68,12.82,0.6,5.79,11.98,12.38,0.6,12.13,11.84,12.82,2.45,1.93,9.65,3.86,5.51,10.2,10.5,10.35,0.9
11,22,15,90.19,5.64,9.98,0.2,5.39,9.98,9.98,0.2,6.85,6.26,7.14,2.84,1.38,7.72,4.14,2.21,7.65,8.1,8.55,1.8
11,22,16,45.99,2.87,6.39,0.0,1.0,5.99,6.39,0.0,1.57,0.88,1.08,1.17,1.38,4.69,4.41,1.38,4.5,4.95,5.1,1.5
11,22,17,10.66,0.67,1.5,0.0,0.4,1.0,0.4,0.0,0.78,0.39,0.49,0.49,0.55,0.55,0.83,0.28,1.2,1.5,1.5,0.3
11,22,18,0.15,0.01,0.15,0.0,0.0,0.0,0.0,0.0,0.0,0.0,0.0,0.0,0.0,0.0,0.0,0.0,0.0,0.0,0.15,0.0
11,23,8,2.14,0.13,0.28,0.0,0.0,0.2,0.0,0.2,0.1,0.1,0.1,0.0,0.28,0.28,0.0,0.28,0.15,0.15,0.15,0.15
11,23,9,15.32,0.96,3.19,0.39,2.2,3.19,0.8,0.6,0.68,0.49,0.39,0.59,0.55,0.55,0.55,0.83,1.35,1.05,0.9,0.6
11,23,10,57.09,3.57,8.78,0.8,3.79,8.78,0.8,1.6,2.93,2.84,2.84,1.66,1.93,2.21,1.65,2.21,7.35,7.2,7.95,1.35
11,23,11,103.64,6.48,11.38,1.4,7.19,11.38,1.6,1.4,6.46,7.73,8.22,2.93,5.51,6.62,5.79,3.86,9.75,10.8,10.95,3.45
11,23,12,134.62,8.41,12.38,1.6,8.58,12.38,1.6,5.19,9.29,11.35,11.84,6.16,7.44,10.2,8.82,6.07,8.55,11.7,12.0,3.45
11,23,13,138.74,8.67,12.98,2.2,6.39,12.98,2.2,4.19,7.73,12.13,12.23,7.14,9.65,10.48,8.0,8.27,9.3,11.55,11.7,4.8
11,23,14,138.76,8.67,12.62,3.19,3.99,11.98,3.19,10.38,5.58,11.84,12.62,7.83,9.93,9.65,8.0,8.82,7.2,10.5,10.5,6.75
11,23,15,103.33,6.46,9.78,3.13,6.79,9.78,3.99,6.39,4.79,6.26,6.36,3.13,8.27,8.0,8.55,7.17,4.65,7.95,8.1,3.15
11,23,16,52.54,3.28,5.25,0.68,3.79,4.59,2.4,2.0,1.37,1.86,0.68,2.15,5.24,4.69,4.69,3.03,4.05,4.65,5.25,2.1
11,23,17,12.19,0.76,1.65,0.2,0.2,0.6,0.8,0.8,0.49,0.59,0.49,0.49,0.83,0.55,0.55,0.55,1.35,1.2,1.65,1.05
11,23,18,0.15,0.01,0.15,0.0,0.0,0.0,0.0,0.0,0.0,0.0,0.0,0.0,0.0,0.0,0.0,0.0,0.0,0.0,0.15,0.0
11,24,8,1.97,0.12,0.28,0.0,0.0,0.0,0.0,0.0,0.1,0.1,0.1,0.1,0.28,0.28,0.28,0.28,0.15,0.15,0.15,0.0
11,24,9,16.65,1.04,3.19,0.0,0.6,0.6,3.19,0.0,0.98,0.78,0.59,0.78,0.55,0.83,1.1,1.1,1.35,0.75,1.2,2.25
11,24,10,49.22,3.08,8.78,0.2,2.8,2.4,8.78,0.2,3.23,2.64,3.13,1.27,2.21,2.48,1.65,1.93,4.5,2.4,7.35,2.25
11,24,11,82.61,5.16,11.38,0.4,2.6,8.98,11.38,0.4,4.4,7.34,6.16,1.76,4.41,3.31,3.58,4.14,6.15,8.55,5.55,3.9
11,24,12,100.26,6.27,12.58,1.4,2.2,7.59,12.58,1.4,4.11,10.47,7.14,2.05,8.55,4.96,6.07,5.24,5.4,11.55,8.85,2.1
11,24,13,96.11,6.01,12.98,1.35,2.2,9.98,12.98,1.6,3.91,11.35,5.67,3.72,7.17,3.58,5.79,3.86,3.0,11.55,8.4,1.35
11,24,14,78.09,4.88,11.45,1.4,1.6,8.78,5.59,1.4,3.42,11.45,6.46,2.05,3.86,3.58,4.69,3.31,2.1,10.35,7.65,1.8
11,24,15,57.27,3.58,7.39,0.6,1.4,4.99,7.39,0.6,2.74,5.18,3.62,2.84,3.03,5.24,2.48,2.76,1.2,6.0,5.7,2.1
11,24,16,35.18,2.2,4.65,0.2,0.2,2.4,0.8,1.2,1.76,1.27,1.57,2.05,4.14,4.41,2.48,1.65,1.65,3.6,4.65,1.35
11,24,17,9.33,0.58,1.35,0.0,0.0,0.6,0.4,0.0,0.49,0.39,0.59,0.78,0.83,0.55,0.55,0.55,0.15,1.35,1.2,0.9
11,24,18,0.28,0.02,0.28,0.0,0.0,0.0,0.0,0.0,0.0,0.0,0.0,0.0,0.0,0.0,0.0,0.28,0.0,0.0,0.0,0.0
11,25,8,0.78,0.05,0.28,0.0,0.0,0.0,0.0,0.0,0.0,0.1,0.1,0.0,0.0,0.0,0.28,0.0,0.15,0.0,0.15,0.0
11,25,9,16.66,1.04,3.39,0.2,0.4,0.2,3.39,2.8,0.59,0.2,1.17,0.68,1.1,0.28,0.55,1.1,0.9,0.6,1.5,1.2
11,25,10,42.16,2.64,8.78,0.4,1.0,0.4,3.79,8.78,1.96,0.59,0.49,3.03,2.48,0.83,1.38,1.38,6.9,0.45,1.5,7.2
11,25,11,75.33,4.71,11.58,0.8,2.0,0.8,2.8,11.58,7.14,0.98,2.25,7.14,2.48,2.21,5.79,4.96,10.05,1.5,3.45,10.2
11,25,12,88.86,5.55,12.78,1.2,4.99,1.2,1.8,12.78,6.95,3.23,4.01,4.7,3.31,3.31,9.65,9.38,7.8,2.7,1.65,11.4
11,25,13,110.15,6.88,13.58,1.2,3.59,1.2,2.2,13.58,6.16,5.58,7.43,9.29,3.58,2.21,8.55,10.48,9.6,4.8,10.5,11.4
11,25,14,104.75,6.55,12.78,0.8,2.2,0.8,6.19,12.78,3.82,8.51,7.14,10.86,7.44,3.03,1.1,9.38,8.4,6.6,6.15,10.35
11,25,15,86.14,5.38,9.98,0.83,1.2,1.0,9.98,9.78,3.13,3.52,6.26,5.58,5.51,3.58,0.83,7.72,6.6,6.0,7.5,7.95
11,25,16,43.68,2.73,5.79,0.4,1.0,0.4,4.39,5.79,2.05,1.96,0.98,0.98,3.03,1.93,2.48,4.14,4.05,1.8,4.05,4.65
11,25,17,11.75,0.73,1.65,0.0,0.0,0.4,0.8,0.6,0.88,0.68,0.68,0.68,0.55,0.28,0.55,0.55,0.9,1.05,1.5,1.65
11,25,18,0.53,0.03,0.28,0.0,0.0,0.0,0.0,0.0,0.0,0.0,0.0,0.1,0.28,0.0,0.0,0.0,0.15,0.0,0.0,0.0
11,26,8,0.75,0.05,0.3,0.0,0.0,0.2,0.0,0.0,0.0,0.0,0.1,0.0,0.0,0.0,0.0,0.0,0.0,0.0,0.15,0.3
11,26,9,12.82,0.8,3.19,0.2,0.2,0.2,2.99,3.19,0.29,0.49,0.29,0.39,0.55,0.28,0.55,0.55,0.3,1.05,0.75,0.75
11,26,10,53.74,3.36,9.38,0.2,0.4,0.2,9.18,9.38,0.88,2.15,2.64,2.64,2.76,0.83,1.65,1.38,0.45,3.9,7.65,7.65
11,26,11,92.43,5.78,11.98,0.45,1.0,1.4,11.98,10.58,1.96,3.91,8.02,7.34,3.86,1.65,5.79,5.24,0.45,8.1,10.8,10.35
11,26,12,120.72,7.54,13.18,0.75,1.0,3.39,13.18,11.38,1.66,4.99,11.93,10.57,6.34,1.38,9.65,9.1,0.75,12.45,11.7,11.25
11,26,13,121.75,7.61,13.18,0.75,1.6,2.8,13.18,9.78,2.35,4.99,12.91,11.45,8.55,1.38,10.48,10.48,0.75,9.15,11.7,10.2
11,26,14,106.4,6.65,12.72,0.83,2.6,1.8,9.78,7.99,3.03,5.28,12.72,10.57,4.69,0.83,9.38,9.38,1.2,6.9,10.65,9.6
11,26,15,82.82,5.18,10.58,0.83,2.6,1.2,10.58,5.99,3.62,4.99,5.28,5.18,2.76,0.83,7.72,7.17,2.4,7.95,8.4,6.15
11,26,16,43.07,2.69,6.19,0.28,2.0,1.8,6.19,3.39,1.17,1.76,0.78,2.45,1.93,0.28,4.41,3.86,2.1,3.15,5.1,2.7
11,26,17,9.9,0.62,1.5,0.0,0.2,0.2,0.8,0.8,0.68,0.39,0.29,0.98,0.28,0.0,0.55,0.83,0.45,0.45,1.5,1.5
11,26,18,0.1,0.01,0.1,0.0,0.0,0.0,0.0,0.0,0.0,0.0,0.1,0.0,0.0,0.0,0.0,0.0,0.0,0.0,0.0,0.0
11,27,8,0.88,0.06,0.28,0.0,0.0,0.0,0.0,0.0,0.1,0.0,0.1,0.1,0.28,0.0,0.0,0.0,0.15,0.0,0.15,0.0
11,27,9,16.78,1.05,2.4,0.2,0.2,1.8,2.4,1.6,0.88,0.88,0.68,0.68,0.83,1.1,0.55,0.83,0.6,1.35,1.2,1.2
11,27,10,55.78,3.49,7.2,1.0,1.0,6.79,5.19,5.59,2.15,2.54,2.74,2.74,1.65,1.93,1.38,1.38,3.15,4.05,7.2,6.3
11,27,11,82.07,5.13,9.15,1.6,1.6,8.78,5.79,6.39,5.38,2.93,4.7,6.46,2.21,4.41,5.51,4.96,3.45,3.6,6.75,9.15
11,27,12,104.73,6.55,11.38,1.8,2.2,11.38,3.39,2.99,8.51,2.15,10.17,8.8,3.58,6.62,8.82,8.82,5.7,1.8,9.45,10.35
11,27,13,115.31,7.21,12.3,1.6,3.19,12.18,3.99,1.6,7.14,12.03,6.85,7.14,4.14,5.79,3.86,10.2,12.3,8.7,6.45,9.75
11,27,14,103.15,6.45,12.72,0.4,2.0,11.38,6.59,0.4,8.61,12.72,4.5,3.52,4.96,4.96,2.76,9.1,10.2,9.3,6.45,5.7
11,27,15,79.12,4.94,7.99,0.4,0.8,7.59,7.99,0.4,5.38,5.09,3.52,1.57,5.79,4.41,6.89,6.89,7.95,6.45,5.1,3.3
11,27,16,40.06,2.5,5.19,0.0,0.6,4.19,5.19,0.0,1.76,1.08,1.47,0.68,1.38,4.41,4.14,3.31,2.55,4.5,4.05,0.75
11,27,17,9.66,0.6,1.35,0.2,0.2,0.6,0.6,0.2,0.59,0.59,0.68,0.29,0.55,0.83,0.55,0.83,0.6,0.9,1.35,0.3
11,27,18,0.73,0.05,0.28,0.0,0.0,0.0,0.0,0.0,0.1,0.0,0.1,0.1,0.0,0.0,0.28,0.0,0.0,0.15,0.0,0.0
11,28,8,0.6,0.04,0.2,0.0,0.0,0.0,0.2,0.0,0.0,0.1,0.0,0.0,0.0,0.0,0.0,0.0,0.15,0.0,0.15,0.0
11,28,9,15.16,0.95,2.6,0.2,0.2,1.0,2.6,2.6,1.17,0.68,0.49,0.49,0.55,0.83,0.55,0.55,0.6,1.2,0.9,0.75
11,28,10,57.95,3.62,8.39,0.8,0.8,3.79,8.39,8.39,2.25,1.96,2.45,1.96,1.65,1.93,1.38,1.1,1.95,5.55,7.35,7.05
11,28,11,102.76,6.42,10.98,1.66,2.6,5.39,10.98,8.39,4.5,1.66,7.14,7.24,5.79,5.79,5.79,5.24,5.25,6.45,10.8,9.75
11,28,12,120.83,7.55,12.38,1.17,1.6,11.78,8.98,12.38,6.07,1.17,9.39,5.09,7.72,6.62,9.93,9.65,5.7,3.9,12.15,8.7
11,28,13,102.17,6.39,11.58,1.47,2.6,10.58,5.79,11.58,2.84,1.47,9.88,3.91,9.1,5.79,10.48,10.75,5.55,1.5,6.75,3.6
11,28,14,102.65,6.42,12.58,0.75,1.0,8.78,3.59,12.58,3.91,0.78,10.37,5.97,9.65,6.34,9.93,9.65,5.25,0.75,9.9,4.2
11,28,15,78.48,4.9,10.58,1.05,1.2,7.19,2.6,10.58,2.45,1.37,3.42,4.89,6.89,2.76,7.44,7.44,4.5,1.05,7.95,6.75
11,28,16,42.14,2.63,5.59,0.4,0.4,1.4,1.2,5.59,1.37,1.27,1.57,1.57,4.41,2.21,4.41,4.14,3.45,1.05,4.8,3.3
11,28,17,8.85,0.55,1.2,0.2,0.2,0.2,0.2,0.6,0.39,0.49,0.59,0.39,0.83,0.28,0.83,0.55,0.6,0.45,1.05,1.2
11,28,18,0.1,0.01,0.1,0.0,0.0,0.0,0.0,0.0,0.0,0.0,0.0,0.1,0.0,0.0,0.0,0.0,0.0,0.0,0.0,0.0
11,29,8,0.63,0.04,0.28,0.0,0.0,0.2,0.0,0.0,0.0,0.0,0.0,0.0,0.0,0.28,0.0,0.0,0.0,0.0,0.0,0.15
11,29,9,15.16,0.95,2.99,0.0,0.0,2.99,0.0,2.8,0.49,1.57,0.59,0.49,0.83,0.55,0.55,0.55,0.45,1.95,0.45,0.9
11,29,10,50.12,3.13,7.05,0.4,0.4,6.79,2.4,5.39,1.08,1.96,1.76,2.35,1.65,2.21,2.48,1.1,1.5,6.3,5.7,7.05
11,29,11,71.99,4.5,10.2,0.78,1.0,5.39,3.19,5.39,0.78,3.13,5.28,7.14,5.51,3.86,3.58,5.24,2.25,3.0,7.05,10.2
11,29,12,86.48,5.4,10.05,1.4,1.4,6.19,4.99,9.18,1.76,1.76,5.09,9.1,8.55,4.69,7.72,9.1,2.55,1.5,2.85,10.05
11,29,13,96.03,6.0,10.48,1.76,1.8,6.79,3.59,10.18,1.76,2.74,8.61,9.0,9.1,4.96,6.62,10.48,3.75,1.95,5.4,9.3
11,29,14,86.82,5.43,9.78,0.75,1.2,3.59,4.79,9.38,2.54,0.78,8.71,9.78,7.72,5.24,6.34,9.65,3.75,0.75,4.05,8.55
11,29,15,60.12,3.76,7.72,0.29,0.4,2.8,3.39,6.79,2.25,0.29,4.6,4.7,7.72,1.93,3.58,7.72,4.05,0.45,2.55,6.9
11,29,16,41.45,2.59,4.8,0.4,0.4,1.8,2.0,3.79,1.47,2.25,1.96,1.17,3.31,3.31,2.48,3.86,2.7,4.65,1.5,4.8
11,29,17,10.12,0.63,1.35,0.0,0.0,0.4,0.2,0.8,0.39,0.78,0.68,0.39,1.1,0.55,0.55,0.83,0.45,1.05,0.6,1.35
11,29,18,0.5,0.03,0.15,0.0,0.0,0.0,0.0,0.0,0.1,0.0,0.0,0.1,0.0,0.0,0.0,0.0,0.0,0.0,0.15,0.15
11,30,8,0.38,0.02,0.28,0.0,0.0,0.0,0.0,0.0,0.0,0.0,0.1,0.0,0.0,0.28,0.0,0.0,0.0,0.0,0.0,0.0
11,30,9,11.28,0.7,2.0,0.0,0.0,1.2,2.0,0.4,1.27,0.29,0.59,0.39,0.83,0.55,0.83,0.83,0.45,0.45,0.9,0.3
11,30,10,41.86,2.62,8.58,0.8,0.8,4.99,8.58,0.8,1.08,1.96,2.35,1.57,2.21,0.83,2.76,1.93,2.4,3.75,4.05,1.8
11,30,11,66.52,4.16,8.78,0.83,1.0,8.58,8.78,2.0,1.76,3.72,7.43,2.93,4.14,0.83,4.41,4.14,1.8,4.65,7.8,2.55
11,30,12,79.29,4.96,11.98,0.55,1.8,4.79,11.98,2.4,3.52,5.38,9.88,1.27,3.31,0.55,6.62,6.34,1.8,6.6,11.7,1.35
11,30,13,92.37,5.77,12.98,0.9,1.8,11.98,12.98,2.8,3.72,5.97,10.96,1.47,3.31,4.14,8.27,6.07,1.95,4.65,11.4,0.9
11,30,14,87.09,5.44,12.18,0.6,1.0,12.18,12.18,0.8,1.86,2.25,8.61,1.86,4.96,7.44,9.1,9.1,2.7,2.25,10.2,0.6
11,30,15,59.78,3.74,9.78,0.2,2.0,6.79,9.78,0.2,2.84,2.54,2.05,1.17,2.76,2.76,6.62,6.62,2.25,2.85,7.95,0.6
11,30,16,36.62,2.29,4.99,0.2,4.99,3.59,4.79,0.2,2.15,1.96,1.17,0.59,1.93,1.93,4.14,1.38,1.35,1.8,4.35,0.3
11,30,17,7.92,0.5,1.05,0.0,0.6,0.4,0.6,0.4,0.78,0.2,0.49,0.29,0.55,0.28,0.55,0.83,0.75,0.0,1.05,0.15
11,30,18,0.2,0.01,0.1,0.0,0.0,0.0,0.0,0.0,0.0,0.0,0.1,0.1,0.0,0.0,0.0,0.0,0.0,0.0,0.0,0.0
12,1,8,1.89,0.12,0.28,0.0,0.0,0.2,0.2,0.0,0.1,0.1,0.0,0.0,0.28,0.28,0.28,0.0,0.0,0.15,0.15,0.15
12,1,9,11.6,0.72,2.2,0.2,0.6,2.0,0.2,2.2,0.59,0.29,0.39,0.39,0.55,0.83,0.28,0.28,0.75,0.75,0.75,0.75
12,1,10,58.6,3.66,8.78,0.4,0.4,8.58,1.4,8.78,2.25,2.25,2.64,2.05,2.21,1.38,1.38,0.83,4.8,7.2,5.55,6.9
12,1,11,101.74,6.36,11.78,1.0,1.0,11.38,2.0,11.78,6.75,7.24,2.84,7.14,4.41,5.79,4.96,1.65,8.85,10.5,5.1,10.35
12,1,12,122.48,7.65,13.18,0.8,1.8,12.78,0.8,13.18,5.67,10.96,5.58,11.15,1.65,9.65,9.1,2.21,8.4,11.7,6.6,11.25
12,1,13,129.07,8.07,13.58,1.0,2.99,13.18,1.0,13.58,5.09,12.03,6.36,12.33,6.62,9.93,9.93,3.03,5.85,11.4,4.2,11.55
12,1,14,120.58,7.54,12.78,0.8,4.39,12.38,0.8,12.78,5.67,11.45,2.84,11.84,8.27,9.1,8.55,3.86,6.6,10.35,1.5,10.2
12,1,15,89.81,5.61,10.58,0.4,9.18,9.98,0.4,10.58,2.74,3.72,2.74,3.82,4.14,7.44,7.17,1.65,4.8,8.1,5.4,7.95
12,1,16,45.15,2.82,5.59,0.49,2.4,5.19,0.6,5.59,1.47,0.68,1.37,0.49,3.86,4.41,3.86,0.83,3.6,4.8,1.35,4.65
12,1,17,10.78,0.67,1.5,0.2,0.6,1.0,0.2,1.0,0.59,0.29,0.68,0.29,0.55,0.55,0.55,0.28,0.75,1.35,0.6,1.5
12,1,18,0.68,0.04,0.28,0.0,0.0,0.0,0.0,0.0,0.0,0.0,0.0,0.1,0.0,0.28,0.0,0.0,0.0,0.15,0.15,0.0
12,2,8,1.29,0.08,0.28,0.0,0.0,0.2,0.0,0.0,0.0,0.1,0.0,0.0,0.28,0.0,0.28,0.28,0.0,0.0,0.0,0.15
12,2,9,15.81,0.99,2.4,0.29,2.0,2.0,2.2,2.4,0.39,0.39,0.39,0.29,1.1,0.55,0.55,0.55,0.9,0.75,0.75,0.6
12,2,10,76.95,4.81,8.98,1.38,8.78,5.99,8.78,8.98,2.25,2.15,2.15,2.05,1.93,1.65,1.38,2.21,7.05,7.2,7.35,7.05
12,2,11,133.86,8.37,11.98,3.03,11.78,8.98,11.58,11.98,7.53,6.95,7.63,7.34,3.58,5.79,5.24,3.03,10.65,10.35,10.95,10.5
12,2,12,171.29,10.71,13.78,3.58,13.78,12.98,12.98,13.38,11.35,10.76,11.64,11.15,3.86,9.38,9.65,3.58,11.85,11.25,12.0,11.7
12,2,13,180.22,11.26,13.98,3.86,13.38,13.38,13.58,13.98,12.72,11.84,12.82,12.52,3.86,10.2,10.48,4.96,11.85,11.1,12.0,11.55
12,2,14,166.02,10.38,12.98,2.76,9.98,12.18,12.98,12.78,11.45,10.57,12.33,11.74,2.76,9.65,9.65,8.55,10.65,9.9,10.65,10.2
12,2,15,112.22,7.01,10.78,2.76,8.78,10.58,9.98,10.78,3.91,3.03,3.82,3.72,2.76,7.72,7.72,7.17,8.25,7.35,8.55,8.1
12,2,16,57.48,3.59,5.79,0.68,5.59,5.79,4.79,5.19,0.88,1.27,0.68,0.68,1.93,4.69,4.41,3.58,4.8,3.45,5.1,4.65
12,2,17,11.79,0.74,1.5,0.29,1.0,0.4,0.6,1.0,0.39,0.59,0.39,0.29,0.83,0.55,0.55,0.55,1.35,0.45,1.5,1.35
12,2,18,0.4,0.02,0.15,0.0,0.0,0.0,0.0,0.0,0.0,0.0,0.0,0.1,0.0,0.0,0.0,0.0,0.15,0.0,0.0,0.15
12,3,8,0.5,0.03,0.2,0.0,0.0,0.2,0.0,0.0,0.0,0.0,0.0,0.0,0.0,0.0,0.0,0.0,0.0,0.15,0.15,0.0
12,3,9,14.91,0.93,2.2,0.28,2.2,2.0,2.2,2.0,0.39,0.39,0.29,0.68,0.28,0.55,0.55,0.83,0.75,0.6,0.6,0.6
12,3,10,68.82,4.3,8.78,0.6,8.78,8.39,8.39,8.39,2.15,1.96,2.05,0.98,1.38,1.65,1.1,1.1,7.35,7.35,7.2,0.6
12,3,11,120.0,7.5,12.18,1.38,12.18,10.18,10.98,10.78,7.43,7.24,7.24,2.15,5.51,5.79,5.24,1.38,10.8,10.8,10.35,1.95
12,3,12,157.21,9.83,13.98,2.4,13.98,11.18,12.18,12.38,11.64,11.25,11.35,5.97,8.55,9.65,9.1,2.48,12.0,11.7,11.4,2.4
12,3,13,162.34,10.15,14.17,1.65,14.17,9.98,12.58,12.58,12.52,12.62,12.52,4.99,9.65,10.2,10.48,1.65,11.85,11.7,11.4,3.45
12,3,14,150.13,9.38,13.38,1.05,13.38,7.99,11.98,12.18,11.84,11.84,11.74,7.14,9.38,9.38,9.38,1.65,10.5,10.5,10.2,1.05
12,3,15,92.97,5.81,11.18,0.6,11.18,3.19,5.59,9.78,3.62,4.01,3.52,2.25,7.72,7.44,7.44,2.48,8.1,8.25,7.8,0.6
12,3,16,47.1,2.94,5.39,0.3,5.39,1.2,2.8,4.79,0.78,1.17,0.59,0.68,4.69,4.69,4.14,1.93,4.65,4.65,4.65,0.3
12,3,17,10.3,0.64,1.5,0.0,1.0,0.2,0.4,0.8,0.29,0.59,0.29,0.2,0.55,0.55,0.55,0.83,1.35,1.2,1.5,0.0
12,3,18,0.15,0.01,0.15,0.0,0.0,0.0,0.0,0.0,0.0,0.0,0.0,0.0,0.0,0.0,0.0,0.0,0.15,0.0,0.0,0.0
12,4,8,0.78,0.05,0.28,0.0,0.0,0.0,0.0,0.0,0.1,0.0,0.0,0.1,0.0,0.0,0.0,0.28,0.0,0.0,0.15,0.15
12,4,9,13.43,0.84,2.0,0.0,2.0,1.2,0.0,0.6,0.78,0.68,0.78,0.59,0.55,1.1,0.55,0.55,1.5,0.9,0.75,0.9
12,4,10,44.92,2.81,8.39,0.6,8.39,0.8,0.6,3.59,2.25,1.47,1.86,1.27,1.38,2.21,1.1,1.1,5.4,4.65,7.05,1.8
12,4,11,76.5,4.78,11.38,1.0,11.38,1.0,1.4,6.99,3.72,3.52,6.46,3.91,3.86,5.24,4.96,4.41,4.5,5.7,6.45,3.0
12,4,12,99.57,6.22,12.78,1.8,12.78,1.8,2.4,8.58,7.63,6.95,5.28,3.23,4.41,9.65,5.79,8.27,9.9,5.85,4.65,2.4
12,4,13,97.58,6.1,13.38,1.6,13.38,1.6,5.59,10.58,9.1,3.72,4.6,2.35,3.58,8.82,7.72,6.89,10.05,3.6,1.8,4.2
12,4,14,77.1,4.82,12.78,1.65,12.78,3.59,7.99,2.99,6.55,2.84,3.91,3.91,2.76,6.89,4.14,1.65,6.45,4.2,1.8,4.65
12,4,15,66.35,4.15,10.38,1.38,10.38,1.4,5.99,7.39,2.45,2.84,2.84,3.33,2.48,3.86,3.86,1.38,5.85,4.35,2.4,5.55
12,4,16,37.88,2.37,5.19,0.88,5.19,1.6,4.99,4.19,0.88,1.08,1.08,1.57,2.21,2.76,1.93,1.1,4.35,1.5,1.8,1.65
12,4,17,9.63,0.6,1.2,0.0,1.0,0.0,0.8,0.8,0.39,0.49,0.2,0.59,1.1,0.55,0.28,0.28,1.2,0.75,0.75,0.45
12,4,18,0.25,0.02,0.15,0.0,0.0,0.0,0.0,0.0,0.1,0.0,0.0,0.0,0.0,0.0,0.0,0.0,0.0,0.0,0.15,0.0
12,5,8,0.15,0.01,0.15,0.0,0.0,0.0,0.0,0.0,0.0,0.0,0.0,0.0,0.0,0.0,0.0,0.0,0.15,0.0,0.0,0.0
12,5,9,8.24,0.52,1.6,0.0,1.6,0.2,0.4,0.2,0.39,0.49,0.49,0.29,0.55,0.55,0.83,0.0,0.75,0.6,0.75,0.15
12,5,10,48.67,3.04,7.79,0.49,7.79,4.19,1.2,0.8,1.96,2.25,2.05,0.49,1.38,1.65,1.1,2.21,6.75,7.05,7.05,0.75
12,5,11,84.41,5.28,10.35,0.88,8.78,5.19,6.99,1.2,6.95,6.75,4.7,0.88,5.24,6.07,4.96,1.65,10.35,9.75,2.85,2.1
12,5,12,113.16,7.07,13.38,0.88,13.38,6.99,5.59,2.6,11.05,9.29,6.85,0.88,8.55,9.93,8.82,1.93,11.7,11.25,3.45,0.9
12,5,13,117.63,7.35,13.78,0.55,13.78,6.79,4.19,4.19,12.23,12.03,5.67,1.27,9.38,10.75,9.65,0.55,11.55,10.5,3.0,2.1
12,5,14,107.57,6.72,12.78,0.28,12.78,6.59,1.8,3.79,11.35,9.49,6.26,1.17,9.1,9.93,9.38,0.28,10.2,7.35,4.8,3.3
12,5,15,74.69,4.67,10.38,0.0,10.38,4.79,4.39,1.6,3.33,3.62,2.93,1.47,4.14,7.17,7.17,0.0,7.95,7.8,5.1,2.85
12,5,16,35.78,2.24,4.99,0.0,4.99,1.4,1.0,1.0,0.68,1.08,1.27,1.66,3.58,3.58,4.14,0.0,4.65,3.6,1.35,1.8
12,5,17,9.98,0.62,1.35,0.2,0.6,0.4,0.2,0.4,0.39,0.49,0.49,0.78,0.55,0.55,0.55,0.83,1.35,1.05,0.6,0.75
12,6,8,0.75,0.05,0.15,0.0,0.0,0.0,0.0,0.0,0.1,0.1,0.1,0.0,0.0,0.0,0.0,0.0,0.15,0.0,0.15,0.15
12,6,9,11.17,0.7,2.0,0.0,2.0,0.0,1.4,0.4,0.39,0.49,0.29,0.59,0.55,0.55,0.28,1.38,0.75,0.75,0.6,0.75
12,6,10,49.54,3.1,7.59,0.8,7.59,0.8,6.19,1.0,2.05,1.76,1.57,1.57,1.1,1.93,1.1,2.48,6.75,6.3,3.15,4.2
12,6,11,81.31,5.08,10.35,1.2,9.98,1.2,6.99,1.2,7.04,2.45,4.5,3.03,5.24,5.24,4.96,2.48,10.35,4.35,6.3,6.0
12,6,12,111.18,6.95,11.25,1.6,9.18,1.6,3.59,2.2,11.15,5.87,7.34,5.67,8.27,6.89,9.1,7.17,11.25,6.3,7.5,8.1
12,6,13,111.63,6.98,12.03,1.6,11.38,1.6,3.59,3.99,11.93,3.13,12.03,2.25,9.38,4.14,9.93,9.93,11.55,4.35,8.85,3.6
12,6,14,89.12,5.57,11.78,1.4,11.78,1.4,2.0,4.59,10.17,1.57,6.07,1.47,9.1,2.48,8.82,8.82,9.9,3.15,5.7,2.1
12,6,15,64.87,4.05,9.98,0.8,9.98,1.8,0.8,1.8,3.72,2.25,4.01,1.47,7.44,2.21,7.17,6.62,7.35,1.95,2.4,3.9
12,6,16,34.23,2.14,4.65,0.4,4.59,0.8,0.4,0.6,0.68,0.98,0.78,1.76,4.41,1.38,4.14,2.76,4.65,0.9,3.3,2.1
12,6,17,9.22,0.58,1.35,0.0,0.4,0.0,0.0,0.2,0.39,0.49,0.49,0.59,0.55,0.83,0.55,0.83,1.35,0.6,1.2,0.75
12,6,18,0.25,0.02,0.15,0.0,0.0,0.0,0.0,0.0,0.0,0.0,0.0,0.1,0.0,0.0,0.0,0.0,0.0,0.0,0.15,0.0
12,7,8,0.45,0.03,0.15,0.0,0.0,0.0,0.0,0.0,0.1,0.1,0.1,0.0,0.0,0.0,0.0,0.0,0.15,0.0,0.0,0.0
12,7,9,8.81,0.55,1.6,0.0,1.2,0.2,0.0,1.6,0.49,0.39,0.39,0.2,0.55,0.83,0.28,0.28,0.75,0.45,0.9,0.3
12,7,10,37.86,2.37,7.99,0.55,7.99,1.8,0.8,7.59,1.86,1.37,1.66,0.68,1.38,1.93,1.1,0.55,5.7,1.2,1.5,0.75
12,7,11,57.03,3.56,10.78,0.28,6.79,1.6,1.0,10.78,4.4,2.25,2.64,0.88,4.96,3.86,4.69,0.28,5.7,3.0,2.7,1.5
12,7,12,82.15,5.13,12.58,0.55,9.98,1.0,1.0,12.58,8.22,5.77,2.25,1.27,8.27,6.34,8.27,0.55,6.75,6.75,1.95,1.2
12,7,13,95.78,5.99,12.78,0.49,11.38,1.8,2.2,12.78,11.45,4.4,5.28,0.49,9.38,6.34,8.0,0.83,10.8,6.3,3.75,0.6
12,7,14,91.36,5.71,11.58,0.39,9.18,0.8,1.0,11.58,10.96,5.97,4.99,0.39,9.1,4.69,9.1,1.1,9.9,3.75,8.25,0.6
12,7,15,69.35,4.33,9.38,0.2,9.38,1.8,0.4,8.39,3.23,2.35,2.15,0.2,7.17,5.79,7.44,1.1,7.2,5.7,6.3,0.75
12,7,16,34.87,2.18,4.39,0.39,4.39,0.6,0.4,2.8,1.08,1.47,1.57,0.39,3.86,2.48,3.58,0.55,3.9,4.35,2.7,0.75
12,7,17,6.93,0.43,1.2,0.0,0.4,0.2,0.0,0.4,0.49,0.49,0.49,0.0,0.83,0.83,0.55,0.0,1.2,0.9,0.15,0.0
12,8,8,0.15,0.01,0.15,0.0,0.0,0.0,0.0,0.0,0.0,0.0,0.0,0.0,0.0,0.0,0.0,0.0,0.0,0.0,0.15,0.0
12,8,9,9.27,0.58,0.9,0.2,0.4,0.4,0.6,0.2,0.49,0.39,0.59,0.59,0.55,0.55,0.83,0.83,0.6,0.9,0.9,0.45
12,8,10,39.96,2.5,5.19,0.2,1.0,5.19,4.59,0.2,1.27,1.76,1.96,2.05,1.1,1.93,1.38,1.93,2.85,4.65,3.0,5.1
12,8,11,71.53,4.47,9.98,0.6,1.0,9.98,6.19,0.6,2.35,2.64,4.7,4.4,5.24,4.96,4.69,3.03,3.45,4.5,9.9,3.9
12,8,12,99.19,6.2,9.58,0.6,1.6,9.58,6.19,0.6,3.13,3.82,7.83,9.39,8.0,8.55,8.82,3.03,3.15,8.55,7.8,9.15
12,8,13,85.53,5.35,9.78,1.2,1.2,9.78,7.39,1.6,1.86,4.6,5.38,4.99,9.65,3.86,7.44,3.03,3.9,7.35,6.3,7.2
12,8,14,98.54,6.16,10.05,0.4,1.2,9.38,8.19,0.4,1.96,3.82,5.97,8.71,8.82,6.62,9.1,8.27,2.4,6.15,7.5,10.05
12,8,15,56.08,3.5,7.17,0.8,0.8,3.99,2.0,1.2,1.96,2.25,3.82,3.52,5.79,4.14,7.17,4.14,1.5,3.15,5.4,5.25
12,8,16,35.88,2.24,4.39,0.4,0.4,2.99,4.39,2.2,1.37,1.27,1.76,1.47,1.38,4.14,3.58,1.93,0.9,1.65,2.25,4.2
12,8,17,8.5,0.53,0.9,0.0,0.0,0.6,0.4,0.2,0.39,0.59,0.49,0.78,0.55,0.55,0.55,0.55,0.45,0.6,0.9,0.9
12,8,18,0.1,0.01,0.1,0.0,0.0,0.0,0.0,0.0,0.0,0.0,0.1,0.0,0.0,0.0,0.0,0.0,0.0,0.0,0.0,0.0
12,9,8,0.43,0.03,0.28,0.0,0.0,0.0,0.0,0.0,0.0,0.0,0.0,0.0,0.0,0.0,0.28,0.0,0.0,0.0,0.15,0.0
12,9,9,9.1,0.57,1.4,0.15,1.4,1.4,0.2,0.2,0.59,0.39,0.59,0.29,0.28,0.83,0.28,0.55,0.75,0.15,0.9,0.3
12,9,10,38.79,2.42,5.55,0.8,4.39,2.6,0.8,2.0,1.76,0.88,1.76,1.86,1.93,2.76,1.1,1.65,5.55,1.05,4.35,4.35
12,9,11,79.19,4.95,10.2,1.1,7.59,5.59,3.99,1.4,6.75,3.62,3.62,3.72,1.1,5.24,4.41,2.76,10.2,6.0,6.9,6.3
12,9,12,96.59,6.04,11.25,1.1,4.79,11.18,3.79,1.6,10.57,2.05,5.18,7.43,1.1,8.55,6.62,3.58,11.25,4.2,5.7,9.0
12,9,13,112.38,7.02,12.13,2.4,6.59,8.39,2.99,2.4,12.13,2.93,9.78,7.63,5.79,4.96,5.24,8.0,11.25,6.0,7.2,11.1
12,9,14,103.17,6.45,11.15,1.0,8.19,9.98,5.39,1.0,11.15,3.82,2.25,6.95,9.1,5.79,3.31,7.44,10.2,6.3,3.0,9.3
12,9,15,67.32,4.21,8.27,1.05,7.79,7.39,1.8,3.39,2.84,2.25,2.45,1.86,8.27,3.31,2.76,5.51,7.95,2.85,1.05,5.85
12,9,16,34.86,2.18,5.19,0.2,5.19,2.2,0.2,1.6,0.78,1.17,1.86,0.49,4.41,1.38,1.65,1.93,4.65,2.55,0.9,3.9
12,9,17,9.02,0.56,1.2,0.2,0.8,0.4,0.2,0.4,0.39,0.49,0.49,0.29,0.55,0.28,0.28,0.55,1.2,1.2,0.45,1.05
12,9,18,0.68,0.04,0.28,0.0,0.0,0.0,0.0,0.0,0.0,0.1,0.0,0.0,0.0,0.0,0.28,0.0,0.15,0.15,0.0,0.0
12,10,8,0.1,0.01,0.1,0.0,0.0,0.0,0.0,0.0,0.1,0.0,0.0,0.0,0.0,0.0,0.0,0.0,0.0,0.0,0.0,0.0
12,10,9,7.52,0.47,0.9,0.0,0.4,0.8,0.0,0.0,0.39,0.39,0.39,0.39,0.28,0.83,0.55,0.55,0.9,0.45,0.6,0.6
12,10,10,35.28,2.2,6.3,0.4,2.2,2.6,0.4,0.6,2.25,2.35,1.27,1.86,1.38,1.38,2.21,1.93,2.85,2.4,3.3,6.3
12,10,11,59.73,3.73,7.39,0.6,7.39,2.8,0.6,0.6,5.48,3.13,1.66,2.15,5.24,4.96,2.76,3.31,7.05,6.3,3.0,3.3
12,10,12,83.59,5.22,11.18,1.4,11.18,1.6,1.4,2.4,9.68,2.64,2.15,3.52,8.27,6.07,5.79,7.44,10.2,5.4,2.7,3.15
12,10,13,85.55,5.35,10.5,0.8,5.39,0.8,4.79,2.8,10.47,1.47,2.54,6.95,9.1,6.62,4.69,9.38,10.5,2.4,2.55,5.1
12,10,14,78.38,4.9,9.29,0.8,4.79,0.8,3.79,2.0,9.29,1.86,2.45,6.75,7.72,7.72,6.62,6.89,9.15,2.25,2.25,4.05
12,10,15,55.39,3.46,7.05,0.8,4.79,0.8,5.79,1.6,4.01,1.66,2.15,2.64,6.34,3.31,3.86,5.24,7.05,1.65,1.95,2.55
12,10,16,28.88,1.8,4.59,0.2,1.6,0.2,4.59,0.6,1.76,1.08,0.98,1.17,3.86,2.48,1.65,2.76,3.0,1.05,0.9,1.2
12,10,17,7.27,0.45,1.2,0.0,0.6,0.0,0.6,0.0,0.49,0.29,0.39,0.29,0.83,0.55,0.55,0.28,1.2,0.45,0.45,0.3
12,11,8,0.1,0.01,0.1,0.0,0.0,0.0,0.0,0.0,0.1,0.0,0.0,0.0,0.0,0.0,0.0,0.0,0.0,0.0,0.0,0.0
12,11,9,7.2,0.45,0.83,0.0,0.6,0.2,0.4,0.0,0.49,0.29,0.39,0.39,0.83,0.83,0.28,0.55,0.75,0.15,0.6,0.45
12,11,10,30.07,1.88,6.0,0.2,3.79,0.2,1.0,0.6,1.96,1.27,1.37,1.96,1.38,2.21,0.83,1.65,4.35,0.45,6.0,1.05
12,11,11,67.12,4.2,10.98,0.6,10.98,0.6,1.8,0.8,4.4,2.93,5.77,3.42,3.31,4.14,4.41,3.86,6.0,0.75,9.75,4.2
12,11,12,94.38,5.9,12.18,0.6,12.18,0.6,2.99,0.8,9.88,3.42,9.88,4.01,2.48,7.72,8.55,7.72,6.3,0.75,10.65,6.45
12,11,13,103.03,6.44,12.98,0.8,12.98,0.8,4.99,1.0,7.34,3.42,11.15,3.23,5.51,10.48,9.65,9.38,7.8,1.2,10.5,3.6
12,11,14,102.4,6.4,10.78,0.6,9.18,0.6,10.78,0.8,9.2,1.66,9.98,2.54,8.82,8.82,8.82,8.55,7.35,1.35,9.9,4.05
12,11,15,75.09,4.69,9.18,0.2,8.78,0.2,9.18,0.8,3.72,1.08,2.74,1.57,7.72,6.07,6.89,5.79,7.8,2.4,7.65,2.7
12,11,16,38.73,2.42,4.69,0.4,3.79,0.4,4.19,0.4,1.47,0.49,0.88,1.27,4.69,2.76,4.14,1.65,4.65,1.05,4.65,2.25
12,11,17,9.82,0.61,1.5,0.0,0.6,0.2,0.6,0.0,0.59,0.2,0.29,0.68,0.83,0.55,0.55,0.83,1.5,0.3,1.35,0.75
12,12,9,8.24,0.52,1.2,0.0,0.0,0.6,1.2,0.0,0.59,0.39,0.29,0.29,0.55,0.55,0.55,0.83,1.05,0.3,0.9,0.15
12,12,10,32.39,2.02,7.39,0.2,0.2,2.8,7.39,0.2,1.57,2.05,1.47,0.59,1.38,1.93,0.83,1.93,2.1,1.2,6.0,0.75
12,12,11,68.7,4.29,10.98,0.2,0.6,3.59,10.98,0.2,4.21,5.97,6.46,0.68,4.41,4.41,4.41,3.58,5.7,2.7,10.2,0.6
12,12,12,95.21,5.95,12.18,0.4,0.8,6.19,12.18,0.4,5.87,9.0,10.37,1.08,8.27,4.96,8.27,6.07,8.7,1.2,11.1,0.75
12,12,13,92.9,5.81,12.78,0.6,1.4,9.38,12.78,0.6,3.62,8.22,11.84,0.98,8.27,4.14,9.38,4.14,3.45,2.4,11.25,1.05
12,12,14,78.16,4.88,11.78,0.3,0.6,8.19,11.78,0.6,4.3,4.79,10.37,0.59,2.76,3.31,8.82,1.65,3.9,6.0,10.2,0.3
12,12,15,65.15,4.07,9.98,0.2,0.4,8.78,9.98,0.2,2.05,3.03,2.45,0.39,6.07,3.86,6.89,1.1,2.4,9.0,7.95,0.6
12,12,16,31.41,1.96,4.8,0.2,0.2,3.99,4.19,0.4,0.68,1.27,0.59,0.29,3.58,1.93,4.14,0.55,1.05,3.45,4.8,0.3
12,12,17,7.13,0.45,1.35,0.0,0.0,0.6,0.8,0.0,0.29,0.59,0.29,0.1,1.1,0.28,0.55,0.28,0.3,0.45,1.35,0.15
12,12,18,0.1,0.01,0.1,0.0,0.0,0.0,0.0,0.0,0.0,0.0,0.1,0.0,0.0,0.0,0.0,0.0,0.0,0.0,0.0,0.0
12,13,8,0.25,0.02,0.15,0.0,0.0,0.0,0.0,0.0,0.0,0.1,0.0,0.0,0.0,0.0,0.0,0.0,0.0,0.0,0.15,0.0
12,13,9,6.64,0.42,1.4,0.0,0.2,0.0,1.4,0.0,0.2,0.39,0.2,0.39,0.55,0.55,0.83,0.28,0.45,0.45,0.45,0.3
12,13,10,30.57,1.91,7.39,0.2,0.2,0.6,7.39,0.4,1.08,1.76,1.47,0.98,1.93,1.65,1.93,0.83,1.95,1.5,6.15,0.75
12,13,11,58.0,3.63,9.9,0.4,1.4,1.4,8.98,0.4,4.7,2.25,6.46,2.54,2.48,1.93,3.86,1.65,5.7,2.25,9.9,2.1
12,13,12,77.31,4.83,11.58,0.6,1.4,1.8,11.58,0.6,8.41,3.52,10.27,1.66,3.31,1.93,6.62,2.21,8.85,4.2,10.05,0.9
12,13,13,69.86,4.37,12.58,1.0,1.0,2.0,12.58,1.0,9.0,2.84,5.48,1.27,3.03,2.76,7.17,1.93,7.5,2.4,8.55,1.35
12,13,14,50.71,3.17,11.78,0.2,1.6,1.8,11.78,0.2,5.28,3.13,2.74,1.47,2.76,2.76,3.03,2.76,2.7,3.45,3.75,1.5
12,13,15,40.26,2.52,9.98,0.2,2.4,2.4,9.98,0.2,2.45,2.15,2.15,1.08,1.93,1.1,2.76,3.86,2.4,2.7,1.5,1.2
12,13,16,24.97,1.56,4.14,0.2,0.4,1.2,3.99,0.2,2.05,1.27,0.78,0.88,1.65,1.1,4.14,2.21,2.1,1.65,0.6,0.75
12,13,17,6.64,0.42,0.78,0.0,0.4,0.2,0.6,0.0,0.78,0.49,0.1,0.49,0.55,0.28,0.55,0.55,0.6,0.3,0.0,0.75
12,14,8,0.4,0.02,0.15,0.0,0.0,0.0,0.0,0.0,0.0,0.0,0.0,0.1,0.0,0.0,0.0,0.0,0.15,0.0,0.0,0.15
12,14,9,9.68,0.6,1.2,0.0,0.0,0.0,1.2,0.6,0.39,0.2,0.88,0.39,0.83,0.83,0.83,0.83,0.45,0.3,0.75,1.2
12,14,10,37.57,2.35,7.59,0.2,0.4,0.2,7.59,2.99,1.66,0.98,2.64,0.39,1.65,1.93,2.48,2.21,5.1,1.35,5.55,0.45
12,14,11,69.32,4.33,11.18,0.3,1.0,0.8,11.18,4.79,6.26,2.64,6.85,0.88,3.03,4.14,4.14,2.76,9.3,2.1,9.15,0.3
12,14,12,88.74,5.55,12.98,1.2,1.2,1.2,12.98,2.2,3.52,4.79,10.17,4.7,3.03,6.89,8.0,2.76,9.15,4.5,11.25,2.4
12,14,13,102.21,6.39,13.58,0.8,1.2,1.6,13.58,0.8,8.22,7.43,10.37,2.64,2.48,7.72,9.65,6.07,10.65,8.25,9.75,1.8
12,14,14,97.31,6.08,12.78,1.38,1.4,1.8,12.78,1.6,5.77,5.97,9.0,5.87,1.38,3.58,7.72,5.79,9.75,12.0,8.55,4.35
12,14,15,68.01,4.25,10.58,1.2,1.2,1.2,10.58,1.4,3.52,2.15,2.74,2.54,1.93,4.69,7.17,5.79,4.35,5.85,7.65,5.25
12,14,16,35.92,2.24,4.41,0.4,0.4,0.4,4.39,2.6,1.17,2.05,0.88,1.17,1.93,2.76,4.41,2.21,1.95,2.7,4.05,2.85
12,14,17,8.36,0.52,1.05,0.0,0.0,0.0,0.8,0.2,0.39,0.59,0.29,0.2,0.83,0.83,0.83,0.55,0.6,0.75,1.05,0.45
12,14,18,0.28,0.02,0.28,0.0,0.0,0.0,0.0,0.0,0.0,0.0,0.0,0.0,0.0,0.0,0.0,0.28,0.0,0.0,0.0,0.0
12,15,8,0.1,0.01,0.1,0.0,0.0,0.0,0.0,0.0,0.0,0.0,0.0,0.1,0.0,0.0,0.0,0.0,0.0,0.0,0.0,0.0
12,15,9,9.97,0.62,1.2,0.0,0.4,0.8,1.2,0.0,0.49,0.29,0.49,0.39,0.83,1.1,0.55,0.28,0.9,0.6,0.9,0.75
12,15,10,50.23,3.14,7.39,0.6,2.99,6.99,7.39,0.6,1.76,1.47,1.57,1.47,1.93,1.65,1.38,1.38,3.9,6.15,5.85,3.75
12,15,11,103.54,6.47,11.18,1.76,4.59,9.38,11.18,6.59,1.76,6.55,6.55,6.26,2.76,4.14,4.14,4.69,9.0,10.2,9.6,6.15
12,15,12,120.84,7.55,12.98,2.21,4.79,3.19,12.98,3.19,3.91,7.83,10.37,6.65,2.21,8.0,7.72,8.0,9.15,10.95,11.1,10.8
12,15,13,112.68,7.04,13.38,1.8,1.8,4.19,13.38,1.8,4.11,7.14,12.03,4.3,2.21,9.1,9.65,7.72,4.65,10.65,10.8,9.15
12,15,14,106.68,6.67,12.78,1.1,1.2,3.19,12.78,5.19,2.35,7.53,10.57,10.37,1.1,6.34,8.27,5.24,3.15,9.75,10.35,9.3
12,15,15,79.56,4.97,10.38,1.0,1.0,3.19,10.38,2.99,1.66,3.42,2.45,3.23,1.93,7.72,6.89,8.0,2.7,8.1,8.1,7.8
12,15,16,42.37,2.65,4.8,0.4,0.4,2.8,4.39,2.8,0.78,1.86,0.78,1.08,1.1,4.41,4.14,3.58,1.2,4.35,4.8,3.9
12,15,17,8.78,0.55,1.5,0.0,0.0,0.2,0.8,0.2,0.2,0.49,0.29,0.49,0.28,0.83,0.55,0.55,0.3,1.05,1.5,1.05
12,16,8,0.53,0.03,0.28,0.0,0.0,0.0,0.0,0.0,0.0,0.0,0.1,0.0,0.28,0.0,0.0,0.0,0.0,0.0,0.15,0.0
12,16,9,5.68,0.36,1.0,0.0,0.0,0.0,1.0,0.0,0.1,0.2,0.39,0.39,0.0,0.55,0.55,0.55,0.15,0.15,0.75,0.9
12,16,10,25.03,1.56,6.39,0.0,0.0,0.0,6.39,1.8,0.59,0.68,1.37,1.86,0.28,0.83,0.83,1.1,0.45,0.75,5.85,2.25
12,16,11,67.06,4.19,10.18,0.2,0.2,0.6,9.58,10.18,1.27,0.88,6.46,5.38,2.76,2.48,3.03,4.14,1.2,1.5,9.9,7.5
12,16,12,87.61,5.48,11.4,0.2,0.2,0.6,11.18,10.98,2.15,2.93,10.37,7.43,4.41,3.03,4.69,7.44,1.95,3.45,11.4,5.4
12,16,13,98.61,6.16,12.78,0.6,0.8,0.6,12.78,9.58,1.96,5.97,12.03,9.0,1.38,2.48,5.51,6.07,2.25,7.5,11.25,9.45
12,16,14,98.16,6.14,11.98,1.1,1.6,1.6,11.98,11.98,1.86,7.53,10.37,9.1,1.1,2.21,7.44,6.34,1.8,4.95,10.2,8.1
12,16,15,67.85,4.24,10.38,0.6,0.6,1.0,10.18,10.38,0.68,3.13,2.54,3.03,1.65,1.38,6.89,5.24,0.9,7.05,7.8,5.4
12,16,16,33.24,2.08,4.65,0.2,0.2,1.4,4.39,2.4,0.39,1.37,0.88,1.86,1.1,0.83,4.41,4.41,0.3,3.15,4.65,1.5
12,16,17,9.19,0.57,1.65,0.0,0.0,0.6,0.6,0.2,0.1,0.59,0.39,0.88,0.55,0.28,0.55,0.55,0.0,1.65,1.5,0.75
12,16,18,0.15,0.01,0.15,0.0,0.0,0.0,0.0,0.0,0.0,0.0,0.0,0.0,0.0,0.0,0.0,0.0,0.0,0.15,0.0,0.0
12,17,9,9.84,0.62,1.2,0.2,1.0,1.0,1.2,0.2,0.39,0.39,0.49,0.59,0.55,0.55,0.28,1.1,0.75,0.3,0.6,0.45
12,17,10,52.14,3.26,6.99,0.83,6.99,6.79,6.79,1.6,2.15,1.37,1.57,1.66,1.1,1.38,0.83,2.21,5.4,3.3,5.4,3.6
12,17,11,106.84,6.68,10.38,3.58,8.19,10.38,9.98,6.59,6.46,6.65,5.97,6.46,4.96,5.24,3.58,3.58,9.45,5.1,9.45,4.8
12,17,12,134.85,8.43,11.38,2.2,7.79,11.38,7.39,2.2,10.27,9.49,9.78,8.02,8.27,9.1,6.89,8.27,9.9,5.7,10.95,9.45
12,17,13,146.61,9.16,12.58,3.59,12.58,11.78,10.18,3.59,9.0,11.25,9.68,10.08,9.38,10.48,5.51,9.65,10.2,5.85,10.35,7.05
12,17,14,138.45,8.65,11.18,5.1,9.78,11.18,10.98,6.99,7.63,10.37,9.78,7.92,9.1,9.93,7.17,8.82,7.8,5.1,7.65,8.25
12,17,15,92.1,5.76,8.4,2.64,6.59,7.39,5.59,6.59,2.84,2.64,3.03,2.93,7.72,7.72,5.79,7.17,8.4,4.2,5.7,7.8
12,17,16,47.53,2.97,4.96,0.78,2.99,2.8,4.59,2.4,1.66,2.05,1.27,0.78,4.96,4.96,2.76,3.86,3.75,2.7,1.8,4.2
12,17,17,10.77,0.67,1.35,0.29,0.6,0.6,0.8,0.6,0.49,0.59,0.59,0.29,0.55,0.83,0.83,0.55,0.45,0.9,0.75,1.35
12,17,18,0.25,0.02,0.15,0.0,0.0,0.0,0.0,0.0,0.0,0.0,0.0,0.1,0.0,0.0,0.0,0.0,0.0,0.0,0.0,0.15
12,18,9,8.99,0.56,1.5,0.0,0.4,0.8,0.2,1.0,0.2,0.49,0.39,0.2,0.83,0.55,0.83,0.55,0.0,1.5,0.6,0.45
12,18,10,30.07,1.88,5.99,0.39,1.2,5.99,2.8,2.6,0.39,0.68,1.47,0.88,1.93,1.38,1.1,1.1,0.6,3.6,3.0,1.35
12,18,11,71.03,4.44,9.98,0.98,2.0,6.39,8.98,9.98,0.98,1.27,5.87,2.15,1.65,4.69,3.86,3.86,1.35,5.25,9.6,3.15
12,18,12,92.73,5.8,10.65,1.08,2.4,8.39,8.98,10.38,1.08,2.74,9.78,2.35,1.38,8.0,8.0,8.55,1.2,7.05,10.65,1.8
12,18,13,92.34,5.77,11.78,1.08,3.39,5.99,3.99,11.78,1.08,2.74,11.35,2.45,2.48,6.34,9.38,8.27,1.95,8.85,10.8,1.5
12,18,14,80.67,5.04,11.78,0.68,4.19,4.19,7.99,11.78,0.68,2.64,9.49,1.47,1.93,7.17,8.55,4.69,1.5,3.45,9.6,1.35
12,18,15,74.15,4.63,9.98,0.78,2.8,7.19,8.98,9.98,0.78,2.84,3.23,1.47,1.65,6.34,7.17,7.17,1.2,4.35,7.8,1.2
12,18,16,33.56,2.1,4.8,0.39,0.8,2.6,3.39,3.39,0.39,1.57,1.66,0.78,0.83,4.41,3.86,1.93,0.45,1.65,4.8,1.05
12,18,17,8.22,0.51,1.5,0.1,0.2,0.6,0.6,0.6,0.1,0.2,0.98,0.2,0.28,0.83,0.83,0.55,0.3,0.15,1.5,0.3
12,18,18,0.38,0.02,0.28,0.0,0.0,0.0,0.0,0.0,0.0,0.1,0.0,0.0,0.28,0.0,0.0,0.0,0.0,0.0,0.0,0.0
12,19,8,0.35,0.02,0.15,0.0,0.0,0.0,0.0,0.0,0.0,0.0,0.1,0.1,0.0,0.0,0.0,0.0,0.0,0.0,0.15,0.0
12,19,9,6.26,0.39,0.9,0.0,0.0,0.2,0.6,0.6,0.1,0.1,0.59,0.78,0.28,0.0,0.83,0.83,0.15,0.15,0.9,0.15
12,19,10,24.43,1.53,5.7,0.2,0.2,0.4,4.39,1.0,0.59,0.98,1.27,1.96,0.83,0.55,1.38,2.48,0.6,0.75,5.7,1.35
12,19,11,49.12,3.07,9.75,0.2,0.4,1.8,9.18,0.8,0.2,3.23,6.07,2.64,1.93,0.83,3.86,3.03,0.45,3.9,9.75,1.05
12,19,12,66.57,4.16,11.98,0.15,0.6,5.59,11.98,2.4,0.2,3.03,9.78,2.45,1.38,1.38,7.72,5.51,0.15,3.0,10.5,0.9
12,19,13,78.67,4.92,11.98,0.2,0.2,7.19,11.98,3.59,0.59,8.12,9.59,1.96,3.03,1.65,9.1,6.07,0.45,4.65,9.75,0.75
12,19,14,74.05,4.63,11.98,0.2,0.2,4.79,11.98,2.8,0.39,7.14,9.1,1.86,2.48,1.1,8.55,5.51,0.75,7.35,8.7,1.35
12,19,15,48.9,3.06,9.78,0.2,0.4,6.19,9.78,2.8,0.2,3.52,3.33,1.17,1.1,1.38,6.07,2.76,0.3,2.4,6.3,1.2
12,19,16,23.25,1.45,3.99,0.2,0.4,1.0,3.99,1.6,0.2,1.86,2.25,0.29,0.83,0.55,3.03,1.1,0.3,3.15,2.4,0.3
12,19,17,5.41,0.34,0.78,0.0,0.0,0.6,0.6,0.0,0.0,0.78,0.49,0.2,0.28,0.28,0.55,0.28,0.0,0.75,0.6,0.0
12,19,18,0.15,0.01,0.15,0.0,0.0,0.0,0.0,0.0,0.0,0.0,0.0,0.0,0.0,0.0,0.0,0.0,0.0,0.0,0.15,0.0
12,20,9,4.17,0.26,0.9,0.0,0.0,0.4,0.0,0.2,0.0,0.39,0.0,0.2,0.0,0.55,0.55,0.83,0.0,0.9,0.0,0.15
12,20,10,16.78,1.05,3.6,0.1,0.2,3.19,0.6,0.2,0.49,1.96,0.1,1.37,0.28,1.38,1.38,0.83,0.6,3.6,0.15,0.45
12,20,11,36.5,2.28,7.59,0.29,0.4,7.59,0.8,0.6,0.49,5.87,0.29,2.54,0.83,4.69,1.1,1.1,0.6,7.05,0.6,1.95
12,20,12,61.12,3.82,10.5,0.4,0.4,8.19,0.8,1.2,0.59,9.1,0.59,6.26,0.83,8.55,5.51,1.1,0.6,10.5,0.9,6.0
12,20,13,63.38,3.96,10.95,0.0,0.0,5.99,1.2,2.99,1.37,3.91,0.39,3.52,0.83,9.93,5.79,3.31,1.8,10.95,0.6,10.8
12,20,14,66.08,4.13,11.25,0.4,0.4,8.98,1.0,1.2,1.47,5.18,0.88,6.75,1.1,9.1,4.14,2.48,1.2,10.2,0.75,11.25
12,20,15,43.52,2.72,7.95,0.0,0.0,2.8,0.8,2.8,1.17,2.93,2.74,2.93,1.1,7.44,2.48,1.93,1.05,7.95,1.95,3.45
12,20,16,24.09,1.51,4.69,0.0,0.0,1.8,0.4,2.6,0.39,2.35,0.68,1.27,0.55,4.69,1.38,1.38,0.15,4.05,0.9,1.5
12,20,17,7.4,0.46,1.65,0.0,0.0,0.0,0.0,0.8,0.1,0.68,0.0,0.88,0.28,0.83,0.28,0.55,0.15,1.05,0.15,1.65
12,20,18,0.1,0.01,0.1,0.0,0.0,0.0,0.0,0.0,0.0,0.0,0.0,0.1,0.0,0.0,0.0,0.0,0.0,0.0,0.0,0.0
12,21,9,6.26,0.39,0.9,0.0,0.2,0.2,0.6,0.2,0.29,0.39,0.1,0.39,0.28,0.55,0.28,0.83,0.0,0.9,0.6,0.45
12,21,10,19.89,1.24,4.65,0.2,0.2,0.6,2.6,0.2,1.27,0.68,0.29,1.27,0.55,1.1,1.65,1.38,0.45,1.05,4.65,1.95
12,21,11,41.61,2.6,5.79,0.8,2.2,1.0,5.79,0.8,2.05,1.17,0.98,3.72,1.1,4.69,1.65,3.86,1.8,1.95,5.25,3.6
12,21,12,48.86,3.05,8.27,0.8,0.8,1.2,6.19,0.8,3.13,1.27,1.47,2.84,1.1,8.27,1.93,4.41,1.65,3.3,3.45,7.05
12,21,13,51.12,3.2,9.65,0.59,2.0,1.0,0.6,1.2,4.11,2.45,0.59,1.96,0.83,9.65,3.31,8.27,3.45,3.15,0.9,7.65
12,21,14,57.22,3.58,8.82,0.8,5.99,1.0,1.8,0.8,2.25,1.96,1.08,1.76,1.1,8.82,6.07,6.89,1.8,7.95,1.2,6.75
12,21,15,40.92,2.56,7.44,0.4,2.2,1.0,1.2,0.4,2.64,1.08,0.49,2.93,2.48,7.44,1.1,5.51,3.6,1.65,0.9,6.3
12,21,16,24.4,1.52,4.96,0.0,0.6,0.6,0.4,0.8,1.96,0.59,0.78,1.47,1.93,4.96,0.0,2.21,3.15,1.2,1.65,2.1
12,21,17,7.42,0.46,1.38,0.0,0.2,0.0,0.4,0.2,0.49,0.39,0.2,0.68,1.38,0.83,0.0,0.55,0.45,0.45,0.45,0.75
12,21,18,0.1,0.01,0.1,0.0,0.0,0.0,0.0,0.0,0.1,0.0,0.0,0.0,0.0,0.0,0.0,0.0,0.0,0.0,0.0,0.0
12,22,9,7.5,0.47,1.1,0.0,0.0,0.8,0.8,0.0,0.39,0.39,0.1,0.29,0.55,0.28,1.1,0.55,0.75,1.05,0.3,0.15
12,22,10,28.72,1.8,6.59,0.3,0.4,4.59,6.59,0.4,1.47,1.57,0.39,0.98,1.1,1.1,1.65,0.83,1.65,5.25,0.3,0.45
12,22,11,65.41,4.09,10.38,0.8,1.0,8.78,10.38,0.8,6.16,4.89,0.98,2.15,4.69,4.69,0.83,3.86,3.6,9.9,1.35,1.35
12,22,12,101.05,6.32,11.38,1.08,4.19,10.18,11.38,1.2,9.59,10.27,1.08,3.13,7.72,8.55,4.14,7.72,4.8,11.1,4.35,1.65
12,22,13,115.13,7.2,12.18,0.78,6.39,12.18,12.18,1.6,9.49,11.93,0.78,3.23,9.1,8.82,8.0,9.38,5.4,11.25,3.3,2.1
12,22,14,101.39,6.34,11.78,1.76,8.39,11.38,11.78,2.0,2.93,10.66,1.76,2.84,8.82,3.86,7.72,8.55,2.7,10.2,5.55,2.25
12,22,15,67.63,4.23,9.58,0.75,4.39,9.58,9.58,1.4,1.37,2.74,1.57,1.27,8.27,6.89,1.38,6.89,0.75,7.8,2.7,1.05
12,22,16,36.89,2.31,4.79,0.4,3.99,4.79,4.39,0.4,1.76,1.57,0.88,0.68,4.41,3.03,0.83,3.86,1.05,3.6,1.2,0.45
12,22,17,8.39,0.52,1.2,0.0,0.6,0.6,0.4,0.0,0.78,0.78,0.29,0.2,0.83,0.83,0.0,0.83,0.45,1.2,0.45,0.15
12,23,9,5.6,0.35,0.9,0.0,0.8,0.2,0.0,0.2,0.29,0.49,0.29,0.29,0.55,0.28,0.28,0.28,0.3,0.9,0.15,0.3
12,23,10,25.3,1.58,5.99,0.2,5.99,0.2,0.4,1.6,0.98,0.98,0.88,0.88,0.83,2.48,1.93,1.1,0.9,4.35,0.9,0.9
12,23,11,47.72,2.98,8.19,0.6,8.19,0.6,1.2,4.99,1.57,1.76,1.86,1.57,3.03,4.14,2.48,3.58,2.1,6.75,2.25,1.65
12,23,12,72.73,4.55,9.45,0.4,5.39,0.4,1.0,7.19,1.57,3.13,5.18,4.01,4.41,8.55,3.31,7.44,2.4,9.45,5.7,3.6
12,23,13,79.95,5.0,8.55,0.8,6.79,0.8,1.6,7.99,1.47,1.57,6.36,5.48,7.17,8.55,3.03,6.34,5.55,6.45,6.6,4.2
12,23,14,62.73,3.92,8.55,0.8,7.59,0.8,1.0,4.59,1.27,1.08,4.6,4.01,5.79,7.72,1.93,8.55,3.9,2.55,4.35,3.0
12,23,15,50.6,3.16,8.0,0.6,2.8,0.6,1.2,4.39,2.05,2.15,3.23,3.62,8.0,2.76,1.38,7.17,2.85,1.05,4.2,3.15
12,23,16,29.76,1.86,4.96,0.2,0.8,0.2,1.2,1.4,2.15,0.78,1.96,1.96,4.96,0.83,0.83,4.14,1.95,0.9,2.1,3.6
12,23,17,8.95,0.56,1.2,0.0,0.0,0.0,0.2,0.8,0.49,0.29,0.78,0.78,1.1,0.28,0.55,0.83,0.75,0.15,0.75,1.2
12,23,18,0.25,0.02,0.15,0.0,0.0,0.0,0.0,0.0,0.1,0.0,0.0,0.0,0.0,0.0,0.0,0.0,0.0,0.0,0.0,0.15
12,24,8,0.1,0.01,0.1,0.0,0.0,0.0,0.0,0.0,0.0,0.1,0.0,0.0,0.0,0.0,0.0,0.0,0.0,0.0,0.0,0.0
12,24,9,7.87,0.49,0.9,0.2,0.6,0.8,0.4,0.2,0.59,0.49,0.29,0.29,0.28,0.55,0.28,0.55,0.9,0.75,0.45,0.45
12,24,10,52.57,3.29,6.99,0.83,6.19,6.99,4.99,5.79,1.76,1.76,1.66,1.57,1.1,1.65,1.93,0.83,4.8,5.25,1.35,4.95
12,24,11,97.72,6.11,11.18,1.66,9.38,11.18,9.38,10.18,5.67,3.62,1.66,4.89,4.41,4.41,3.31,2.48,7.95,6.15,5.25,7.8
12,24,12,129.38,8.09,12.78,2.74,11.58,12.78,3.99,9.58,9.88,10.66,2.74,9.49,8.0,8.55,6.62,3.86,9.0,8.4,5.85,8.4
12,24,13,123.71,7.73,12.78,1.76,10.78,12.78,5.39,2.4,10.08,8.61,1.76,9.29,9.38,9.93,8.55,3.86,11.4,9.15,2.25,8.1
12,24,14,98.47,6.15,12.78,0.6,8.19,12.78,3.19,2.0,8.41,8.02,2.45,3.62,9.65,8.82,4.96,1.93,9.9,7.65,0.6,6.3
12,24,15,82.93,5.18,10.78,1.2,7.39,10.78,1.2,2.8,2.93,3.33,3.13,2.05,8.0,6.62,7.44,3.86,6.15,9.0,3.6,4.65
12,24,16,46.92,2.93,5.39,0.88,3.99,5.39,2.2,1.0,1.17,2.05,1.66,0.88,5.24,3.58,3.58,1.93,4.35,4.5,3.75,1.65
12,24,17,12.05,0.75,1.5,0.0,0.8,0.8,0.0,0.2,0.59,0.88,0.68,0.29,0.83,1.1,0.83,0.55,1.35,1.5,0.6,1.05
12,24,18,0.35,0.02,0.15,0.0,0.0,0.0,0.0,0.0,0.1,0.1,0.0,0.0,0.0,0.0,0.0,0.0,0.0,0.0,0.0,0.15
12,25,8,0.28,0.02,0.28,0.0,0.0,0.0,0.0,0.0,0.0,0.0,0.0,0.0,0.0,0.0,0.0,0.28,0.0,0.0,0.0,0.0
12,25,9,5.91,0.37,1.1,0.0,0.4,0.8,0.2,0.0,0.29,0.29,0.29,0.2,0.28,1.1,0.28,0.28,0.45,0.6,0.3,0.15
12,25,10,34.97,2.19,6.79,0.2,2.0,6.79,4.79,0.2,1.66,1.27,0.78,0.39,1.1,2.21,0.83,1.1,5.4,4.95,0.9,0.6
12,25,11,71.65,4.48,11.38,0.2,3.19,11.38,8.78,0.2,4.7,6.65,1.27,0.2,3.58,4.69,1.38,3.58,8.55,10.5,2.7,0.3
12,25,12,101.51,6.34,13.18,0.6,8.58,13.18,8.39,0.8,5.28,10.57,1.57,1.47,5.79,6.07,7.17,7.44,8.55,12.0,4.05,0.6
12,25,13,111.03,6.94,13.98,0.2,9.38,13.98,11.38,0.2,6.65,11.64,1.86,0.78,8.55,6.34,8.27,9.65,6.45,11.7,3.45,0.75
12,25,14,98.99,6.19,13.18,0.6,5.79,13.18,5.59,0.6,7.73,9.1,2.25,1.17,8.27,6.34,7.17,8.55,7.8,10.8,3.15,1.5
12,25,15,70.18,4.39,11.38,0.78,3.79,11.38,2.0,0.8,4.11,3.52,2.74,0.78,5.51,6.62,5.24,6.89,5.25,6.9,3.6,1.05
12,25,16,39.15,2.45,5.39,0.4,1.8,5.39,1.4,0.4,2.64,1.08,0.98,0.49,3.58,4.14,4.69,3.86,3.45,4.2,0.6,0.45
12,25,17,10.08,0.63,1.2,0.0,0.6,1.2,0.0,0.2,0.68,0.49,0.88,0.29,0.83,0.55,0.83,0.83,0.9,1.2,0.45,0.15
12,25,18,0.25,0.02,0.15,0.0,0.0,0.0,0.0,0.0,0.1,0.0,0.0,0.0,0.0,0.0,0.0,0.0,0.0,0.15,0.0,0.0
12,26,9,7.8,0.49,0.9,0.15,0.8,0.8,0.2,0.2,0.29,0.2,0.39,0.49,0.55,0.55,0.83,0.55,0.45,0.45,0.15,0.9
12,26,10,34.59,2.16,6.79,0.2,5.19,6.79,0.2,0.8,1.66,1.08,0.98,0.88,2.21,1.1,1.65,1.1,2.4,5.85,0.6,2.1
12,26,11,68.64,4.29,11.18,0.2,10.38,11.18,0.2,1.2,2.84,6.95,1.96,0.59,5.24,4.96,2.76,3.58,3.0,10.8,1.95,1.05
12,26,12,94.9,5.93,13.18,0.2,12.38,13.18,0.2,2.99,2.93,11.25,1.86,3.42,7.44,9.1,2.48,7.72,3.0,12.3,2.25,2.4
12,26,13,104.64,6.54,13.98,0.2,11.58,13.98,0.2,2.0,4.99,13.11,1.96,3.13,7.72,11.03,2.76,9.38,4.05,12.45,2.4,3.9
12,26,14,110.4,6.9,13.18,0.4,11.78,13.18,0.4,2.4,9.39,11.93,2.25,3.52,7.17,10.2,3.86,8.82,5.7,11.4,3.0,5.4
12,26,15,81.49,5.09,11.18,0.2,10.18,11.18,0.2,3.79,3.13,3.13,1.47,1.96,6.07,8.55,4.41,7.17,6.3,9.0,1.8,3.15
12,26,16,46.24,2.89,5.79,0.2,4.59,5.79,0.2,2.99,1.76,0.59,0.88,1.27,3.31,5.51,2.76,4.14,4.2,5.7,0.9,1.65
12,26,17,12.39,0.77,1.95,0.0,0.6,1.0,0.0,0.8,0.78,0.29,0.39,0.59,1.1,0.83,0.83,0.83,1.65,1.95,0.15,0.6
12,26,18,0.3,0.02,0.15,0.0,0.0,0.0,0.0,0.0,0.0,0.0,0.0,0.0,0.0,0.0,0.0,0.0,0.0,0.15,0.0,0.15
12,27,8,0.28,0.02,0.28,0.0,0.0,0.0,0.0,0.0,0.0,0.0,0.0,0.0,0.0,0.28,0.0,0.0,0.0,0.0,0.0,0.0
12,27,9,6.48,0.4,1.0,0.0,1.0,1.0,0.0,0.2,0.29,0.29,0.39,0.39,0.28,0.28,0.28,0.28,0.6,0.6,0.3,0.3
12,27,10,32.96,2.06,5.59,0.6,3.39,5.59,0.6,1.6,0.98,1.17,0.98,1.66,0.83,1.1,1.93,0.83,2.1,5.55,3.0,1.65
12,27,11,81.25,5.08,10.05,1.8,9.78,6.79,1.8,2.8,4.11,6.55,4.01,2.25,4.41,4.96,4.41,3.58,6.0,10.05,4.95,4.8
12,27,12,133.01,8.31,12.58,2.99,12.58,8.78,2.99,7.59,11.15,9.1,8.51,4.21,7.72,9.1,4.41,7.72,10.95,11.25,6.6,10.35
12,27,13,137.48,8.59,13.38,2.99,13.38,2.99,5.39,5.39,11.93,12.03,5.87,4.5,9.38,10.75,6.89,9.38,11.4,11.55,6.0,10.65
12,27,14,131.51,8.22,12.78,0.4,12.78,0.4,4.99,9.38,10.96,10.86,3.03,9.68,9.38,9.93,7.72,9.1,10.35,10.35,2.85,9.75
12,27,15,91.08,5.69,10.78,1.0,10.78,1.0,6.79,7.99,3.13,3.72,2.64,3.13,7.72,8.0,2.76,7.17,8.4,6.75,3.3,7.8
12,27,16,50.65,3.17,5.51,0.0,5.39,0.0,4.79,4.39,0.68,1.86,1.47,0.98,5.24,5.51,1.65,4.14,5.1,2.7,2.1,4.65
12,27,17,12.27,0.77,1.65,0.0,0.8,0.0,1.0,0.6,0.39,0.59,0.59,0.49,0.83,1.1,0.55,0.83,1.65,0.6,0.75,1.5
12,27,18,0.5,0.03,0.15,0.0,0.0,0.0,0.0,0.0,0.1,0.0,0.0,0.1,0.0,0.0,0.0,0.0,0.15,0.0,0.0,0.15
12,28,9,6.46,0.4,0.83,0.0,0.8,0.6,0.0,0.4,0.29,0.49,0.2,0.39,0.28,0.55,0.83,0.28,0.45,0.45,0.3,0.15
12,28,10,38.25,2.39,6.79,0.6,6.79,5.99,0.8,4.39,0.98,1.47,0.78,1.57,1.1,1.65,1.1,0.83,5.25,3.45,0.6,1.5
12,28,11,78.32,4.9,11.18,1.5,11.18,7.99,2.6,7.99,6.55,3.03,2.25,2.45,4.41,2.48,2.21,3.58,10.2,7.2,1.5,2.7
12,28,12,101.1,6.32,12.78,2.35,12.78,5.39,4.59,7.59,10.57,4.89,3.62,2.35,7.72,2.48,8.0,7.72,11.4,5.7,2.4,3.9
12,28,13,105.35,6.58,13.18,2.4,13.18,2.8,2.4,4.39,12.13,4.4,4.01,2.64,9.38,3.58,6.34,9.65,11.55,8.1,3.15,7.65
12,28,14,105.23,6.58,12.38,2.25,12.38,9.38,4.79,2.6,11.25,7.92,2.45,2.35,9.65,4.14,7.17,9.1,10.65,5.4,2.25,3.75
12,28,15,78.84,4.93,10.58,1.5,10.58,2.2,3.19,2.0,3.23,3.13,2.35,3.42,8.0,3.03,7.44,7.17,8.4,7.05,1.5,6.15
12,28,16,44.83,2.8,5.59,0.59,5.59,3.19,2.2,0.8,0.59,1.27,1.76,1.76,5.24,2.21,4.41,4.41,5.25,2.85,1.05,2.25
12,28,17,11.87,0.74,1.8,0.0,0.4,0.6,0.6,0.0,0.39,0.88,0.68,0.68,0.83,0.83,1.1,0.83,1.8,0.75,0.75,0.75
12,28,18,0.68,0.04,0.28,0.0,0.0,0.0,0.0,0.0,0.0,0.0,0.1,0.0,0.0,0.0,0.28,0.0,0.15,0.0,0.0,0.15
12,29,8,0.28,0.02,0.28,0.0,0.0,0.0,0.0,0.0,0.0,0.0,0.0,0.0,0.28,0.0,0.0,0.0,0.0,0.0,0.0,0.0
12,29,9,6.95,0.43,0.83,0.0,0.8,0.6,0.0,0.2,0.29,0.49,0.29,0.39,0.28,0.55,0.28,0.83,0.45,0.45,0.45,0.6
12,29,10,31.05,1.94,6.79,0.2,6.79,2.0,0.2,0.6,1.08,1.27,1.27,1.27,0.83,1.38,0.83,1.38,5.25,2.85,1.95,2.1
12,29,11,79.9,4.99,10.78,0.8,10.78,9.18,1.2,0.8,6.65,3.62,3.62,1.86,4.41,3.31,3.86,3.31,10.2,6.3,6.6,4.2
12,29,12,109.35,6.83,12.18,1.2,12.18,11.18,1.8,1.2,10.57,4.5,3.42,3.91,8.0,6.07,8.0,7.17,11.4,5.55,9.0,5.4
12,29,13,129.06,8.07,12.98,1.0,12.98,10.18,2.6,1.0,12.13,10.17,2.25,5.58,9.65,6.89,9.65,9.38,11.55,8.4,11.4,5.25
12,29,14,122.16,7.64,12.38,1.4,12.38,6.79,3.19,1.4,11.25,9.49,4.89,4.11,9.38,5.51,9.1,8.82,10.65,9.6,9.75,5.85
12,29,15,86.09,5.38,10.18,0.8,10.18,4.19,3.39,0.8,3.33,2.05,2.64,2.84,8.27,6.34,7.44,7.17,8.4,7.35,8.25,3.45
12,29,16,51.82,3.24,5.7,0.6,5.59,2.8,1.2,0.6,0.68,2.15,1.86,1.47,5.24,4.41,4.41,3.86,5.4,5.7,4.8,1.65
12,29,17,15.11,0.94,2.25,0.0,0.8,0.8,0.6,0.0,0.39,0.59,0.39,0.78,1.1,0.83,1.1,0.83,1.8,2.25,1.8,1.05
12,29,18,0.5,0.03,0.15,0.0,0.0,0.0,0.0,0.0,0.1,0.1,0.0,0.0,0.0,0.0,0.0,0.0,0.15,0.15,0.0,0.0
12,30,8,0.28,0.02,0.28,0.0,0.0,0.0,0.0,0.0,0.0,0.0,0.0,0.0,0.0,0.0,0.0,0.28,0.0,0.0,0.0,0.0
12,30,9,6.77,0.42,0.8,0.0,0.8,0.8,0.8,0.0,0.2,0.49,0.1,0.39,0.28,0.28,0.28,0.55,0.45,0.75,0.15,0.45
12,30,10,42.49,2.66,6.79,0.2,6.79,6.39,6.79,0.2,1.08,1.76,0.68,1.57,1.1,1.1,1.1,1.93,5.4,3.15,0.6,2.85
12,30,11,90.13,5.63,10.78,0.8,10.58,10.38,10.78,0.8,6.55,6.36,1.57,2.45,4.41,4.96,2.48,3.31,10.05,9.75,1.35,4.35
12,30,12,117.89,7.37,12.38,0.4,12.18,10.98,12.38,0.4,10.57,10.37,1.96,3.13,8.0,9.1,2.76,4.41,11.55,11.25,2.85,6.0
12,30,13,127.29,7.96,12.98,1.0,12.98,10.78,12.98,1.0,12.03,6.46,2.35,4.01,9.38,10.75,2.48,5.79,11.7,8.25,9.9,6.45
12,30,14,108.91,6.81,12.38,1.2,12.38,3.39,12.38,1.2,11.25,3.42,2.54,3.42,9.65,9.93,3.03,8.27,10.65,3.45,9.75,4.2
12,30,15,93.56,5.85,10.58,0.6,10.58,3.79,10.58,0.6,3.52,4.21,3.52,2.64,8.0,8.27,5.51,7.44,8.7,4.65,7.8,3.75
12,30,16,57.12,3.57,5.79,0.4,5.59,2.0,5.79,0.4,0.78,2.15,2.05,1.86,5.51,5.51,4.69,4.14,5.4,3.3,5.1,2.85
12,30,17,14.75,0.92,1.95,0.2,0.8,0.4,0.8,0.2,0.39,0.68,0.49,0.68,1.1,1.1,0.83,0.83,1.95,1.2,1.8,1.5
12,30,18,0.63,0.04,0.28,0.0,0.0,0.0,0.0,0.0,0.1,0.1,0.0,0.0,0.0,0.28,0.0,0.0,0.15,0.0,0.0,0.0
12,31,9,7.52,0.47,0.8,0.0,0.8,0.2,0.8,0.6,0.49,0.68,0.39,0.1,0.28,0.28,0.55,0.55,0.0,0.75,0.6,0.45
12,31,10,37.29,2.33,6.59,0.4,6.59,0.4,5.99,3.19,1.47,1.66,1.27,0.88,0.83,1.1,0.83,1.38,0.75,3.0,4.65,3.3
12,31,11,77.2,4.82,10.18,0.8,10.18,0.8,8.39,3.19,2.93,6.07,5.38,1.47,4.41,4.69,3.58,3.31,1.2,10.05,9.6,1.95
12,31,12,102.02,6.38,11.58,0.8,11.18,0.8,11.58,3.59,2.45,8.22,8.8,2.05,8.27,8.82,8.27,7.44,1.95,7.05,10.05,1.5
12,31,13,110.01,6.88,12.18,0.8,12.18,0.8,11.98,2.2,4.01,7.43,11.35,3.23,9.38,8.0,9.65,9.1,2.25,4.95,11.1,2.4
12,31,14,113.68,7.1,11.78,1.4,11.78,9.58,11.38,1.4,6.75,4.7,10.08,2.93,9.65,4.96,8.82,8.55,2.85,9.15,9.45,1.65
12,31,15,82.44,5.15,9.98,0.6,9.98,0.6,9.78,0.8,4.01,3.23,3.91,3.23,8.27,1.93,7.44,4.96,7.8,7.35,7.35,1.8
12,31,16,47.93,3.0,5.79,0.2,5.79,0.8,5.59,0.2,1.27,2.25,1.76,2.15,5.51,3.86,4.69,2.21,5.25,1.65,3.45,1.5
12,31,17,11.66,0.73,1.8,0.2,0.6,0.2,0.8,0.2,0.59,0.59,0.88,0.59,1.1,0.83,0.83,0.55,1.8,0.45,1.05,0.6
12,31,18,0.48,0.03,0.28,0.0,0.0,0.0,0.0,0.0,0.1,0.1,0.0,0.0,0.0,0.28,0.0,0.0,0.0,0.0,0.0,0.0